trading_day,contract,score_v2,vbp_imbalance,open,close
2025-12-17,H26,-8,-0.564224,25422.5,25400.0
2025-12-18,H26,-6,-0.772303,25278.75,25270.25
2025-12-22,H26,-7,-0.506942,25780.75,25706.5
2026-01-05,H26,-7,-0.844601,25642.5,25588.5
2026-01-08,H26,-8,-0.241331,25786.5,25706.0
2026-01-15,H26,-5,-0.511924,25925.0,25888.75
2026-01-21,H26,-6,-0.259412,25196.5,25163.0
2026-01-22,H26,-9,-0.333606,25729.0,25666.5
2026-01-23,H26,-5,-0.802518,25608.0,25591.75
2026-01-27,H26,-6,-0.793903,25982.75,25961.75
2026-01-29,H26,-6,-0.65788,26133.5,26097.25
2026-02-03,H26,-5,-0.029144,25934.75,25875.25
2026-02-11,H26,-6,-0.813482,25418.5,25385.25
2026-02-18,H26,-6,-0.471859,24809.5,24767.75
2026-02-24,H26,-5,-0.07466,24805.0,24739.0
2026-02-26,H26,-7,-0.21623,25342.0,25271.75
2026-03-27,M26,-7,-0.385654,23654.5,23564.0
2026-03-30,M26,-6,-0.714987,23508.75,23463.75
2026-04-07,M26,-7,-0.380328,24243.5,24220.75
2026-04-09,M26,-7,-0.667477,25081.0,25028.0
2026-04-22,M26,-7,-0.41297,26881.0,26824.75
2026-04-27,M26,-7,-0.497537,27410.75,27369.0
2026-04-30,M26,-8,-0.401337,27489.75,27345.25
2026-05-18,M26,-5,-0.532795,29338.5,29288.25
2026-05-26,M26,-7,-0.72972,29902.0,29852.75
2026-05-27,M26,-6,-0.012362,30187.5,30140.75
2026-05-29,M26,-5,-0.897001,30383.0,30375.0
2026-06-02,M26,-8,-0.277285,30557.0,30476.75
2026-06-03,M26,-6,-0.980843,30754.75,30714.25
2026-06-08,M26,-7,-0.860368,29526.0,29417.5
2026-06-09,M26,-7,-0.227781,29737.0,29649.75
2026-06-10,M26,-7,-0.943786,28853.0,28780.25
2026-06-11,M26,-7,-0.358151,28752.5,28686.5
2026-06-18,U26,-8,-0.802222,30594.5,30486.0
2026-06-25,U26,-7,-0.333068,30153.25,30057.75
2026-07-01,U26,-8,-0.690181,30235.75,30117.5
2026-07-07,U26,-7,-0.793934,29593.0,29532.5
2026-07-13,U26,-7,-0.493283,29710.0,29644.75
2026-07-14,U26,-8,-0.274942,29811.0,29694.5
2026-07-16,U26,-6,-0.94826,29466.0,29433.5
2026-07-17,U26,-6,-0.82075,28607.75,28553.25
2026-07-21,U26,-7,-0.461546,29222.5,29147.25
2026-07-28,U26,-5,-0.525227,27948.75,27877.0
2026-08-10,U26,-7,-0.909454,29805.5,29740.75
2026-08-11,U26,-8,-0.335205,29839.25,29737.5
2026-08-12,U26,-8,-0.443299,29991.25,29878.5
2026-08-14,U26,-5,-0.843128,30241.75,30206.25
2026-08-17,U26,-5,-0.817748,30219.25,30196.5
2026-08-19,U26,-5,-0.435983,29696.0,29673.0
2026-08-21,U26,-8,-0.72187,29469.5,29362.25
