trading_day,contract,m5_bar,b0,b1,time,t_start,t_end,open,high,low,close,vol,delta,poc,val,vah,vwap,body,close_loc,vs_poc,vs_va,vs_vwap,hvn_shape,volume,delta_vote,marubozu,prev_close,prev_break,prev_delta,prev_volume,prev_poc,prev_body,vbp_zone_weight,w_long,w_short,w_body_fight,vbp_imbalance,vbp_is_doji,vol_lower_wick,vol_upper_wick,vol_near_close,vol_body_fight,score9,score15,score,cum_score,score_v2,or5_red,f3_0
2025-06-17,U25,1,1,20,08:30,2025-06-17 08:30:00,2025-06-17 08:35:00,22064.0,22110.0,22055.5,22084.0,9429.0,61.0,22081.5,22076.75,22099.5,22089.2349,1,0,1,0,-1,0,0,1,0,0,0,0,0,0,0,-1,5607.0,18014.0,1378.0,-0.525253,0,477.0,5689.0,1885.0,1378.0,2,2,1,1,1,False,False
2025-06-18,U25,1,1,20,08:30,2025-06-18 08:30:00,2025-06-18 08:35:00,21993.0,21995.5,21926.25,21930.5,11389.0,-505.0,21934.0,21926.25,21978.0,21962.1181,-1,-1,-1,0,-1,-1,0,-1,-1,0,0,0,0,0,0,-1,3123.0,12563.0,7819.0,-0.601811,0,561.0,198.0,2811.0,7819.0,-7,-7,-8,-8,-8,True,True
2025-06-19,U25,1,1,20,08:30,2025-06-19 08:30:00,2025-06-19 08:35:00,21784.5,21786.75,21755.0,21756.25,1787.0,-163.0,21762.5,21759.75,21774.5,21767.3006,-1,-1,-1,-1,-1,-1,0,-1,-1,0,0,0,0,0,0,-1,722.0,1782.0,1165.0,-0.423323,0,63.0,32.0,527.0,1165.0,-8,-8,-9,-9,-9,True,True
2025-06-20,U25,1,1,20,08:30,2025-06-20 08:30:00,2025-06-20 08:35:00,22075.0,22099.75,22040.0,22089.5,12723.0,25.0,22082.0,22067.0,22090.0,22074.6667,1,1,1,0,1,1,0,1,0,0,0,0,0,0,0,1,21933.0,6214.0,4325.0,0.558461,0,5481.0,1640.0,1277.0,4325.0,6,6,7,7,7,False,False
2025-06-23,U25,1,1,20,08:30,2025-06-23 08:30:00,2025-06-23 08:35:00,21869.25,21871.0,21758.5,21784.0,16688.0,-868.0,21845.5,21787.75,21856.5,21810.2954,-1,-1,-1,-1,-1,1,0,-1,-1,0,0,0,0,0,0,0,14260.0,13627.0,8936.0,0.022699,0,3368.0,79.0,4305.0,8936.0,-6,-6,-6,-6,-6,True,False
2025-06-24,U25,1,1,20,08:30,2025-06-24 08:30:00,2025-06-24 08:35:00,22286.25,22314.75,22260.0,22294.5,15012.0,-72.0,22291.0,22271.25,22292.5,22286.1714,1,0,1,1,1,0,0,-1,0,0,0,0,0,0,0,1,27064.0,10720.0,3462.0,0.432564,0,8109.0,3113.0,328.0,3462.0,3,3,4,4,4,False,False
2025-06-25,U25,1,1,20,08:30,2025-06-25 08:30:00,2025-06-25 08:35:00,22499.0,22530.0,22493.0,22518.0,13690.0,-310.0,22523.75,22508.5,22526.75,22514.5329,1,1,-1,0,1,1,0,-1,0,0,0,0,0,0,0,-1,9982.0,18031.0,5077.0,-0.287331,0,466.0,5323.0,2824.0,5077.0,2,2,1,1,1,False,False
2025-06-26,U25,1,1,20,08:30,2025-06-26 08:30:00,2025-06-26 08:35:00,22552.25,22566.5,22514.0,22535.0,13080.0,-606.0,22554.25,22538.0,22561.5,22545.0342,-1,0,-1,-1,-1,1,0,-1,0,0,0,0,0,0,0,-1,8782.0,19912.0,4413.0,-0.387886,0,2356.0,4591.0,1720.0,4413.0,-4,-4,-5,-5,-5,True,True
2025-06-27,U25,1,1,20,08:30,2025-06-27 08:30:00,2025-06-27 08:35:00,22707.5,22728.5,22685.25,22717.75,12358.0,80.0,22715.0,22700.75,22725.5,22709.6688,1,1,1,0,1,1,0,1,0,0,0,0,0,0,0,1,20028.0,11432.0,2465.0,0.273236,0,5714.0,3495.0,684.0,2465.0,6,6,7,7,7,False,False
2025-06-30,U25,1,1,20,08:30,2025-06-30 08:30:00,2025-06-30 08:35:00,22871.75,22875.5,22816.75,22825.25,14000.0,-1070.0,22820.0,22817.5,22859.0,22846.9469,-1,-1,1,0,-1,-1,0,-1,-1,0,0,0,0,0,0,-1,6490.0,15472.0,8240.0,-0.408979,0,1555.0,687.0,3518.0,8240.0,-5,-5,-6,-6,-6,True,True
2025-07-01,U25,1,1,20,08:30,2025-07-01 08:30:00,2025-07-01 08:35:00,22802.25,22821.25,22793.25,22804.0,11242.0,-412.0,22808.0,22802.0,22815.5,22807.5788,0,0,-1,0,-1,0,0,-1,0,0,0,0,0,0,0,0,10161.0,12440.0,5508.0,-0.100836,1,2585.0,3149.0,0.0,5508.0,-3,-3,-3,-3,-3,False,False
2025-07-02,U25,1,1,20,08:30,2025-07-02 08:30:00,2025-07-02 08:35:00,22654.25,22690.5,22651.25,22668.0,11713.0,255.0,22661.0,22654.25,22675.0,22669.3479,1,0,1,0,-1,-1,0,1,0,0,0,0,0,0,0,-1,5921.0,18557.0,4711.0,-0.516219,0,203.0,5560.0,1239.0,4711.0,1,1,0,0,0,False,False
2025-07-03,U25,1,1,20,08:30,2025-07-03 08:30:00,2025-07-03 08:35:00,22932.0,22985.75,22930.25,22964.0,12866.0,184.0,22970.0,22959.75,22978.75,22965.0471,1,0,-1,0,-1,1,0,1,0,0,0,0,0,0,0,-1,6339.0,25355.0,2205.0,-0.599987,0,81.0,8176.0,2404.0,2205.0,1,1,0,0,0,False,False
2025-07-04,U25,1,1,20,08:30,2025-07-04 08:30:00,2025-07-04 08:35:00,22918.0,22924.0,22906.25,22915.0,1145.0,-87.0,22917.0,22911.25,22919.0,22915.3431,-1,0,-1,0,-1,0,0,-1,0,0,0,0,0,0,0,1,1774.0,1053.0,248.0,0.255041,0,576.0,238.0,83.0,248.0,-4,-4,-3,-3,-3,True,False
2025-07-07,U25,1,1,20,08:30,2025-07-07 08:30:00,2025-07-07 08:35:00,22943.25,22975.75,22900.5,22926.25,17118.0,-1266.0,22951.75,22941.25,22973.5,22946.0621,-1,0,-1,-1,-1,1,0,-1,0,0,0,0,0,0,0,-1,12492.0,36527.0,987.0,-0.49032,0,4076.0,11699.0,356.0,987.0,-4,-4,-5,-5,-5,True,True
2025-07-08,U25,1,1,20,08:30,2025-07-08 08:30:00,2025-07-08 08:35:00,22935.5,22943.5,22898.0,22902.25,11260.0,-598.0,22918.75,22906.5,22931.75,22922.6955,-1,-1,-1,-1,-1,0,0,-1,-1,0,0,0,0,0,0,-1,4282.0,11629.0,8267.0,-0.461756,0,447.0,1211.0,1335.0,8267.0,-7,-7,-8,-8,-8,True,True
2025-07-09,U25,1,1,20,08:30,2025-07-09 08:30:00,2025-07-09 08:35:00,22978.75,23029.25,22978.0,23024.5,13476.0,690.0,23006.5,22995.75,23020.5,23009.167,1,1,1,1,1,0,0,1,1,0,0,0,0,0,0,1,14132.0,6211.0,7474.0,0.389372,0,35.0,830.0,5137.0,7474.0,7,7,8,8,8,False,False
2025-07-10,U25,1,1,20,08:30,2025-07-10 08:30:00,2025-07-10 08:35:00,23072.75,23090.0,23021.75,23032.5,14057.0,-409.0,23044.0,23022.0,23071.25,23056.5289,-1,-1,-1,0,-1,-1,0,-1,0,0,0,0,0,0,0,-1,7608.0,19708.0,6209.0,-0.442964,0,1898.0,3513.0,2437.0,6209.0,-6,-6,-7,-7,-7,True,True
2025-07-11,U25,1,1,20,08:30,2025-07-11 08:30:00,2025-07-11 08:35:00,22915.25,22958.25,22909.25,22930.75,12713.0,-597.0,22941.25,22927.0,22955.25,22936.3789,1,0,-1,0,-1,0,0,-1,0,0,0,0,0,0,0,-1,5717.0,24462.0,3161.0,-0.621127,0,408.0,7598.0,1546.0,3161.0,-2,-2,-3,-3,-3,False,False
2025-07-14,U25,1,1,20,08:30,2025-07-14 08:30:00,2025-07-14 08:35:00,22942.75,22979.25,22922.0,22935.25,18670.0,-1028.0,22941.75,22937.25,22956.5,22949.2668,-1,-1,-1,-1,-1,0,0,-1,0,0,0,0,0,0,0,-1,5291.0,44130.0,3037.0,-0.78588,0,1616.0,13569.0,448.0,3037.0,-6,-6,-7,-7,-7,True,True
2025-07-15,U25,1,1,20,08:30,2025-07-15 08:30:00,2025-07-15 08:35:00,23200.25,23222.75,23161.25,23161.5,16590.0,-898.0,23200.0,23180.75,23218.5,23193.1386,-1,-1,-1,-1,-1,0,0,-1,0,0,0,0,0,0,0,-1,2812.0,27764.0,8851.0,-0.816065,0,12.0,6235.0,1492.0,8851.0,-6,-6,-7,-7,-7,True,True
2025-07-16,U25,1,1,20,08:30,2025-07-16 08:30:00,2025-07-16 08:35:00,23074.25,23089.5,23020.0,23027.0,17694.0,-1012.0,23035.5,23024.0,23063.0,23052.2217,-1,-1,-1,0,-1,-1,0,-1,0,0,0,0,0,0,0,-1,10020.0,17090.0,11783.0,-0.260789,0,1218.0,2287.0,2406.0,11783.0,-6,-6,-7,-7,-7,True,True
2025-07-17,U25,1,1,20,08:30,2025-07-17 08:30:00,2025-07-17 08:35:00,23100.25,23118.25,23065.75,23084.75,14792.0,-272.0,23100.0,23082.25,23117.5,23092.7595,-1,0,-1,0,-1,0,0,-1,0,0,0,0,0,0,0,-1,14885.0,22258.0,3194.0,-0.198503,0,4809.0,5996.0,793.0,3194.0,-4,-4,-5,-5,-5,True,True
2025-07-18,U25,1,1,20,08:30,2025-07-18 08:30:00,2025-07-18 08:35:00,23301.0,23310.0,23268.5,23291.75,17882.0,912.0,23294.0,23282.0,23305.5,23287.6055,-1,0,-1,0,1,0,0,1,0,0,0,0,0,0,0,1,29980.0,13398.0,4004.0,0.382268,0,9441.0,2177.0,2260.0,4004.0,0,0,1,1,1,True,False
2025-07-21,U25,1,1,20,08:30,2025-07-21 08:30:00,2025-07-21 08:35:00,23256.25,23300.75,23255.25,23300.25,12304.0,886.0,23284.25,23279.75,23297.25,23286.0319,1,1,1,1,1,0,0,1,1,0,0,0,0,0,0,1,13399.0,4495.0,6753.0,0.497597,0,33.0,24.0,5494.0,6753.0,7,7,8,8,8,False,False
2025-07-22,U25,1,1,20,08:30,2025-07-22 08:30:00,2025-07-22 08:35:00,23346.0,23349.75,23278.5,23289.5,17320.0,62.0,23289.0,23278.5,23318.75,23305.8737,-1,-1,1,0,-1,-1,0,1,-1,0,0,0,0,0,0,-1,11670.0,19800.0,6795.0,-0.258341,0,3355.0,331.0,6839.0,6795.0,-3,-3,-4,-4,-4,True,False
2025-07-23,U25,1,1,20,08:30,2025-07-23 08:30:00,2025-07-23 08:35:00,23261.5,23263.75,23183.0,23220.25,18670.0,178.0,23210.75,23185.75,23222.75,23214.9385,-1,0,1,0,1,0,0,1,0,0,0,0,0,0,0,1,39717.0,7614.0,3108.0,0.678266,0,12930.0,169.0,2463.0,3108.0,2,2,3,3,3,True,False
2025-07-24,U25,1,1,20,08:30,2025-07-24 08:30:00,2025-07-24 08:35:00,23374.0,23399.5,23343.25,23367.75,17183.0,-117.0,23357.25,23349.75,23377.75,23369.3912,-1,0,1,0,-1,-1,0,-1,0,0,0,0,0,0,0,1,28951.0,19085.0,1465.0,0.205388,0,9433.0,5702.0,583.0,1465.0,-3,-3,-2,-2,-2,True,False
2025-07-25,U25,1,1,20,08:30,2025-07-25 08:30:00,2025-07-25 08:35:00,23360.0,23372.75,23343.0,23364.75,11979.0,79.0,23358.75,23348.75,23364.0,23358.232,1,1,1,1,1,0,0,1,0,0,0,0,0,0,0,1,23457.0,8157.0,1984.0,0.483963,0,7062.0,2578.0,355.0,1984.0,6,6,7,7,7,False,False
2025-07-28,U25,1,1,20,08:30,2025-07-28 08:30:00,2025-07-28 08:35:00,23472.75,23499.5,23464.75,23494.25,15430.0,462.0,23490.75,23475.25,23494.25,23482.4566,1,1,1,0,1,1,0,1,0,0,0,0,0,0,0,1,19490.0,5125.0,9011.0,0.583587,0,2022.0,922.0,3475.0,9011.0,6,6,7,7,7,False,False
2025-07-29,U25,1,1,20,08:30,2025-07-29 08:30:00,2025-07-29 08:35:00,23595.25,23635.75,23592.0,23631.5,20063.0,327.0,23620.0,23611.25,23633.5,23617.7674,1,1,1,0,1,0,0,1,1,0,0,0,0,0,0,1,18918.0,10008.0,12735.0,0.308027,0,273.0,1262.0,5793.0,12735.0,6,6,7,7,7,False,False
2025-07-30,U25,1,1,20,08:30,2025-07-30 08:30:00,2025-07-30 08:35:00,23487.0,23491.0,23450.75,23486.5,14431.0,-939.0,23473.0,23465.0,23483.25,23471.1439,0,1,1,1,1,0,0,-1,0,0,0,0,0,0,0,0,12167.0,15504.0,7811.0,-0.120596,1,3076.0,3544.0,0.0,7811.0,3,3,3,3,3,True,False
2025-07-31,U25,1,1,20,08:30,2025-07-31 08:30:00,2025-07-31 08:35:00,23747.25,23752.0,23653.75,23678.25,28363.0,-2447.0,23675.0,23654.0,23697.25,23686.979,-1,-1,1,0,-1,-1,0,-1,-1,0,0,0,0,0,0,1,45541.0,17535.0,8334.0,0.444004,0,14399.0,303.0,5327.0,8334.0,-5,-5,-4,-4,-4,True,False
2025-08-01,U25,1,1,20,08:30,2025-08-01 08:30:00,2025-08-01 08:35:00,23087.5,23095.75,23000.25,23013.0,25255.0,-997.0,23010.0,23004.25,23063.5,23046.7702,-1,-1,1,0,-1,-1,0,-1,-1,0,0,0,0,0,0,-1,11706.0,25854.0,16026.0,-0.376677,0,2236.0,859.0,6134.0,16026.0,-5,-5,-6,-6,-6,True,True
2025-08-04,U25,1,1,20,08:30,2025-08-04 08:30:00,2025-08-04 08:35:00,23094.0,23130.75,23088.75,23129.5,18056.0,762.0,23110.75,23103.5,23123.75,23110.0047,1,1,1,1,1,0,0,1,1,0,0,0,0,0,0,1,17156.0,4446.0,14953.0,0.588371,0,571.0,55.0,2477.0,14953.0,7,7,8,8,8,False,False
2025-08-05,U25,1,1,20,08:30,2025-08-05 08:30:00,2025-08-05 08:35:00,23348.25,23357.5,23303.5,23308.75,16880.0,-44.0,23310.0,23306.25,23326.0,23322.7055,-1,-1,-1,0,-1,-1,0,-1,-1,0,0,0,0,0,0,-1,8433.0,19982.0,7660.0,-0.40644,0,1276.0,1107.0,6837.0,7660.0,-7,-7,-8,-8,-8,True,True
2025-08-06,U25,1,1,20,08:30,2025-08-06 08:30:00,2025-08-06 08:35:00,23169.25,23222.5,23153.25,23219.5,16052.0,512.0,23215.0,23175.5,23222.5,23193.3041,1,1,1,0,1,1,0,1,1,0,0,0,0,0,0,1,20945.0,5557.0,8618.0,0.580635,0,2701.0,315.0,4418.0,8618.0,7,7,8,8,8,False,False
2025-08-07,U25,1,1,20,08:30,2025-08-07 08:30:00,2025-08-07 08:35:00,23601.0,23631.5,23582.0,23615.5,16211.0,1021.0,23590.0,23584.25,23615.75,23604.8888,1,1,1,0,1,-1,0,1,0,0,0,0,0,0,0,1,27619.0,15293.0,2265.0,0.287239,0,7882.0,4908.0,1156.0,2265.0,4,4,5,5,5,False,False
2025-08-08,U25,1,1,20,08:30,2025-08-08 08:30:00,2025-08-08 08:35:00,23541.75,23575.25,23530.0,23546.75,12540.0,-450.0,23563.0,23548.5,23570.5,23555.5236,1,0,-1,-1,-1,1,0,-1,0,0,0,0,0,0,0,-1,5631.0,29605.0,978.0,-0.680384,0,1387.0,9797.0,378.0,978.0,-2,-2,-3,-3,-3,False,False
2025-08-11,U25,1,1,20,08:30,2025-08-11 08:30:00,2025-08-11 08:35:00,23715.75,23730.25,23680.75,23687.0,14343.0,-293.0,23698.0,23682.0,23717.0,23705.7581,-1,-1,-1,0,-1,0,0,-1,0,0,0,0,0,0,0,-1,6437.0,21950.0,6087.0,-0.546483,0,1047.0,4741.0,2468.0,6087.0,-5,-5,-6,-6,-6,True,True
2025-08-12,U25,1,1,20,08:30,2025-08-12 08:30:00,2025-08-12 08:35:00,23733.0,23782.0,23710.25,23780.5,17225.0,539.0,23725.75,23716.5,23750.0,23741.8478,1,1,1,1,1,-1,0,1,0,0,0,0,0,0,0,1,30837.0,2053.0,8400.0,0.87516,0,6752.0,109.0,1964.0,8400.0,5,5,6,6,6,False,False
2025-08-13,U25,1,1,20,08:30,2025-08-13 08:30:00,2025-08-13 08:35:00,24044.5,24067.25,24028.75,24058.25,13402.0,-496.0,24061.0,24039.0,24064.0,24047.1211,1,1,-1,0,1,1,0,-1,0,0,0,0,0,0,0,1,21206.0,12363.0,3008.0,0.263428,0,5984.0,3789.0,621.0,3008.0,2,2,3,3,3,False,False
2025-08-14,U25,1,1,20,08:30,2025-08-14 08:30:00,2025-08-14 08:35:00,23857.75,23905.5,23841.25,23902.75,16125.0,373.0,23875.0,23859.25,23880.5,23870.5618,1,1,1,1,1,0,0,1,1,0,0,0,0,0,0,1,20781.0,1278.0,12491.0,0.884129,0,2307.0,124.0,1203.0,12491.0,7,7,8,8,8,False,False
2025-08-15,U25,1,1,20,08:30,2025-08-15 08:30:00,2025-08-15 08:35:00,23909.25,23911.0,23850.0,23856.5,16228.0,-782.0,23865.0,23854.5,23881.0,23871.7027,-1,-1,-1,0,-1,-1,0,-1,-1,0,0,0,0,0,0,-1,9964.0,16087.0,8221.0,-0.235039,0,1725.0,91.0,6191.0,8221.0,-7,-7,-8,-8,-8,True,True
2025-08-18,U25,1,1,20,08:30,2025-08-18 08:30:00,2025-08-18 08:35:00,23768.25,23816.75,23768.0,23815.0,13072.0,180.0,23798.0,23783.5,23805.25,23793.8087,1,1,1,1,1,0,0,1,1,0,0,0,0,0,0,1,10450.0,5264.0,10644.0,0.330024,0,5.0,209.0,2214.0,10644.0,7,7,8,8,8,False,False
2025-08-19,U25,1,1,20,08:30,2025-08-19 08:30:00,2025-08-19 08:35:00,23762.5,23770.5,23664.0,23667.5,21434.0,-1278.0,23730.0,23685.25,23770.5,23713.5113,-1,-1,-1,-1,-1,0,0,-1,-1,0,0,0,0,0,0,-1,5416.0,26697.0,12375.0,-0.662691,0,598.0,1069.0,7392.0,12375.0,-7,-7,-8,-8,-8,True,True
2025-08-20,U25,1,1,20,08:30,2025-08-20 08:30:00,2025-08-20 08:35:00,23426.25,23432.0,23362.0,23371.0,19458.0,-494.0,23385.0,23367.5,23400.25,23389.2983,-1,-1,-1,0,-1,-1,0,-1,-1,0,0,0,0,0,0,0,15927.0,16652.0,10289.0,-0.022254,0,3207.0,745.0,5217.0,10289.0,-7,-7,-7,-7,-7,True,True
2025-08-21,U25,1,1,20,08:30,2025-08-21 08:30:00,2025-08-21 08:35:00,23260.5,23273.0,23199.25,23241.75,18747.0,-7.0,23214.25,23209.75,23259.5,23237.3459,-1,0,1,0,1,-1,0,-1,0,0,0,0,0,0,0,1,32805.0,16188.0,3118.0,0.339171,0,10647.0,3970.0,1012.0,3118.0,-1,-1,0,0,0,True,False
2025-08-22,U25,1,1,20,08:30,2025-08-22 08:30:00,2025-08-22 08:35:00,23264.5,23272.75,23205.5,23233.5,13165.0,99.0,23228.5,23217.5,23249.0,23235.9996,-1,0,1,0,-1,0,0,1,0,0,0,0,0,0,0,1,21238.0,8795.0,3653.0,0.414311,0,6533.0,871.0,2108.0,3653.0,0,0,1,1,1,True,False
2025-08-25,U25,1,1,20,08:30,2025-08-25 08:30:00,2025-08-25 08:35:00,23496.0,23518.25,23443.25,23469.75,16784.0,-130.0,23467.0,23443.25,23497.25,23478.3446,-1,0,1,0,-1,-1,0,-1,0,0,0,0,0,0,0,0,23195.0,21500.0,1688.0,0.037924,0,7394.0,5421.0,2281.0,1688.0,-3,-3,-3,-3,-3,True,False
2025-08-26,U25,1,1,20,08:30,2025-08-26 08:30:00,2025-08-26 08:35:00,23470.75,23514.75,23467.25,23502.0,15562.0,436.0,23494.25,23482.75,23511.25,23492.8272,1,1,1,0,1,0,0,1,0,0,0,0,0,0,0,0,13859.0,15715.0,6871.0,-0.062758,0,818.0,4503.0,3370.0,6871.0,5,5,5,5,5,False,False
2025-08-27,U25,1,1,20,08:30,2025-08-27 08:30:00,2025-08-27 08:35:00,23541.0,23559.25,23524.0,23554.5,14512.0,410.0,23547.0,23540.75,23554.5,23545.7172,1,1,1,0,1,0,0,1,0,0,0,0,0,0,0,1,19206.0,6136.0,7880.0,0.515745,0,3328.0,1082.0,2222.0,7880.0,5,5,6,6,6,False,False
2025-08-28,U25,1,1,20,08:30,2025-08-28 08:30:00,2025-08-28 08:35:00,23640.25,23742.25,23629.75,23728.75,24022.0,2756.0,23683.0,23635.0,23725.0,23704.3158,1,1,1,1,1,0,0,1,1,0,0,0,0,0,0,1,29449.0,14914.0,8528.0,0.327638,0,779.0,4085.0,10630.0,8528.0,7,7,8,8,8,False,False
2025-08-29,U25,1,1,20,08:30,2025-08-29 08:30:00,2025-08-29 08:35:00,23652.0,23668.0,23630.75,23638.25,15410.0,696.0,23650.0,23638.5,23655.25,23646.7279,-1,-1,-1,-1,-1,0,0,1,0,0,0,0,0,0,0,-1,10122.0,19786.0,7341.0,-0.323124,0,2787.0,3642.0,1640.0,7341.0,-4,-4,-5,-5,-5,True,True
2025-09-01,U25,1,1,20,08:30,2025-09-01 08:30:00,2025-09-01 08:35:00,23476.0,23477.5,23441.75,23459.25,2386.0,2.0,23448.0,23444.0,23461.0,23456.6436,-1,0,1,0,1,-1,0,1,0,0,0,0,0,0,0,1,4615.0,1295.0,381.0,0.56176,0,1498.0,21.0,486.0,381.0,1,1,2,2,2,True,False
2025-09-02,U25,1,1,20,08:30,2025-09-02 08:30:00,2025-09-02 08:35:00,23100.25,23102.5,23025.25,23081.75,25223.0,715.0,23068.5,23048.0,23093.5,23062.839,-1,1,1,0,1,0,0,1,0,0,0,0,0,0,0,1,61708.0,5178.0,3618.0,0.845169,0,20051.0,68.0,1486.0,3618.0,3,3,4,4,4,True,False
2025-09-03,U25,1,1,20,08:30,2025-09-03 08:30:00,2025-09-03 08:35:00,23423.5,23437.75,23379.25,23397.75,18675.0,-153.0,23402.75,23385.5,23414.5,23406.241,-1,-1,-1,0,-1,0,0,-1,0,0,0,0,0,0,0,0,18807.0,20100.0,6430.0,-0.033233,0,5140.0,2847.0,4258.0,6430.0,-5,-5,-5,-5,-5,True,True
2025-09-04,U25,1,1,20,08:30,2025-09-04 08:30:00,2025-09-04 08:35:00,23480.5,23538.0,23457.25,23535.0,17403.0,837.0,23495.25,23457.5,23508.5,23494.3229,1,1,1,1,1,0,0,1,0,0,0,0,0,0,0,1,24562.0,3635.0,11055.0,0.742171,0,4401.0,90.0,1857.0,11055.0,6,6,7,7,7,False,False
2025-09-05,U25,1,1,20,08:30,2025-09-05 08:30:00,2025-09-05 08:35:00,23875.0,23902.0,23845.0,23847.5,20807.0,-519.0,23860.0,23853.75,23881.0,23867.8114,-1,-1,-1,-1,-1,-1,0,-1,0,0,0,0,0,0,0,-1,4363.0,33027.0,10814.0,-0.766622,0,312.0,6401.0,3280.0,10814.0,-7,-7,-8,-8,-8,True,True
2025-09-08,U25,1,1,20,08:30,2025-09-08 08:30:00,2025-09-08 08:35:00,23784.25,23821.0,23771.75,23820.0,18332.0,-54.0,23795.0,23787.75,23803.0,23797.2131,1,1,1,1,1,0,0,-1,1,0,0,0,0,0,0,1,19230.0,2670.0,15812.0,0.756164,0,1005.0,43.0,1472.0,15812.0,5,5,6,6,6,False,False
2025-09-09,U25,1,1,20,08:30,2025-09-09 08:30:00,2025-09-09 08:35:00,23835.5,23857.75,23823.0,23842.75,14554.0,350.0,23845.0,23836.25,23850.25,23842.7384,1,0,-1,0,0,0,0,1,0,0,0,0,0,0,0,-1,10866.0,25522.0,2861.0,-0.40277,0,2041.0,8100.0,1552.0,2861.0,1,1,0,0,0,False,False
2025-09-10,U25,1,1,20,08:30,2025-09-10 08:30:00,2025-09-10 08:35:00,23998.75,24000.5,23931.75,23962.75,21040.0,-1306.0,23944.0,23940.5,23963.25,23955.4954,-1,0,1,0,1,-1,0,-1,0,0,0,0,0,0,0,1,47316.0,8372.0,2137.0,0.699325,0,15591.0,161.0,3151.0,2137.0,-1,-1,0,0,0,True,False
2025-09-11,U25,1,1,20,08:30,2025-09-11 08:30:00,2025-09-11 08:35:00,23977.25,23997.5,23967.75,23985.0,15099.0,-307.0,23990.0,23978.25,23991.5,23984.701,1,0,-1,0,1,1,0,-1,0,0,0,0,0,0,0,-1,9983.0,24273.0,4729.0,-0.417153,0,1376.0,7411.0,1583.0,4729.0,1,1,0,0,0,False,False
2025-09-12,U25,1,1,20,08:30,2025-09-12 08:30:00,2025-09-12 08:35:00,24040.75,24064.5,24026.25,24034.5,14284.0,-78.0,24039.25,24032.0,24050.25,24043.663,-1,-1,-1,0,-1,0,0,-1,0,0,0,0,0,0,0,-1,5383.0,28461.0,3990.0,-0.681893,0,1436.0,7830.0,1028.0,3990.0,-5,-5,-6,-6,-6,True,True
2025-09-15,U25,1,1,20,08:30,2025-09-15 08:30:00,2025-09-15 08:35:00,24177.75,24212.0,24172.75,24201.5,7746.0,66.0,24191.25,24188.0,24204.75,24196.3964,1,1,1,0,1,0,0,1,0,0,0,0,0,0,0,-1,4847.0,9105.0,3860.0,-0.305189,0,130.0,2190.0,1566.0,3860.0,5,5,4,4,4,False,False
2025-09-16,U25,1,1,20,08:30,2025-09-16 08:30:00,2025-09-16 08:35:00,24344.25,24355.75,24315.5,24326.25,3719.0,-329.0,24330.75,24329.75,24353.5,24337.6214,-1,-1,-1,-1,-1,0,0,-1,0,0,0,0,0,0,0,-1,2610.0,5294.0,1436.0,-0.339575,0,812.0,1123.0,348.0,1436.0,-6,-6,-7,-7,-7,True,True
2025-09-17,Z25,1,1,20,08:30,2025-09-17 08:30:00,2025-09-17 08:35:00,24521.0,24540.75,24496.0,24501.25,12309.0,-439.0,24533.0,24516.25,24540.25,24522.9147,-1,-1,-1,-1,-1,1,0,-1,0,0,0,0,0,0,0,-1,3075.0,27158.0,2883.0,-0.79658,0,728.0,7770.0,928.0,2883.0,-5,-5,-6,-6,-6,True,True
2025-09-18,Z25,1,1,20,08:30,2025-09-18 08:30:00,2025-09-18 08:35:00,24679.5,24708.75,24653.75,24698.25,17907.0,-27.0,24696.0,24669.5,24699.25,24683.0709,1,1,1,0,1,1,0,-1,0,0,0,0,0,0,0,1,28741.0,10182.0,6182.0,0.476813,0,6819.0,2472.0,2434.0,6182.0,4,4,5,5,5,False,False
2025-09-19,Z25,1,1,20,08:30,2025-09-19 08:30:00,2025-09-19 08:35:00,24767.75,24783.25,24743.75,24752.5,20388.0,88.0,24767.5,24759.5,24778.25,24764.9882,-1,-1,-1,-1,-1,0,0,1,0,0,0,0,0,0,0,-1,9610.0,35160.0,7388.0,-0.570695,0,2689.0,8693.0,1618.0,7388.0,-4,-4,-5,-5,-5,True,True
2025-09-22,Z25,1,1,20,08:30,2025-09-22 08:30:00,2025-09-22 08:35:00,24815.5,24856.25,24814.25,24850.0,14925.0,421.0,24850.5,24830.75,24856.25,24839.4964,1,1,-1,0,1,1,0,1,1,0,0,0,0,0,0,0,11789.0,13309.0,8090.0,-0.060563,0,45.0,3349.0,3441.0,8090.0,5,5,5,5,5,False,False
2025-09-23,Z25,1,1,20,08:30,2025-09-23 08:30:00,2025-09-23 08:35:00,25001.0,25009.75,24986.0,24992.25,13716.0,82.0,24993.75,24989.75,24998.75,24996.157,-1,-1,-1,0,-1,-1,0,1,0,0,0,0,0,0,0,-1,10954.0,15373.0,6073.0,-0.16785,0,2817.0,2151.0,2675.0,6073.0,-4,-4,-5,-5,-5,True,True
2025-09-24,Z25,1,1,20,08:30,2025-09-24 08:30:00,2025-09-24 08:35:00,24885.25,24899.25,24828.5,24840.75,17963.0,-1197.0,24865.0,24834.5,24875.5,24860.1507,-1,-1,-1,0,-1,0,0,-1,0,0,0,0,0,0,0,0,15009.0,19361.0,8466.0,-0.126622,0,4432.0,2566.0,2499.0,8466.0,-5,-5,-5,-5,-5,True,True
2025-09-25,Z25,1,1,20,08:30,2025-09-25 08:30:00,2025-09-25 08:35:00,24576.25,24578.75,24517.0,24518.75,20154.0,-676.0,24540.0,24531.5,24555.0,24542.0034,-1,-1,-1,-1,-1,0,0,-1,-1,0,0,0,0,0,0,0,11369.0,12407.0,16693.0,-0.043657,0,152.0,116.0,3193.0,16693.0,-7,-7,-7,-7,-7,True,True
2025-09-26,Z25,1,1,20,08:30,2025-09-26 08:30:00,2025-09-26 08:35:00,24654.25,24701.0,24597.0,24693.25,21368.0,682.0,24619.5,24597.0,24679.0,24649.0683,1,1,1,1,1,-1,0,1,0,0,0,0,0,0,0,1,46368.0,7289.0,3398.0,0.728311,0,12461.0,1896.0,3613.0,3398.0,5,5,6,6,6,False,False
2025-09-29,Z25,1,1,20,08:30,2025-09-29 08:30:00,2025-09-29 08:35:00,24850.75,24887.25,24848.25,24871.75,13447.0,247.0,24864.5,24861.25,24882.75,24867.8666,1,0,1,0,1,0,0,1,0,0,0,0,0,0,0,-1,8223.0,18448.0,5768.0,-0.383375,0,275.0,5322.0,2082.0,5768.0,4,4,3,3,3,False,False
2025-09-30,Z25,1,1,20,08:30,2025-09-30 08:30:00,2025-09-30 08:35:00,24820.5,24831.0,24757.0,24762.5,13030.0,-1440.0,24798.25,24779.0,24831.0,24794.7058,-1,-1,-1,-1,-1,0,0,-1,-1,0,0,0,0,0,0,-1,3475.0,16194.0,8351.0,-0.646652,0,661.0,1310.0,2708.0,8351.0,-7,-7,-8,-8,-8,True,True
2025-10-01,Z25,1,1,20,08:30,2025-10-01 08:30:00,2025-10-01 08:35:00,24763.0,24836.0,24742.75,24816.0,18189.0,-281.0,24804.25,24762.5,24836.0,24790.4009,1,1,1,0,1,0,0,-1,0,0,0,0,0,0,0,1,26156.0,15651.0,4521.0,0.251274,0,5599.0,4387.0,3682.0,4521.0,3,3,4,4,4,False,False
2025-10-02,Z25,1,1,20,08:30,2025-10-02 08:30:00,2025-10-02 08:35:00,25165.25,25169.0,25113.25,25117.0,15895.0,-943.0,25146.75,25134.5,25151.25,25141.4429,-1,-1,-1,-1,-1,0,0,-1,-1,0,0,0,0,0,0,-1,5913.0,13031.0,13708.0,-0.375739,0,416.0,446.0,1325.0,13708.0,-7,-7,-8,-8,-8,True,True
2025-10-03,Z25,1,1,20,08:30,2025-10-03 08:30:00,2025-10-03 08:35:00,25133.5,25165.0,25120.75,25145.25,12645.0,25.0,25140.0,25132.75,25156.75,25143.5478,1,0,1,0,1,0,0,1,0,0,0,0,0,0,0,-1,11344.0,17928.0,3759.0,-0.224925,0,2309.0,5432.0,1145.0,3759.0,4,4,3,3,3,False,False
2025-10-06,Z25,1,1,20,08:30,2025-10-06 08:30:00,2025-10-06 08:35:00,25214.25,25221.75,25156.25,25161.75,15914.0,-854.0,25168.0,25158.0,25196.0,25184.2918,-1,-1,-1,0,-1,-1,0,-1,-1,0,0,0,0,0,0,-1,7641.0,16176.0,10120.0,-0.358357,0,1269.0,929.0,3596.0,10120.0,-7,-7,-8,-8,-8,True,True
2025-10-07,Z25,1,1,20,08:30,2025-10-07 08:30:00,2025-10-07 08:35:00,25237.0,25247.5,25217.0,25238.75,13791.0,19.0,25224.75,25224.0,25236.75,25230.3365,0,1,1,1,1,-1,0,1,0,0,0,0,0,0,0,1,17470.0,9077.0,7278.0,0.316156,1,4678.0,1835.0,0.0,7278.0,4,4,5,5,5,False,False
2025-10-08,Z25,1,1,20,08:30,2025-10-08 08:30:00,2025-10-08 08:35:00,25079.75,25135.0,25074.0,25123.5,14413.0,373.0,25088.0,25079.75,25123.5,25110.7134,1,1,1,0,1,-1,0,1,1,0,0,0,0,0,0,0,12955.0,14012.0,6174.0,-0.039196,0,187.0,4128.0,3924.0,6174.0,5,5,5,5,5,False,False
2025-10-09,Z25,1,1,20,08:30,2025-10-09 08:30:00,2025-10-09 08:35:00,25329.0,25334.75,25297.0,25306.75,14238.0,-280.0,25319.0,25308.0,25328.5,25315.4756,-1,-1,-1,-1,-1,0,0,-1,0,0,0,0,0,0,0,0,11445.0,12787.0,8015.0,-0.055381,0,2890.0,881.0,2452.0,8015.0,-6,-6,-6,-6,-6,True,True
2025-10-10,Z25,1,1,20,08:30,2025-10-10 08:30:00,2025-10-10 08:35:00,25313.0,25346.75,25293.5,25328.25,15927.0,-293.0,25313.5,25293.75,25334.75,25324.374,1,0,1,0,1,0,0,-1,0,0,0,0,0,0,0,-1,17074.0,23601.0,2401.0,-0.160467,0,3610.0,7612.0,2304.0,2401.0,2,2,1,1,1,False,False
2025-10-13,Z25,1,1,20,08:30,2025-10-13 08:30:00,2025-10-13 08:35:00,24824.75,24842.75,24758.25,24759.5,20681.0,-1575.0,24820.75,24798.25,24842.0,24809.9607,-1,-1,-1,-1,-1,1,0,-1,-1,0,0,0,0,0,0,-1,3822.0,30146.0,13436.0,-0.774965,0,118.0,5924.0,1203.0,13436.0,-6,-6,-7,-7,-7,True,True
2025-10-14,Z25,1,1,20,08:30,2025-10-14 08:30:00,2025-10-14 08:35:00,24638.75,24641.5,24559.5,24561.75,19490.0,-392.0,24597.5,24585.0,24627.5,24598.1803,-1,-1,-1,-1,-1,0,0,-1,-1,0,0,0,0,0,0,-1,5908.0,18503.0,14811.0,-0.515956,0,253.0,129.0,4297.0,14811.0,-7,-7,-8,-8,-8,True,True
2025-10-15,Z25,1,1,20,08:30,2025-10-15 08:30:00,2025-10-15 08:35:00,25002.5,25003.5,24947.0,24961.0,15884.0,-550.0,24975.0,24963.75,24986.0,24972.1243,-1,-1,-1,-1,-1,0,0,-1,-1,0,0,0,0,0,0,0,13868.0,11728.0,8651.0,0.083607,0,2516.0,21.0,4696.0,8651.0,-7,-7,-7,-7,-7,True,False
2025-10-16,Z25,1,1,20,08:30,2025-10-16 08:30:00,2025-10-16 08:35:00,25045.25,25106.5,25040.5,25089.75,15153.0,11.0,25085.5,25067.25,25104.75,25076.6828,1,1,1,0,1,1,0,1,0,0,0,0,0,0,0,0,15225.0,12571.0,6459.0,0.095481,0,698.0,3274.0,4722.0,6459.0,6,6,6,6,6,False,False
2025-10-17,Z25,1,1,20,08:30,2025-10-17 08:30:00,2025-10-17 08:35:00,24736.25,24793.0,24700.0,24779.0,19413.0,63.0,24750.25,24722.75,24767.75,24741.3536,1,1,1,1,1,0,0,1,0,0,0,0,0,0,0,1,32273.0,6139.0,9534.0,0.68036,0,7898.0,1222.0,759.0,9534.0,6,6,7,7,7,False,False
2025-10-20,Z25,1,1,20,08:30,2025-10-20 08:30:00,2025-10-20 08:35:00,25119.0,25201.5,25114.75,25186.0,14741.0,1077.0,25190.0,25168.0,25200.0,25173.7735,1,1,-1,0,1,1,0,1,1,0,0,0,0,0,0,0,14385.0,15437.0,4432.0,-0.035276,0,329.0,4486.0,5494.0,4432.0,5,5,5,5,5,False,False
2025-10-21,Z25,1,1,20,08:30,2025-10-21 08:30:00,2025-10-21 08:35:00,25300.75,25304.5,25256.0,25280.75,12384.0,-324.0,25270.0,25256.75,25289.25,25279.4693,-1,0,1,0,1,-1,0,-1,0,0,0,0,0,0,0,1,22059.0,7189.0,3461.0,0.508411,0,6991.0,989.0,943.0,3461.0,-1,-1,0,0,0,True,False
2025-10-22,Z25,1,1,20,08:30,2025-10-22 08:30:00,2025-10-22 08:35:00,25265.5,25271.5,25179.25,25184.5,17053.0,-1203.0,25221.0,25200.0,25253.25,25216.2182,-1,-1,-1,-1,-1,0,0,-1,-1,0,0,0,0,0,0,0,10232.0,12404.0,12317.0,-0.095953,0,662.0,273.0,3801.0,12317.0,-7,-7,-7,-7,-7,True,True
2025-10-23,Z25,1,1,20,08:30,2025-10-23 08:30:00,2025-10-23 08:35:00,25016.25,25044.5,24999.0,25031.5,15227.0,309.0,25030.0,25016.75,25034.75,25025.071,1,1,1,0,1,1,0,1,0,0,0,0,0,0,0,1,17752.0,11971.0,6462.0,0.194496,0,2563.0,3168.0,3034.0,6462.0,6,6,7,7,7,False,False
2025-10-24,Z25,1,1,20,08:30,2025-10-24 08:30:00,2025-10-24 08:35:00,25466.5,25493.75,25429.75,25490.0,15508.0,240.0,25442.5,25438.5,25470.75,25457.4966,1,1,1,1,1,-1,0,1,0,0,0,0,0,0,0,1,37696.0,2189.0,2799.0,0.890234,0,11173.0,504.0,1032.0,2799.0,5,5,6,6,6,False,False
2025-10-27,Z25,1,1,20,08:30,2025-10-27 08:30:00,2025-10-27 08:35:00,25815.75,25859.5,25814.0,25823.25,15386.0,-54.0,25847.0,25836.75,25855.0,25843.5079,1,-1,-1,-1,-1,1,0,-1,0,0,0,0,0,0,0,-1,1033.0,44477.0,193.0,-0.954603,0,118.0,14816.0,259.0,193.0,-3,-3,-4,-4,-4,False,False
2025-10-28,Z25,1,1,20,08:30,2025-10-28 08:30:00,2025-10-28 08:35:00,26051.5,26094.75,26048.75,26070.25,13638.0,-416.0,26080.0,26067.5,26087.0,26076.6501,1,0,-1,0,-1,1,0,-1,0,0,0,0,0,0,0,-1,5741.0,29619.0,1747.0,-0.675283,0,301.0,9530.0,2060.0,1747.0,-1,-1,-2,-2,-2,False,False
2025-10-29,Z25,1,1,20,08:30,2025-10-29 08:30:00,2025-10-29 08:35:00,26266.0,26292.75,26265.25,26278.0,15959.0,1315.0,26279.0,26272.75,26285.75,26278.4229,1,0,-1,0,-1,0,0,1,0,0,0,0,0,0,0,-1,7932.0,29425.0,3844.0,-0.575341,0,45.0,9338.0,2732.0,3844.0,0,0,-1,-1,-1,False,False
2025-10-30,Z25,1,1,20,08:30,2025-10-30 08:30:00,2025-10-30 08:35:00,26125.25,26127.5,26043.0,26043.75,17295.0,-1061.0,26083.5,26057.75,26093.0,26079.6288,-1,-1,-1,-1,-1,0,0,-1,-1,0,0,0,0,0,0,-1,7170.0,13874.0,13525.0,-0.318571,0,20.0,94.0,3656.0,13525.0,-7,-7,-8,-8,-8,True,True
2025-10-31,Z25,1,1,20,08:30,2025-10-31 08:30:00,2025-10-31 08:35:00,26199.25,26199.5,26145.0,26159.75,15529.0,-831.0,26183.5,26162.75,26193.5,26171.8968,-1,-1,-1,-1,-1,1,0,-1,-1,0,0,0,0,0,0,0,12519.0,13504.0,8182.0,-0.037851,0,3228.0,5.0,4114.0,8182.0,-6,-6,-6,-6,-6,True,True
2025-11-03,Z25,1,1,20,08:30,2025-11-03 08:30:00,2025-11-03 08:35:00,26235.75,26266.0,26226.0,26234.75,14670.0,-424.0,26250.0,26241.25,26257.5,26248.5633,0,-1,-1,-1,-1,0,0,-1,0,0,0,0,0,0,0,-1,7575.0,20213.0,8013.0,-0.454801,1,1526.0,5131.0,0.0,8013.0,-5,-5,-6,-6,-6,True,True
2025-11-04,Z25,1,1,20,08:30,2025-11-04 08:30:00,2025-11-04 08:35:00,25742.0,25756.5,25663.0,25677.75,20586.0,-328.0,25716.0,25694.0,25756.5,25710.9808,-1,-1,-1,-1,-1,0,0,-1,0,0,0,0,0,0,0,-1,9526.0,23996.0,12403.0,-0.431657,0,2680.0,2073.0,3430.0,12403.0,-6,-6,-7,-7,-7,True,True
2025-11-05,Z25,1,1,20,08:30,2025-11-05 08:30:00,2025-11-05 08:35:00,25542.25,25576.5,25500.5,25501.5,15460.0,-792.0,25536.5,25524.5,25558.5,25541.235,-1,-1,-1,-1,-1,0,0,-1,0,0,0,0,0,0,0,-1,748.0,28901.0,7955.0,-0.949543,0,57.0,6627.0,821.0,7955.0,-6,-6,-7,-7,-7,True,True
2025-11-06,Z25,1,1,20,08:30,2025-11-06 08:30:00,2025-11-06 08:35:00,25674.0,25685.75,25630.75,25645.5,15515.0,-197.0,25650.0,25637.75,25661.0,25654.8593,-1,-1,-1,0,-1,0,0,-1,0,0,0,0,0,0,0,0,12969.0,14823.0,7053.0,-0.06671,0,3098.0,836.0,4528.0,7053.0,-5,-5,-5,-5,-5,True,True
2025-11-07,Z25,1,1,20,08:30,2025-11-07 08:30:00,2025-11-07 08:35:00,25110.5,25111.0,25045.25,25058.5,16502.0,104.0,25061.0,25049.75,25075.5,25068.0042,-1,-1,-1,0,-1,-1,0,1,-1,0,0,0,0,0,0,0,14567.0,17481.0,5138.0,-0.090926,0,4212.0,2.0,7150.0,5138.0,-5,-5,-5,-5,-5,True,True
2025-11-10,Z25,1,1,20,08:30,2025-11-10 08:30:00,2025-11-10 08:35:00,25538.75,25591.75,25525.25,25570.5,20316.0,282.0,25575.0,25559.0,25591.0,25565.1397,1,1,-1,0,1,1,0,1,0,0,0,0,0,0,0,-1,15955.0,32007.0,4758.0,-0.334682,0,1856.0,10232.0,3470.0,4758.0,4,4,3,3,3,False,False
2025-11-11,Z25,1,1,20,08:30,2025-11-11 08:30:00,2025-11-11 08:35:00,25605.0,25635.0,25595.75,25617.25,13631.0,207.0,25618.0,25608.5,25628.5,25616.6985,1,0,-1,0,1,0,0,1,0,0,0,0,0,0,0,-1,10336.0,21541.0,3674.0,-0.351507,0,1667.0,6622.0,1668.0,3674.0,2,2,1,1,1,False,False
2025-11-12,Z25,1,1,20,08:30,2025-11-12 08:30:00,2025-11-12 08:35:00,25778.5,25780.75,25674.0,25678.5,20291.0,-1695.0,25706.5,25675.25,25724.25,25714.2081,-1,-1,-1,0,-1,-1,0,-1,-1,0,0,0,0,0,0,-1,8097.0,22487.0,10995.0,-0.470507,0,889.0,129.0,8278.0,10995.0,-7,-7,-8,-8,-8,True,True
2025-11-13,Z25,1,1,20,08:30,2025-11-13 08:30:00,2025-11-13 08:35:00,25477.25,25502.0,25426.25,25434.5,17021.0,-437.0,25450.0,25443.0,25479.25,25460.0483,-1,-1,-1,-1,-1,-1,0,-1,0,0,0,0,0,0,0,-1,6325.0,20211.0,11069.0,-0.523289,0,673.0,2890.0,2389.0,11069.0,-7,-7,-8,-8,-8,True,True
2025-11-14,Z25,1,1,20,08:30,2025-11-14 08:30:00,2025-11-14 08:35:00,24723.5,24760.25,24626.0,24643.5,23116.0,-98.0,24633.5,24626.5,24703.75,24682.7559,-1,-1,1,0,-1,-1,0,-1,0,0,0,0,0,0,0,-1,14601.0,33482.0,7562.0,-0.392675,0,4383.0,5042.0,6129.0,7562.0,-4,-4,-5,-5,-5,True,True
2025-11-17,Z25,1,1,20,08:30,2025-11-17 08:30:00,2025-11-17 08:35:00,24997.75,25098.5,24955.0,25094.5,22801.0,619.0,24985.25,24955.0,25064.5,25025.3127,1,1,1,1,1,-1,0,1,0,0,0,0,0,0,0,1,40953.0,6753.0,8291.0,0.716891,0,10092.0,303.0,4115.0,8291.0,5,5,6,6,6,False,False
2025-11-18,Z25,1,1,20,08:30,2025-11-18 08:30:00,2025-11-18 08:35:00,24718.25,24832.0,24664.5,24743.0,29204.0,-102.0,24686.75,24664.75,24782.75,24748.166,1,0,1,0,-1,-1,0,-1,0,0,0,0,0,0,0,-1,31301.0,48018.0,3185.0,-0.210757,0,8583.0,15513.0,1923.0,3185.0,-1,-1,-2,-2,-2,False,False
2025-11-19,Z25,1,1,20,08:30,2025-11-19 08:30:00,2025-11-19 08:35:00,24611.5,24654.5,24572.5,24631.5,19856.0,492.0,24606.25,24585.25,24622.0,24607.8972,1,1,1,1,1,0,0,1,0,0,0,0,0,0,0,1,39775.0,8065.0,5380.0,0.662834,0,11315.0,2242.0,919.0,5380.0,6,6,7,7,7,False,False
2025-11-20,Z25,1,1,20,08:30,2025-11-20 08:30:00,2025-11-20 08:35:00,25211.5,25249.0,25151.25,25189.25,19280.0,-362.0,25195.75,25166.25,25209.25,25192.3295,-1,0,-1,0,-1,0,0,-1,0,0,0,0,0,0,0,1,26903.0,18179.0,5219.0,0.193514,0,8053.0,3688.0,2320.0,5219.0,-4,-4,-3,-3,-3,True,False
2025-11-21,Z25,1,1,20,08:30,2025-11-21 08:30:00,2025-11-21 08:35:00,24203.5,24279.25,24158.25,24228.5,25651.0,471.0,24180.0,24176.25,24248.75,24227.1274,1,0,1,0,1,-1,0,1,0,0,0,0,0,0,0,-1,27379.0,37224.0,4975.0,-0.152392,0,6438.0,11908.0,2330.0,4975.0,3,3,2,2,2,False,False
2025-11-24,Z25,1,1,20,08:30,2025-11-24 08:30:00,2025-11-24 08:35:00,24522.25,24684.75,24516.75,24682.0,19844.0,2006.0,24585.0,24516.75,24637.75,24599.9679,1,1,1,1,1,0,0,1,1,0,0,0,0,0,0,1,20557.0,4588.0,14821.0,0.635077,0,217.0,61.0,4745.0,14821.0,7,7,8,8,8,False,False
2025-11-25,Z25,1,1,20,08:30,2025-11-25 08:30:00,2025-11-25 08:35:00,24857.25,24879.5,24816.25,24853.25,16712.0,626.0,24840.0,24831.0,24854.0,24843.8014,0,0,1,0,1,0,0,1,0,0,0,0,0,0,0,1,20964.0,8892.0,10140.0,0.404341,1,4886.0,1686.0,0.0,10140.0,3,3,4,4,4,True,False
2025-11-26,Z25,1,1,20,08:30,2025-11-26 08:30:00,2025-11-26 08:35:00,25222.25,25270.5,25208.0,25240.5,15458.0,1286.0,25250.0,25222.25,25253.0,25238.673,1,0,-1,0,1,1,0,1,0,0,0,0,0,0,0,-1,13928.0,22631.0,3703.0,-0.238054,0,2245.0,7101.0,2409.0,3703.0,3,3,2,2,2,False,False
2025-11-27,Z25,1,1,20,08:30,2025-11-27 08:30:00,2025-11-27 08:35:00,25301.5,25317.75,25301.25,25311.5,1091.0,73.0,25311.0,25308.0,25315.75,25310.3964,1,0,1,0,1,0,0,1,0,0,0,0,0,0,0,-1,899.0,1395.0,312.0,-0.216216,0,1.0,434.0,344.0,312.0,4,4,3,3,3,False,False
2025-11-28,Z25,1,1,20,08:30,2025-11-28 08:30:00,2025-11-28 08:35:00,25358.0,25397.0,25353.0,25396.5,4052.0,60.0,25365.0,25353.25,25381.75,25375.3304,1,1,1,1,1,-1,0,1,1,0,0,0,0,0,0,1,4238.0,1136.0,2981.0,0.577224,0,274.0,8.0,789.0,2981.0,6,6,7,7,7,False,False
2025-12-01,Z25,1,1,20,08:30,2025-12-01 08:30:00,2025-12-01 08:35:00,25255.0,25300.0,25234.0,25299.5,15731.0,777.0,25283.75,25259.25,25290.5,25271.6712,1,1,1,1,1,1,0,1,0,0,0,0,0,0,0,1,18098.0,5116.0,11188.0,0.559231,0,2997.0,19.0,1527.0,11188.0,7,7,8,8,8,False,False
2025-12-02,Z25,1,1,20,08:30,2025-12-02 08:30:00,2025-12-02 08:35:00,25492.75,25527.0,25471.25,25526.0,14775.0,683.0,25514.25,25481.0,25516.5,25497.4408,1,1,1,1,1,1,0,1,0,0,0,0,0,0,0,1,27601.0,2166.0,6450.0,0.85447,0,6617.0,50.0,1658.0,6450.0,7,7,8,8,8,False,False
2025-12-03,Z25,1,1,20,08:30,2025-12-03 08:30:00,2025-12-03 08:35:00,25495.25,25538.0,25457.75,25473.25,17672.0,188.0,25517.75,25479.5,25529.25,25498.4987,-1,-1,-1,-1,-1,1,0,1,0,0,0,0,0,0,0,-1,8459.0,35537.0,3600.0,-0.615465,0,2418.0,9872.0,1782.0,3600.0,-3,-3,-4,-4,-4,True,False
2025-12-04,Z25,1,1,20,08:30,2025-12-04 08:30:00,2025-12-04 08:35:00,25712.0,25713.0,25560.0,25566.5,21271.0,-621.0,25608.5,25560.0,25669.0,25640.7554,-1,-1,-1,0,-1,-1,0,-1,-1,0,0,0,0,0,0,-1,5504.0,21307.0,16590.0,-0.589422,0,897.0,19.0,3765.0,16590.0,-7,-7,-8,-8,-8,True,True
2025-12-05,Z25,1,1,20,08:30,2025-12-05 08:30:00,2025-12-05 08:35:00,25680.0,25775.5,25678.25,25758.25,19255.0,585.0,25765.0,25735.5,25775.5,25746.1508,1,1,-1,0,1,1,0,1,1,0,0,0,0,0,0,-1,7492.0,34219.0,7022.0,-0.640766,0,103.0,10120.0,2010.0,7022.0,5,5,4,4,4,False,False
2025-12-08,Z25,1,1,20,08:30,2025-12-08 08:30:00,2025-12-08 08:35:00,25791.0,25860.75,25778.75,25831.0,18162.0,788.0,25821.0,25817.5,25849.25,25828.7849,1,0,1,0,1,0,0,1,0,0,0,0,0,0,0,-1,16100.0,27544.0,2871.0,-0.262212,0,1672.0,8529.0,5090.0,2871.0,4,4,3,3,3,False,False
2025-12-09,Z25,1,1,20,08:30,2025-12-09 08:30:00,2025-12-09 08:35:00,25618.5,25639.0,25560.0,25580.5,16819.0,-537.0,25575.0,25565.5,25603.0,25592.0318,-1,-1,1,0,-1,-1,0,-1,0,0,0,0,0,0,0,0,20675.0,16707.0,4756.0,0.106147,0,6246.0,2288.0,3529.0,4756.0,-4,-4,-4,-4,-4,True,False
2025-12-10,Z25,1,1,20,08:30,2025-12-10 08:30:00,2025-12-10 08:35:00,25647.25,25663.75,25608.75,25615.75,14475.0,-409.0,25624.75,25614.25,25643.0,25634.9679,-1,-1,-1,0,-1,-1,0,-1,0,0,0,0,0,0,0,-1,5967.0,18150.0,8348.0,-0.505162,0,576.0,3009.0,2542.0,8348.0,-6,-6,-7,-7,-7,True,True
2025-12-11,Z25,1,1,20,08:30,2025-12-11 08:30:00,2025-12-11 08:35:00,25643.5,25650.25,25563.5,25573.5,22957.0,173.0,25600.0,25580.5,25616.0,25601.8354,-1,-1,-1,-1,-1,0,0,1,-1,0,0,0,0,0,0,0,13519.0,17967.0,16076.0,-0.141269,0,1316.0,394.0,5171.0,16076.0,-5,-5,-5,-5,-5,True,True
2025-12-12,Z25,1,1,20,08:30,2025-12-12 08:30:00,2025-12-12 08:35:00,25560.25,25587.75,25528.5,25574.5,21375.0,-741.0,25547.0,25538.25,25573.5,25558.7005,1,1,1,1,1,-1,0,-1,0,0,0,0,0,0,0,1,42784.0,11602.0,3884.0,0.573346,0,12023.0,3497.0,1971.0,3884.0,3,3,4,4,4,False,False
2025-12-15,Z25,1,1,20,08:30,2025-12-15 08:30:00,2025-12-15 08:35:00,25408.0,25410.0,25314.5,25316.5,9004.0,-812.0,25356.5,25314.5,25383.5,25362.5887,-1,-1,-1,0,-1,0,0,-1,-1,0,0,0,0,0,0,-1,1832.0,9633.0,6626.0,-0.680419,0,63.0,35.0,2280.0,6626.0,-6,-6,-7,-7,-7,True,True
2025-12-16,H26,1,1,20,08:30,2025-12-16 08:30:00,2025-12-16 08:35:00,25232.0,25319.5,25209.75,25283.75,19656.0,-866.0,25271.5,25269.0,25300.0,25282.8338,1,1,1,0,1,0,0,-1,0,0,0,0,0,0,0,-1,17376.0,30943.0,2277.0,-0.28078,0,1499.0,9785.0,6095.0,2277.0,3,3,2,2,2,False,False
2025-12-17,H26,1,1,20,08:30,2025-12-17 08:30:00,2025-12-17 08:35:00,25422.5,25447.75,25393.25,25400.0,16752.0,-184.0,25410.0,25401.75,25424.25,25415.4117,-1,-1,-1,-1,-1,-1,0,-1,0,0,0,0,0,0,0,-1,6239.0,22395.0,9602.0,-0.564224,0,980.0,3881.0,2289.0,9602.0,-7,-7,-8,-8,-8,True,True
2025-12-18,H26,1,1,20,08:30,2025-12-18 08:30:00,2025-12-18 08:35:00,25278.75,25329.5,25256.25,25270.25,20913.0,-407.0,25312.75,25281.0,25328.5,25298.3704,-1,-1,-1,-1,-1,1,0,-1,0,0,0,0,0,0,0,-1,6442.0,50142.0,2770.0,-0.772303,0,1938.0,15684.0,521.0,2770.0,-5,-5,-6,-6,-6,True,True
2025-12-19,H26,1,1,20,08:30,2025-12-19 08:30:00,2025-12-19 08:35:00,25361.25,25460.75,25357.0,25453.0,22172.0,494.0,25447.25,25397.75,25460.0,25419.6853,1,1,1,0,1,1,0,1,1,0,0,0,0,0,0,1,25125.0,8533.0,12178.0,0.492959,0,310.0,1182.0,8502.0,12178.0,7,7,8,8,8,False,False
2025-12-22,H26,1,1,20,08:30,2025-12-22 08:30:00,2025-12-22 08:35:00,25780.75,25794.75,25694.25,25706.5,19985.0,-849.0,25767.25,25727.0,25794.75,25750.8525,-1,-1,-1,-1,-1,1,0,-1,-1,0,0,0,0,0,0,-1,8612.0,26321.0,10864.0,-0.506942,0,2372.0,3455.0,3294.0,10864.0,-6,-6,-7,-7,-7,True,True
2025-12-23,H26,1,1,20,08:30,2025-12-23 08:30:00,2025-12-23 08:35:00,25644.25,25738.0,25638.0,25705.75,18890.0,-6.0,25700.0,25694.75,25735.25,25702.6201,1,1,1,0,1,0,0,-1,0,0,0,0,0,0,0,-1,14231.0,29888.0,3835.0,-0.354881,0,813.0,9413.0,4829.0,3835.0,3,3,2,2,2,False,False
2025-12-24,H26,1,1,20,08:30,2025-12-24 08:30:00,2025-12-24 08:35:00,25795.0,25827.5,25784.0,25819.25,9400.0,144.0,25807.5,25798.0,25817.25,25805.7296,1,1,1,1,1,0,0,1,0,0,0,0,0,0,0,1,10431.0,3904.0,6396.0,0.455319,0,1442.0,489.0,1073.0,6396.0,6,6,7,7,7,False,False
2025-12-26,H26,1,1,20,08:30,2025-12-26 08:30:00,2025-12-26 08:35:00,25899.0,25911.0,25864.5,25899.25,9927.0,-285.0,25882.5,25873.25,25901.75,25888.9344,0,1,1,0,1,0,0,-1,0,0,0,0,0,0,0,0,10262.0,10847.0,4294.0,-0.027713,1,2487.0,3146.0,0.0,4294.0,2,2,2,2,2,False,False
2025-12-29,H26,1,1,20,08:30,2025-12-29 08:30:00,2025-12-29 08:35:00,25706.75,25725.75,25664.25,25720.5,12914.0,338.0,25678.75,25664.75,25711.0,25695.0489,1,1,1,1,1,-1,0,1,0,0,0,0,0,0,0,1,28081.0,2419.0,3481.0,0.841377,0,7838.0,315.0,1280.0,3481.0,5,5,6,6,6,False,False
2025-12-30,H26,1,1,20,08:30,2025-12-30 08:30:00,2025-12-30 08:35:00,25692.75,25733.5,25689.0,25720.5,10671.0,665.0,25723.0,25711.25,25728.25,25718.9094,1,1,-1,0,1,1,0,1,0,0,0,0,0,0,0,-1,7833.0,16529.0,2300.0,-0.356949,0,280.0,5040.0,3051.0,2300.0,4,4,3,3,3,False,False
2025-12-31,H26,1,1,20,08:30,2025-12-31 08:30:00,2025-12-31 08:35:00,25678.75,25692.0,25651.0,25666.25,9296.0,58.0,25673.75,25664.25,25687.25,25671.8296,-1,0,-1,0,-1,0,0,1,0,0,0,0,0,0,0,0,9075.0,11355.0,3336.0,-0.111601,0,2773.0,2488.0,699.0,3336.0,-2,-2,-2,-2,-2,True,False
2026-01-02,H26,1,1,20,08:30,2026-01-02 08:30:00,2026-01-02 08:35:00,25687.0,25733.5,25654.25,25678.75,18244.0,104.0,25670.0,25654.25,25714.0,25696.8247,-1,-1,1,0,-1,-1,0,1,0,0,0,0,0,0,0,-1,18416.0,32317.0,1738.0,-0.274003,0,5950.0,10033.0,523.0,1738.0,-2,-2,-3,-3,-3,True,False
2026-01-05,H26,1,1,20,08:30,2026-01-05 08:30:00,2026-01-05 08:35:00,25642.5,25672.5,25581.75,25588.5,25541.0,-1449.0,25597.75,25585.75,25643.0,25628.0414,-1,-1,-1,0,-1,-1,0,-1,0,0,0,0,0,0,0,-1,3741.0,44406.0,11049.0,-0.844601,0,443.0,7687.0,6362.0,11049.0,-6,-6,-7,-7,-7,True,True
2026-01-06,H26,1,1,20,08:30,2026-01-06 08:30:00,2026-01-06 08:35:00,25636.0,25676.0,25631.5,25648.25,17815.0,-191.0,25657.0,25651.25,25670.0,25657.0049,1,0,-1,-1,-1,0,0,-1,0,0,0,0,0,0,0,-1,5040.0,43450.0,1898.0,-0.792122,0,460.0,14298.0,1159.0,1898.0,-3,-3,-4,-4,-4,False,False
2026-01-07,H26,1,1,20,08:30,2026-01-07 08:30:00,2026-01-07 08:35:00,25790.75,25822.75,25771.0,25822.0,16464.0,1064.0,25790.25,25782.75,25810.75,25794.8938,1,1,1,1,1,0,0,1,0,0,0,0,0,0,0,1,28219.0,2591.0,8832.0,0.831808,0,6689.0,25.0,918.0,8832.0,6,6,7,7,7,False,False
2026-01-08,H26,1,1,20,08:30,2026-01-08 08:30:00,2026-01-08 08:35:00,25786.5,25803.0,25692.5,25706.0,23048.0,-1230.0,25750.0,25722.25,25773.75,25747.2497,-1,-1,-1,-1,-1,0,0,-1,-1,0,0,0,0,0,0,-1,12515.0,20477.0,17172.0,-0.241331,0,2087.0,2111.0,1678.0,17172.0,-7,-7,-8,-8,-8,True,True
2026-01-09,H26,1,1,20,08:30,2026-01-09 08:30:00,2026-01-09 08:35:00,25714.0,25715.75,25648.5,25675.5,19757.0,-473.0,25675.5,25663.75,25687.5,25675.7919,-1,0,0,0,-1,0,0,-1,0,0,0,0,0,0,0,1,31427.0,13081.0,4499.0,0.412196,0,9517.0,33.0,5708.0,4499.0,-3,-3,-2,-2,-2,True,False
2026-01-12,H26,1,1,20,08:30,2026-01-12 08:30:00,2026-01-12 08:35:00,25746.25,25860.0,25743.5,25855.5,21201.0,1733.0,25830.0,25789.0,25860.0,25811.0866,1,1,1,0,1,1,0,1,1,0,0,0,0,0,0,1,25130.0,5026.0,12537.0,0.666667,0,95.0,196.0,8373.0,12537.0,7,7,8,8,8,False,False
2026-01-13,H26,1,1,20,08:30,2026-01-13 08:30:00,2026-01-13 08:35:00,25950.5,25986.75,25930.75,25983.75,17825.0,347.0,25940.0,25935.25,25965.0,25956.0469,1,1,1,1,1,-1,0,1,0,0,0,0,0,0,0,1,28718.0,4072.0,9848.0,0.751632,0,6653.0,335.0,989.0,9848.0,5,5,6,6,6,False,False
2026-01-14,H26,1,1,20,08:30,2026-01-14 08:30:00,2026-01-14 08:35:00,25739.75,25788.5,25668.25,25779.75,26310.0,482.0,25735.75,25685.25,25752.5,25722.0478,1,1,1,1,1,0,0,1,0,0,0,0,0,0,0,1,65691.0,4424.0,3452.0,0.873807,0,19798.0,1155.0,1905.0,3452.0,6,6,7,7,7,False,False
2026-01-15,H26,1,1,20,08:30,2026-01-15 08:30:00,2026-01-15 08:35:00,25925.0,25946.25,25881.25,25888.75,22975.0,103.0,25910.0,25899.75,25926.75,25912.2711,-1,-1,-1,-1,-1,0,0,1,0,0,0,0,0,0,0,-1,8637.0,26755.0,15792.0,-0.511924,0,1546.0,3688.0,1949.0,15792.0,-4,-4,-5,-5,-5,True,True
2026-01-16,H26,1,1,20,08:30,2026-01-16 08:30:00,2026-01-16 08:35:00,25868.0,25891.0,25834.75,25865.0,20781.0,-1105.0,25864.5,25849.75,25877.0,25865.1371,0,0,1,0,-1,0,0,-1,0,0,0,0,0,0,0,0,17173.0,22356.0,11407.0,-0.131119,1,4121.0,5253.0,0.0,11407.0,-1,-1,-1,-1,-1,True,False
2026-01-19,H26,1,1,20,08:30,2026-01-19 08:30:00,2026-01-19 08:35:00,25291.25,25297.0,25258.75,25266.5,3028.0,-246.0,25268.0,25266.0,25290.0,25274.2819,-1,-1,-1,0,-1,-1,0,-1,0,0,0,0,0,0,0,0,2999.0,2514.0,1477.0,0.087974,0,819.0,115.0,617.0,1477.0,-6,-6,-6,-6,-6,True,False
2026-01-20,H26,1,1,20,08:30,2026-01-20 08:30:00,2026-01-20 08:35:00,25243.5,25347.5,25233.75,25347.0,25505.0,2411.0,25300.0,25254.75,25313.25,25287.6226,1,1,1,1,1,0,0,1,1,0,0,0,0,0,0,1,23396.0,6738.0,21188.0,0.552798,0,464.0,1.0,3852.0,21188.0,7,7,8,8,8,False,False
2026-01-21,H26,1,1,20,08:30,2026-01-21 08:30:00,2026-01-21 08:35:00,25196.5,25223.25,25150.25,25163.0,19580.0,-328.0,25181.75,25160.25,25186.25,25178.9171,-1,-1,-1,0,-1,0,0,-1,0,0,0,0,0,0,0,-1,12550.0,21342.0,10539.0,-0.259412,0,2514.0,2922.0,3605.0,10539.0,-5,-5,-6,-6,-6,True,True
2026-01-22,H26,1,1,20,08:30,2026-01-22 08:30:00,2026-01-22 08:35:00,25729.0,25731.75,25664.75,25666.5,18917.0,-563.0,25680.0,25674.0,25694.5,25686.4127,-1,-1,-1,-1,-1,-1,0,-1,-1,0,0,0,0,0,0,-1,8949.0,17909.0,11074.0,-0.333606,0,115.0,45.0,7683.0,11074.0,-8,-8,-9,-9,-9,True,True
2026-01-23,H26,1,1,20,08:30,2026-01-23 08:30:00,2026-01-23 08:35:00,25608.0,25652.5,25585.25,25591.75,17181.0,299.0,25627.75,25605.0,25650.5,25619.2833,-1,-1,-1,-1,-1,0,0,1,0,0,0,0,0,0,0,-1,4109.0,37505.0,4570.0,-0.802518,0,949.0,10873.0,789.0,4570.0,-4,-4,-5,-5,-5,True,True
2026-01-26,H26,1,1,20,08:30,2026-01-26 08:30:00,2026-01-26 08:35:00,25749.0,25775.75,25704.25,25770.0,15982.0,-156.0,25756.0,25737.75,25773.5,25746.2163,1,1,1,0,1,1,0,-1,0,0,0,0,0,0,0,1,29651.0,4013.0,6465.0,0.761585,0,7421.0,821.0,1275.0,6465.0,4,4,5,5,5,False,False
2026-01-27,H26,1,1,20,08:30,2026-01-27 08:30:00,2026-01-27 08:35:00,25982.75,26012.5,25955.0,25961.75,20317.0,-629.0,25995.0,25974.0,26010.0,25982.8488,-1,-1,-1,-1,-1,1,0,-1,0,0,0,0,0,0,0,-1,4384.0,38159.0,7976.0,-0.793903,0,830.0,9155.0,2356.0,7976.0,-5,-5,-6,-6,-6,True,True
2026-01-28,H26,1,1,20,08:30,2026-01-28 08:30:00,2026-01-28 08:35:00,26252.5,26288.0,26230.0,26249.25,17778.0,-298.0,26260.0,26241.75,26265.75,26255.8901,0,-1,-1,0,-1,0,0,-1,0,0,0,0,0,0,0,1,21358.0,11479.0,10182.0,0.30085,1,5157.0,2439.0,0.0,10182.0,-4,-4,-3,-3,-3,True,False
2026-01-29,H26,1,1,20,08:30,2026-01-29 08:30:00,2026-01-29 08:35:00,26133.5,26175.0,26083.5,26097.25,21007.0,-241.0,26159.25,26117.5,26171.0,26131.976,-1,-1,-1,-1,-1,1,0,-1,0,0,0,0,0,0,0,-1,7534.0,36509.0,8742.0,-0.65788,0,1732.0,9039.0,1494.0,8742.0,-5,-5,-6,-6,-6,True,True
2026-01-30,H26,1,1,20,08:30,2026-01-30 08:30:00,2026-01-30 08:35:00,25834.25,25918.25,25813.5,25890.0,21729.0,971.0,25854.25,25823.25,25878.75,25862.4113,1,1,1,1,1,0,0,1,0,0,0,0,0,0,0,1,23882.0,13494.0,12493.0,0.277932,0,2700.0,3711.0,2825.0,12493.0,6,6,7,7,7,False,False
2026-02-02,H26,1,1,20,08:30,2026-02-02 08:30:00,2026-02-02 08:35:00,25542.5,25668.75,25539.75,25637.5,23429.0,1151.0,25625.0,25599.75,25643.0,25618.4788,1,1,1,0,1,0,0,1,1,0,0,0,0,0,0,1,24346.0,17667.0,8836.0,0.158975,0,81.0,3961.0,10551.0,8836.0,6,6,7,7,7,False,False
2026-02-03,H26,1,1,20,08:30,2026-02-03 08:30:00,2026-02-03 08:35:00,25934.75,25952.25,25838.75,25875.25,20143.0,-1009.0,25893.25,25858.0,25926.25,25896.9879,-1,-1,-1,0,-1,0,0,-1,0,0,0,0,0,0,0,0,17989.0,19069.0,10122.0,-0.029144,0,4936.0,1987.0,3098.0,10122.0,-5,-5,-5,-5,-5,True,True
2026-02-04,H26,1,1,20,08:30,2026-02-04 08:30:00,2026-02-04 08:35:00,25385.5,25386.75,25230.0,25287.0,23892.0,-1394.0,25300.0,25238.5,25303.75,25287.5835,-1,0,-1,0,-1,0,0,-1,0,0,0,0,0,0,0,1,41722.0,13424.0,5838.0,0.513147,0,13178.0,32.0,4844.0,5838.0,-4,-4,-3,-3,-3,True,False
2026-02-05,H26,1,1,20,08:30,2026-02-05 08:30:00,2026-02-05 08:35:00,24770.25,24814.75,24652.0,24813.0,28215.0,1015.0,24700.0,24690.0,24753.75,24723.5062,1,1,1,1,1,-1,0,1,0,0,0,0,0,0,0,1,79853.0,1136.0,1586.0,0.971947,0,26133.0,12.0,484.0,1586.0,5,5,6,6,6,False,False
2026-02-06,H26,1,1,20,08:30,2026-02-06 08:30:00,2026-02-06 08:35:00,24760.5,24887.0,24700.75,24856.75,25614.0,258.0,24739.25,24700.75,24846.25,24787.604,1,1,1,1,1,-1,0,1,0,0,0,0,0,0,0,1,49533.0,15057.0,4226.0,0.533767,0,12789.0,4799.0,3800.0,4226.0,5,5,6,6,6,False,False
2026-02-09,H26,1,1,20,08:30,2026-02-09 08:30:00,2026-02-09 08:35:00,25057.75,25075.0,24955.5,25045.25,22413.0,-645.0,24975.0,24961.75,25035.5,25012.0589,-1,1,1,1,1,-1,0,-1,0,0,0,0,0,0,0,1,54550.0,9310.0,1309.0,0.708425,0,18010.0,2372.0,722.0,1309.0,1,1,2,2,2,True,False
2026-02-10,H26,1,1,20,08:30,2026-02-10 08:30:00,2026-02-10 08:35:00,25376.5,25410.0,25346.0,25362.25,17344.0,126.0,25372.0,25357.75,25385.0,25375.7375,-1,-1,-1,0,-1,0,0,1,0,0,0,0,0,0,0,-1,10602.0,28108.0,6011.0,-0.452235,0,2876.0,7157.0,1300.0,6011.0,-3,-3,-4,-4,-4,True,False
2026-02-11,H26,1,1,20,08:30,2026-02-11 08:30:00,2026-02-11 08:35:00,25418.5,25465.25,25366.0,25385.25,19482.0,-424.0,25450.0,25413.25,25464.0,25427.0641,-1,-1,-1,-1,-1,1,0,-1,0,0,0,0,0,0,0,-1,4120.0,40058.0,6713.0,-0.813482,0,1004.0,10923.0,842.0,6713.0,-5,-5,-6,-6,-6,True,True
2026-02-12,H26,1,1,20,08:30,2026-02-12 08:30:00,2026-02-12 08:35:00,25346.25,25376.75,25318.0,25358.25,14290.0,-426.0,25350.0,25339.25,25363.75,25350.9641,1,1,1,0,1,0,0,-1,0,0,0,0,0,0,0,1,20031.0,12414.0,4492.0,0.234767,0,4828.0,3659.0,1311.0,4492.0,3,3,4,4,4,False,False
2026-02-13,H26,1,1,20,08:30,2026-02-13 08:30:00,2026-02-13 08:35:00,24743.0,24799.75,24686.25,24719.25,25299.0,99.0,24784.0,24731.0,24785.5,24747.0209,-1,-1,-1,-1,-1,1,0,1,0,0,0,0,0,0,0,-1,9623.0,49276.0,7690.0,-0.673237,0,2401.0,13590.0,1618.0,7690.0,-3,-3,-4,-4,-4,True,False
2026-02-16,H26,1,1,20,08:30,2026-02-16 08:30:00,2026-02-16 08:35:00,24762.75,24776.5,24746.0,24757.5,2995.0,21.0,24767.5,24757.25,24772.0,24762.3521,-1,0,-1,0,-1,1,0,1,0,0,0,0,0,0,0,-1,2421.0,5160.0,595.0,-0.361298,0,741.0,1445.0,214.0,595.0,-1,-1,-2,-2,-2,True,False
2026-02-17,H26,1,1,20,08:30,2026-02-17 08:30:00,2026-02-17 08:35:00,24659.25,24763.75,24605.75,24758.25,19469.0,855.0,24670.0,24642.0,24713.0,24678.3,1,1,1,1,1,0,0,1,0,0,0,0,0,0,0,1,30035.0,2559.0,12306.0,0.842977,0,5717.0,288.0,1158.0,12306.0,6,6,7,7,7,False,False
2026-02-18,H26,1,1,20,08:30,2026-02-18 08:30:00,2026-02-18 08:35:00,24809.5,24833.75,24752.0,24767.75,23677.0,615.0,24777.0,24773.0,24807.5,24790.3527,-1,-1,-1,-1,-1,-1,0,1,0,0,0,0,0,0,0,-1,9928.0,27668.0,14253.0,-0.471859,0,1591.0,2904.0,4929.0,14253.0,-5,-5,-6,-6,-6,True,True
2026-02-19,H26,1,1,20,08:30,2026-02-19 08:30:00,2026-02-19 08:35:00,24833.75,24883.5,24814.0,24833.75,16005.0,-29.0,24860.0,24833.25,24863.5,24849.0496,0,-1,-1,0,-1,0,0,-1,0,0,0,0,0,0,0,0,15062.0,14567.0,9142.0,0.016707,1,3737.0,3126.0,0.0,9142.0,-4,-4,-4,-4,-4,False,False
2026-02-20,H26,1,1,20,08:30,2026-02-20 08:30:00,2026-02-20 08:35:00,24715.25,24819.5,24678.5,24805.25,18431.0,855.0,24809.0,24725.5,24819.5,24751.0725,1,1,-1,0,1,1,0,1,0,0,0,0,0,0,0,1,21937.0,10297.0,10341.0,0.361109,0,3412.0,2306.0,2372.0,10341.0,4,4,5,5,5,False,False
2026-02-23,H26,1,1,20,08:30,2026-02-23 08:30:00,2026-02-23 08:35:00,24981.0,25040.0,24970.5,25005.0,20789.0,257.0,25010.25,24993.5,25032.5,25005.9458,1,0,-1,0,-1,0,0,1,0,0,0,0,0,0,0,-1,13693.0,36794.0,4986.0,-0.457563,0,2266.0,11677.0,1860.0,4986.0,0,0,-1,-1,-1,False,False
2026-02-24,H26,1,1,20,08:30,2026-02-24 08:30:00,2026-02-24 08:35:00,24805.0,24826.0,24708.75,24739.0,20115.0,-729.0,24768.0,24733.5,24813.25,24769.8627,-1,-1,-1,0,-1,0,0,-1,0,0,0,0,0,0,0,0,18690.0,21455.0,9113.0,-0.068875,0,4779.0,4314.0,1909.0,9113.0,-5,-5,-5,-5,-5,True,True
2026-02-25,H26,1,1,20,08:30,2026-02-25 08:30:00,2026-02-25 08:35:00,25160.25,25244.0,25156.75,25223.0,17505.0,1035.0,25224.0,25204.75,25239.0,25211.9362,1,1,-1,0,1,1,0,1,1,0,0,0,0,0,0,0,16407.0,18640.0,5582.0,-0.063714,0,243.0,5376.0,6304.0,5582.0,5,5,5,5,5,False,False
2026-02-26,H26,1,1,20,08:30,2026-02-26 08:30:00,2026-02-26 08:35:00,25342.0,25342.0,25256.0,25271.75,20800.0,-936.0,25324.25,25285.75,25339.5,25301.24,-1,-1,-1,-1,-1,1,0,-1,-1,0,0,0,0,0,0,-1,11793.0,18330.0,13531.0,-0.21701,0,2054.0,0.0,5215.0,13531.0,-6,-6,-7,-7,-7,True,True
2026-02-27,H26,1,1,20,08:30,2026-02-27 08:30:00,2026-02-27 08:35:00,24815.25,24904.25,24805.0,24880.5,17562.0,1014.0,24896.0,24830.5,24902.75,24851.8241,1,1,-1,0,1,1,0,1,0,0,0,0,0,0,0,0,15974.0,13124.0,10772.0,0.097945,0,1123.0,3623.0,2044.0,10772.0,4,4,4,4,4,False,False
2026-03-02,H26,1,1,20,08:30,2026-03-02 08:30:00,2026-03-02 08:35:00,24644.5,24849.75,24605.0,24832.75,20860.0,794.0,24794.0,24679.75,24849.75,24730.8458,1,1,1,0,1,1,0,1,1,0,0,0,0,0,0,1,26805.0,7394.0,11807.0,0.56759,0,3109.0,1177.0,4767.0,11807.0,7,7,8,8,8,False,False
2026-03-03,H26,1,1,20,08:30,2026-03-03 08:30:00,2026-03-03 08:35:00,24535.0,24627.0,24515.25,24528.5,21150.0,710.0,24609.75,24562.0,24613.25,24576.4526,0,-1,-1,-1,-1,1,0,1,0,0,0,0,0,0,0,-1,16685.0,29227.0,8769.0,-0.273175,1,4714.0,7667.0,0.0,8769.0,-2,-2,-3,-3,-3,True,False
2026-03-04,H26,1,1,20,08:30,2026-03-04 08:30:00,2026-03-04 08:35:00,24853.5,24968.5,24837.25,24964.5,20057.0,263.0,24927.75,24913.75,24957.5,24923.7878,1,1,1,1,1,1,0,1,1,0,0,0,0,0,0,1,18657.0,9706.0,12825.0,0.315587,0,993.0,141.0,6098.0,12825.0,8,8,9,9,9,False,False
2026-03-05,H26,1,1,20,08:30,2026-03-05 08:30:00,2026-03-05 08:35:00,24987.75,25095.0,24985.25,25093.75,18082.0,1380.0,25030.0,25012.5,25076.0,25044.4841,1,1,1,1,1,0,0,1,1,0,0,0,0,0,0,1,16582.0,5752.0,14005.0,0.484911,0,174.0,26.0,3877.0,14005.0,7,7,8,8,8,False,False
2026-03-06,H26,1,1,20,08:30,2026-03-06 08:30:00,2026-03-06 08:35:00,24685.25,24732.5,24653.5,24705.75,18619.0,223.0,24703.75,24673.75,24706.75,24691.1843,1,0,1,0,1,0,0,1,0,0,0,0,0,0,0,1,29799.0,11212.0,6293.0,0.45322,0,7058.0,3112.0,2156.0,6293.0,4,4,5,5,5,False,False
2026-03-09,H26,1,1,20,08:30,2026-03-09 08:30:00,2026-03-09 08:35:00,24432.25,24525.25,24424.0,24477.25,18025.0,1189.0,24470.0,24457.25,24499.0,24480.8685,1,0,1,0,-1,0,0,1,0,0,0,0,0,0,0,-1,9427.0,33401.0,3808.0,-0.559774,0,340.0,10264.0,3613.0,3808.0,2,2,1,1,1,False,False
2026-03-10,H26,1,1,20,08:30,2026-03-10 08:30:00,2026-03-10 08:35:00,24991.0,25081.75,24990.5,25025.0,14970.0,10.0,25055.25,25025.25,25068.0,25041.7349,1,0,-1,-1,-1,1,0,1,0,0,0,0,0,0,0,-1,4615.0,36089.0,1059.0,-0.773241,0,5.0,11841.0,2065.0,1059.0,0,0,-1,-1,-1,False,False
2026-03-11,H26,1,1,20,08:30,2026-03-11 08:30:00,2026-03-11 08:35:00,25034.75,25099.5,25034.75,25076.5,12322.0,-246.0,25072.5,25067.0,25089.75,25076.9567,1,0,1,0,-1,0,0,-1,0,0,0,0,0,0,0,-1,9175.0,18768.0,2364.0,-0.343306,0,0.0,5663.0,4295.0,2364.0,0,0,-1,-1,-1,False,False
2026-03-12,H26,1,1,20,08:30,2026-03-12 08:30:00,2026-03-12 08:35:00,24775.75,24830.0,24742.25,24814.0,15608.0,12.0,24775.0,24755.25,24796.0,24784.5371,1,1,1,1,1,0,0,1,0,0,0,0,0,0,0,1,24074.0,6433.0,7661.0,0.578261,0,5100.0,1852.0,995.0,7661.0,6,6,7,7,7,False,False
2026-03-13,H26,1,1,20,08:30,2026-03-13 08:30:00,2026-03-13 08:35:00,24645.0,24701.25,24636.25,24660.5,12671.0,181.0,24670.0,24652.75,24674.0,24665.9429,1,0,-1,0,-1,0,0,1,0,0,0,0,0,0,0,-1,4685.0,27054.0,2382.0,-0.70478,0,230.0,8595.0,1464.0,2382.0,0,0,-1,-1,-1,False,False
2026-03-16,H26,1,1,20,08:30,2026-03-16 08:30:00,2026-03-16 08:35:00,24655.75,24708.5,24623.0,24691.25,7754.0,660.0,24697.5,24659.0,24699.5,24670.6151,1,1,-1,0,1,1,0,1,0,0,0,0,0,0,0,1,9499.0,5539.0,3545.0,0.263333,0,1664.0,1445.0,1100.0,3545.0,4,4,5,5,5,False,False
2026-03-17,M26,1,1,20,08:30,2026-03-17 08:30:00,2026-03-17 08:35:00,25000.75,25072.75,24964.0,25056.5,15100.0,772.0,25053.5,24995.75,25072.75,25021.4543,1,1,1,0,1,1,0,1,0,0,0,0,0,0,0,1,28389.0,6004.0,3418.0,0.650859,0,5872.0,1739.0,4071.0,3418.0,6,6,7,7,7,False,False
2026-03-18,M26,1,1,20,08:30,2026-03-18 08:30:00,2026-03-18 08:35:00,24928.25,24961.25,24904.25,24944.5,12545.0,283.0,24943.5,24918.5,24945.75,24935.8726,1,1,1,0,1,1,0,1,0,0,0,0,0,0,0,1,18326.0,10334.0,3699.0,0.278856,0,4332.0,2937.0,1577.0,3699.0,6,6,7,7,7,False,False
2026-03-19,M26,1,1,20,08:30,2026-03-19 08:30:00,2026-03-19 08:35:00,24428.25,24429.25,24329.5,24357.25,16297.0,-69.0,24352.0,24344.5,24373.25,24359.853,-1,-1,1,0,-1,-1,0,-1,-1,0,0,0,0,0,0,1,24429.0,13935.0,2092.0,0.273538,0,7855.0,8.0,6342.0,2092.0,-5,-5,-4,-4,-4,True,False
2026-03-20,M26,1,1,20,08:30,2026-03-20 08:30:00,2026-03-20 08:35:00,24487.25,24491.25,24383.75,24400.5,15179.0,-691.0,24390.0,24385.0,24444.0,24425.9629,-1,-1,1,0,-1,-1,0,-1,-1,0,0,0,0,0,0,0,14038.0,13431.0,6890.0,0.022098,0,3850.0,151.0,4288.0,6890.0,-5,-5,-5,-5,-5,True,False
2026-03-23,M26,1,1,20,08:30,2026-03-23 08:30:00,2026-03-23 08:35:00,24493.25,24516.5,24432.5,24477.25,13739.0,-237.0,24494.25,24466.5,24497.5,24478.3891,-1,0,-1,0,-1,1,0,-1,0,0,0,0,0,0,0,1,18764.0,12888.0,4183.0,0.185644,0,5855.0,2585.0,1116.0,4183.0,-3,-3,-2,-2,-2,True,False
2026-03-24,M26,1,1,20,08:30,2026-03-24 08:30:00,2026-03-24 08:35:00,24254.25,24317.5,24227.0,24304.25,13125.0,189.0,24280.0,24264.25,24311.5,24279.257,1,1,1,0,1,0,0,1,0,0,0,0,0,0,0,1,15323.0,6416.0,7274.0,0.409724,0,1874.0,929.0,3048.0,7274.0,5,5,6,6,6,False,False
2026-03-25,M26,1,1,20,08:30,2026-03-25 08:30:00,2026-03-25 08:35:00,24430.75,24478.5,24426.0,24466.0,10450.0,148.0,24459.0,24448.75,24466.5,24454.6171,1,1,1,0,1,0,0,1,0,0,0,0,0,0,0,1,10812.0,6511.0,4954.0,0.248283,0,262.0,1115.0,4119.0,4954.0,5,5,6,6,6,False,False
2026-03-26,M26,1,1,20,08:30,2026-03-26 08:30:00,2026-03-26 08:35:00,24156.25,24156.25,24088.5,24122.75,12033.0,-163.0,24100.0,24091.5,24115.25,24110.2316,-1,0,1,1,1,-1,0,-1,0,0,0,0,0,0,0,1,30176.0,2857.0,965.0,0.827021,0,9937.0,0.0,1131.0,965.0,0,0,1,1,1,True,False
2026-03-27,M26,1,1,20,08:30,2026-03-27 08:30:00,2026-03-27 08:35:00,23654.5,23664.0,23556.75,23564.0,14273.0,-517.0,23592.75,23557.25,23638.0,23614.2006,-1,-1,-1,0,-1,0,0,-1,-1,0,0,0,0,0,0,-1,5824.0,13136.0,10843.0,-0.385654,0,600.0,683.0,2147.0,10843.0,-6,-6,-7,-7,-7,True,True
2026-03-30,M26,1,1,20,08:30,2026-03-30 08:30:00,2026-03-30 08:35:00,23508.75,23538.25,23457.5,23463.75,12721.0,-245.0,23520.0,23488.0,23535.25,23499.5518,-1,-1,-1,-1,-1,1,0,-1,0,0,0,0,0,0,0,-1,3194.0,19219.0,7382.0,-0.714987,0,400.0,4030.0,909.0,7382.0,-5,-5,-6,-6,-6,True,True
2026-03-31,M26,1,1,20,08:30,2026-03-31 08:30:00,2026-03-31 08:35:00,23381.75,23459.25,23378.75,23458.0,13417.0,1233.0,23424.0,23395.5,23436.0,23415.8668,1,1,1,1,1,0,0,1,1,0,0,0,0,0,0,1,11705.0,3876.0,11370.0,0.502471,0,83.0,34.0,1930.0,11370.0,7,7,8,8,8,False,False
2026-04-01,M26,1,1,20,08:30,2026-04-01 08:30:00,2026-04-01 08:35:00,24087.75,24162.5,24043.25,24157.5,15131.0,-327.0,24143.0,24077.5,24162.5,24099.1521,1,1,1,0,1,1,0,-1,0,0,0,0,0,0,0,1,28840.0,2787.0,5742.0,0.823758,0,6805.0,302.0,2282.0,5742.0,4,4,5,5,5,False,False
2026-04-02,M26,1,1,20,08:30,2026-04-02 08:30:00,2026-04-02 08:35:00,23763.5,23818.75,23762.75,23789.0,13105.0,619.0,23800.0,23783.25,23813.75,23790.8848,1,0,-1,0,-1,0,0,1,0,0,0,0,0,0,0,-1,5068.0,26101.0,3259.0,-0.674805,0,21.0,8240.0,1585.0,3259.0,0,0,-1,-1,-1,False,False
2026-04-06,M26,1,1,20,08:30,2026-04-06 08:30:00,2026-04-06 08:35:00,24265.25,24370.25,24263.5,24354.75,13131.0,315.0,24350.0,24314.0,24362.25,24328.694,1,1,1,0,1,1,0,1,1,0,0,0,0,0,0,0,11902.0,8987.0,6871.0,0.139547,0,44.0,1503.0,4713.0,6871.0,7,7,7,7,7,False,False
2026-04-07,M26,1,1,20,08:30,2026-04-07 08:30:00,2026-04-07 08:35:00,24243.5,24308.0,24198.0,24220.75,12041.0,-225.0,24227.0,24198.5,24256.75,24243.0687,-1,-1,-1,0,-1,-1,0,-1,0,0,0,0,0,0,0,-1,9340.0,20805.0,2375.0,-0.380328,0,2627.0,5811.0,1228.0,2375.0,-6,-6,-7,-7,-7,True,True
2026-04-08,M26,1,1,20,08:30,2026-04-08 08:30:00,2026-04-08 08:35:00,25199.5,25249.75,25132.5,25163.5,18582.0,-264.0,25152.0,25132.5,25191.25,25173.8066,-1,-1,1,0,-1,-1,0,-1,0,0,0,0,0,0,0,1,27713.0,19085.0,3464.0,0.184367,0,9124.0,3987.0,2007.0,3464.0,-4,-4,-3,-3,-3,True,False
2026-04-09,M26,1,1,20,08:30,2026-04-09 08:30:00,2026-04-09 08:35:00,25081.0,25103.5,25019.0,25028.0,13373.0,-917.0,25061.0,25054.0,25098.75,25066.0334,-1,-1,-1,-1,-1,0,0,-1,0,0,0,0,0,0,0,-1,3966.0,19888.0,7552.0,-0.667477,0,697.0,3979.0,1145.0,7552.0,-6,-6,-7,-7,-7,True,True
2026-04-10,M26,1,1,20,08:30,2026-04-10 08:30:00,2026-04-10 08:35:00,25315.25,25369.25,25309.25,25336.0,13309.0,151.0,25348.0,25331.0,25361.0,25341.0939,1,0,-1,0,-1,0,0,1,0,0,0,0,0,0,0,-1,4765.0,28403.0,3034.0,-0.712675,0,483.0,9101.0,691.0,3034.0,0,0,-1,-1,-1,False,False
2026-04-13,M26,1,1,20,08:30,2026-04-13 08:30:00,2026-04-13 08:35:00,25215.75,25238.25,25196.5,25222.0,15046.0,56.0,25217.5,25212.75,25232.75,25218.8846,1,0,1,0,1,0,0,1,0,0,0,0,0,0,0,0,18642.0,19801.0,2941.0,-0.030149,0,5003.0,6289.0,813.0,2941.0,4,4,4,4,4,False,False
2026-04-14,M26,1,1,20,08:30,2026-04-14 08:30:00,2026-04-14 08:35:00,25656.25,25727.5,25656.0,25718.5,14769.0,417.0,25687.0,25677.25,25713.75,25697.6402,1,1,1,1,1,0,0,1,1,0,0,0,0,0,0,1,15350.0,8225.0,7650.0,0.302227,0,3.0,1684.0,5432.0,7650.0,7,7,8,8,8,False,False
2026-04-15,M26,1,1,20,08:30,2026-04-15 08:30:00,2026-04-15 08:35:00,26023.5,26040.5,25995.25,26019.5,13086.0,-154.0,26010.0,26005.75,26031.0,26019.2855,0,0,1,0,1,-1,0,-1,0,0,0,0,0,0,0,-1,11559.0,16765.0,5467.0,-0.183802,1,2681.0,4938.0,0.0,5467.0,0,0,-1,-1,-1,True,False
2026-04-16,M26,1,1,20,08:30,2026-04-16 08:30:00,2026-04-16 08:35:00,26439.0,26453.25,26367.75,26394.0,15830.0,-826.0,26393.75,26372.0,26403.25,26396.6709,-1,-1,1,0,-1,-1,0,-1,0,0,0,0,0,0,0,1,25938.0,13398.0,2220.0,0.318792,0,8404.0,1520.0,3686.0,2220.0,-4,-4,-3,-3,-3,True,False
2026-04-17,M26,1,1,20,08:30,2026-04-17 08:30:00,2026-04-17 08:35:00,26692.5,26720.25,26629.5,26672.0,19256.0,-944.0,26706.25,26670.25,26718.0,26682.2219,-1,0,-1,0,-1,1,0,-1,0,0,0,0,0,0,0,0,20456.0,27653.0,4014.0,-0.149598,0,6357.0,7339.0,1546.0,4014.0,-3,-3,-3,-3,-3,True,False
2026-04-20,M26,1,1,20,08:30,2026-04-20 08:30:00,2026-04-20 08:35:00,26796.5,26827.75,26748.0,26812.25,14747.0,71.0,26767.5,26754.0,26807.0,26789.7901,1,1,1,1,1,-1,0,1,0,0,0,0,0,0,0,1,29160.0,7940.0,2800.0,0.571968,0,8226.0,2180.0,1541.0,2800.0,5,5,6,6,6,False,False
2026-04-21,M26,1,1,20,08:30,2026-04-21 08:30:00,2026-04-21 08:35:00,26808.0,26826.5,26737.75,26759.0,15079.0,-1869.0,26755.0,26740.0,26784.5,26771.1971,-1,-1,1,0,-1,-1,0,-1,0,0,0,0,0,0,0,1,20381.0,14000.0,4150.0,0.185597,0,6236.0,2160.0,2533.0,4150.0,-4,-4,-3,-3,-3,True,False
2026-04-22,M26,1,1,20,08:30,2026-04-22 08:30:00,2026-04-22 08:35:00,26881.0,26892.75,26813.5,26824.75,13528.0,-668.0,26868.0,26838.75,26892.75,26852.8529,-1,-1,-1,-1,-1,1,0,-1,-1,0,0,0,0,0,0,-1,6305.0,15176.0,8308.0,-0.41297,0,1629.0,1104.0,2487.0,8308.0,-6,-6,-7,-7,-7,True,True
2026-04-23,M26,1,1,20,08:30,2026-04-23 08:30:00,2026-04-23 08:35:00,27014.25,27017.25,26965.0,27004.25,13020.0,-694.0,27002.0,26988.5,27011.25,26996.1209,-1,1,1,0,1,1,0,-1,0,0,0,0,0,0,0,1,31154.0,3686.0,1515.0,0.788404,0,10171.0,202.0,1132.0,1515.0,2,2,3,3,3,True,False
2026-04-24,M26,1,1,20,08:30,2026-04-24 08:30:00,2026-04-24 08:35:00,27210.0,27245.25,27176.25,27220.75,15920.0,-702.0,27202.75,27183.5,27213.5,27205.2562,1,0,1,1,1,0,0,-1,0,0,0,0,0,0,0,1,35279.0,8607.0,1782.0,0.607756,0,11080.0,2748.0,310.0,1782.0,3,3,4,4,4,False,False
2026-04-27,M26,1,1,20,08:30,2026-04-27 08:30:00,2026-04-27 08:35:00,27410.75,27435.0,27362.25,27369.0,14394.0,-558.0,27379.25,27363.0,27393.0,27388.1964,-1,-1,-1,0,-1,-1,0,-1,0,0,0,0,0,0,0,-1,6527.0,19453.0,6161.0,-0.497537,0,910.0,2443.0,4880.0,6161.0,-6,-6,-7,-7,-7,True,True
2026-04-28,M26,1,1,20,08:30,2026-04-28 08:30:00,2026-04-28 08:35:00,27161.0,27162.5,27068.25,27139.5,19336.0,-48.0,27104.25,27076.0,27131.25,27113.4031,-1,1,1,1,1,0,0,-1,0,0,0,0,0,0,0,1,50352.0,3688.0,1214.0,0.863509,0,16571.0,17.0,1534.0,1214.0,2,2,3,3,3,True,False
2026-04-29,M26,1,1,20,08:30,2026-04-29 08:30:00,2026-04-29 08:35:00,27206.75,27218.0,27132.25,27147.0,14339.0,-697.0,27140.0,27134.5,27172.5,27164.342,-1,-1,1,0,-1,-1,0,-1,0,0,0,0,0,0,0,0,12295.0,16197.0,4793.0,-0.136951,0,3348.0,1259.0,4939.0,4793.0,-4,-4,-4,-4,-4,True,False
2026-04-30,M26,1,1,20,08:30,2026-04-30 08:30:00,2026-04-30 08:35:00,27489.75,27491.5,27341.25,27345.25,19558.0,-1308.0,27405.25,27387.75,27479.0,27410.7086,-1,-1,-1,-1,-1,0,0,-1,-1,0,0,0,0,0,0,-1,7342.0,17186.0,14753.0,-0.401337,0,167.0,33.0,4605.0,14753.0,-7,-7,-8,-8,-8,True,True
2026-05-01,M26,1,1,20,08:30,2026-05-01 08:30:00,2026-05-01 08:35:00,27632.75,27748.25,27617.75,27736.25,19399.0,1475.0,27730.0,27663.25,27748.25,27687.1325,1,1,1,0,1,1,0,1,1,0,0,0,0,0,0,1,20405.0,9504.0,11927.0,0.364472,0,1821.0,1254.0,4397.0,11927.0,7,7,8,8,8,False,False
2026-05-04,M26,1,1,20,08:30,2026-05-04 08:30:00,2026-05-04 08:35:00,27854.5,27874.5,27810.0,27827.25,14846.0,200.0,27826.5,27815.0,27854.0,27840.4969,-1,-1,1,0,-1,-1,0,1,0,0,0,0,0,0,0,-1,13211.0,19183.0,5118.0,-0.184355,0,3829.0,3991.0,1908.0,5118.0,-2,-2,-3,-3,-3,True,False
2026-05-05,M26,1,1,20,08:30,2026-05-05 08:30:00,2026-05-05 08:35:00,27988.5,28031.25,27971.0,28025.25,15138.0,450.0,28013.5,27991.75,28021.5,28005.7679,1,1,1,1,1,1,0,1,0,0,0,0,0,0,0,1,17951.0,4935.0,9684.0,0.568732,0,1738.0,556.0,3160.0,9684.0,7,7,8,8,8,False,False
2026-05-06,M26,1,1,20,08:30,2026-05-06 08:30:00,2026-05-06 08:35:00,28389.5,28447.0,28336.0,28443.5,19097.0,535.0,28355.0,28336.75,28407.25,28384.7619,1,1,1,1,1,-1,0,1,0,0,0,0,0,0,0,1,40481.0,3956.0,5973.0,0.82195,0,12063.0,229.0,832.0,5973.0,5,5,6,6,6,False,False
2026-05-07,M26,1,1,20,08:30,2026-05-07 08:30:00,2026-05-07 08:35:00,28750.0,28769.5,28720.75,28760.75,14431.0,-327.0,28744.75,28731.25,28754.0,28745.5003,1,1,1,1,1,0,0,-1,0,0,0,0,0,0,0,1,32088.0,6182.0,2085.0,0.676927,0,9629.0,1864.0,853.0,2085.0,4,4,5,5,5,False,False
2026-05-08,M26,1,1,20,08:30,2026-05-08 08:30:00,2026-05-08 08:35:00,28878.5,28970.0,28859.5,28963.5,15160.0,944.0,28940.0,28893.75,28970.0,28916.2752,1,1,1,0,1,1,0,1,1,0,0,0,0,0,0,1,16525.0,5434.0,10381.0,0.505078,0,1672.0,352.0,2755.0,10381.0,7,7,8,8,8,False,False
2026-05-11,M26,1,1,20,08:30,2026-05-11 08:30:00,2026-05-11 08:35:00,29305.0,29434.75,29281.5,29426.75,20332.0,1754.0,29399.75,29337.75,29434.75,29370.9555,1,1,1,0,1,1,0,1,1,0,0,0,0,0,0,1,26242.0,7413.0,10392.0,0.559471,0,2655.0,728.0,6557.0,10392.0,7,7,8,8,8,False,False
2026-05-12,M26,1,1,20,08:30,2026-05-12 08:30:00,2026-05-12 08:35:00,29213.0,29227.25,29145.75,29197.75,17276.0,-190.0,29159.5,29159.5,29186.0,29174.0817,-1,0,1,1,1,-1,0,-1,0,0,0,0,0,0,0,1,46584.0,3577.0,635.0,0.857379,0,15375.0,869.0,397.0,635.0,0,0,1,1,1,True,False
2026-05-13,M26,1,1,20,08:30,2026-05-13 08:30:00,2026-05-13 08:35:00,29286.5,29288.5,29216.0,29257.5,16517.0,-589.0,29263.5,29236.75,29272.0,29251.8343,-1,0,-1,0,1,0,0,-1,0,0,0,0,0,0,0,1,29805.0,9267.0,3314.0,0.525645,0,9334.0,45.0,3824.0,3314.0,-2,-2,-1,-1,-1,True,False
2026-05-14,M26,1,1,20,08:30,2026-05-14 08:30:00,2026-05-14 08:35:00,29476.25,29552.0,29458.5,29550.0,17009.0,147.0,29479.0,29458.5,29524.25,29504.3934,1,1,1,1,1,-1,0,1,1,0,0,0,0,0,0,1,22317.0,3922.0,10607.0,0.701056,0,2749.0,79.0,3574.0,10607.0,6,6,7,7,7,False,False
2026-05-15,M26,1,1,20,08:30,2026-05-15 08:30:00,2026-05-15 08:35:00,29277.75,29291.0,29188.75,29254.0,20783.0,253.0,29254.75,29219.75,29282.0,29241.9039,-1,0,-1,0,1,0,0,1,0,0,0,0,0,0,0,1,41107.0,11194.0,3453.0,0.571939,0,13110.0,1078.0,3142.0,3453.0,0,0,1,1,1,True,False
2026-05-18,M26,1,1,20,08:30,2026-05-18 08:30:00,2026-05-18 08:35:00,29338.5,29356.25,29276.25,29288.25,20422.0,136.0,29319.5,29304.75,29338.5,29318.2691,-1,-1,-1,-1,-1,0,0,1,0,0,0,0,0,0,0,-1,6539.0,21453.0,15345.0,-0.532795,0,916.0,1577.0,2584.0,15345.0,-4,-4,-5,-5,-5,True,True
2026-05-19,M26,1,1,20,08:30,2026-05-19 08:30:00,2026-05-19 08:35:00,28850.25,28999.0,28850.25,28957.75,22991.0,489.0,28970.25,28911.5,28999.0,28934.3969,1,1,-1,0,1,1,0,1,1,0,0,0,0,0,0,-1,13141.0,31275.0,10392.0,-0.408276,0,0.0,8853.0,3746.0,10392.0,5,5,4,4,4,False,False
2026-05-20,M26,1,1,20,08:30,2026-05-20 08:30:00,2026-05-20 08:35:00,29073.5,29154.5,29069.5,29135.5,17858.0,548.0,29135.0,29107.25,29152.25,29119.3684,1,1,1,0,1,1,0,1,1,0,0,0,0,0,0,0,15352.0,15661.0,8655.0,-0.009964,0,131.0,3877.0,5195.0,8655.0,7,7,7,7,7,False,False
2026-05-21,M26,1,1,20,08:30,2026-05-21 08:30:00,2026-05-21 08:35:00,29217.25,29266.25,29174.0,29264.5,17702.0,614.0,29224.5,29205.75,29240.25,29217.8935,1,1,1,1,1,0,0,1,0,0,0,0,0,0,0,1,33915.0,1028.0,8875.0,0.941161,0,8388.0,26.0,413.0,8875.0,6,6,7,7,7,False,False
2026-05-22,M26,1,1,20,08:30,2026-05-22 08:30:00,2026-05-22 08:35:00,29580.0,29657.75,29551.25,29649.0,19934.0,398.0,29625.0,29594.75,29655.0,29611.7491,1,1,1,0,1,1,0,1,0,0,0,0,0,0,0,1,27909.0,7716.0,9509.0,0.566821,0,4481.0,805.0,5139.0,9509.0,6,6,7,7,7,False,False
2026-05-25,M26,1,1,20,08:30,2026-05-25 08:30:00,2026-05-25 08:35:00,29940.5,29959.5,29939.75,29954.0,1802.0,146.0,29946.25,29942.25,29950.25,29948.1832,1,1,1,1,1,-1,0,1,0,0,0,0,0,0,0,0,1243.0,1204.0,1344.0,0.015938,0,3.0,257.0,198.0,1344.0,5,5,5,5,5,False,False
2026-05-26,M26,1,1,20,08:30,2026-05-26 08:30:00,2026-05-26 08:35:00,29902.0,29935.0,29842.0,29852.75,21455.0,-525.0,29899.0,29865.75,29919.25,29893.1851,-1,-1,-1,-1,-1,0,0,-1,0,0,0,0,0,0,0,-1,5476.0,35045.0,11169.0,-0.72972,0,1302.0,7478.0,1506.0,11169.0,-6,-6,-7,-7,-7,True,True
2026-05-27,M26,1,1,20,08:30,2026-05-27 08:30:00,2026-05-27 08:35:00,30187.5,30192.0,30125.75,30140.75,22706.0,-652.0,30150.0,30134.5,30161.25,30150.938,-1,-1,-1,0,-1,0,0,-1,-1,0,0,0,0,0,0,0,20532.0,21046.0,9146.0,-0.012362,0,5058.0,254.0,8248.0,9146.0,-6,-6,-6,-6,-6,True,True
2026-05-28,M26,1,1,20,08:30,2026-05-28 08:30:00,2026-05-28 08:35:00,30053.0,30112.0,30005.5,30010.75,19378.0,134.0,30091.25,30056.75,30109.5,30067.5453,-1,-1,-1,-1,-1,1,0,1,0,0,0,0,0,0,0,-1,2670.0,48628.0,2096.0,-0.895902,0,700.0,13938.0,2644.0,2096.0,-3,-3,-4,-4,-4,True,False
2026-05-29,M26,1,1,20,08:30,2026-05-29 08:30:00,2026-05-29 08:35:00,30383.0,30426.0,30364.75,30375.0,20850.0,410.0,30400.0,30381.5,30410.5,30394.9513,-1,-1,-1,-1,-1,0,0,1,0,0,0,0,0,0,0,-1,2902.0,53448.0,2852.0,-0.897001,0,733.0,16879.0,386.0,2852.0,-4,-4,-5,-5,-5,True,True
2026-06-01,M26,1,1,20,08:30,2026-06-01 08:30:00,2026-06-01 08:35:00,30343.0,30424.25,30309.5,30380.5,20135.0,827.0,30344.25,30342.25,30404.75,30367.1088,1,0,1,0,1,-1,0,1,0,0,0,0,0,0,0,0,19883.0,24193.0,7168.0,-0.097786,0,3959.0,7101.0,1907.0,7168.0,3,3,3,3,3,False,False
2026-06-02,M26,1,1,20,08:30,2026-06-02 08:30:00,2026-06-02 08:35:00,30557.0,30567.75,30467.0,30476.75,17513.0,-439.0,30512.0,30485.25,30534.5,30508.8852,-1,-1,-1,-1,-1,0,0,-1,-1,0,0,0,0,0,0,-1,9443.0,16689.0,11136.0,-0.277285,0,878.0,1364.0,4135.0,11136.0,-7,-7,-8,-8,-8,True,True
2026-06-03,M26,1,1,20,08:30,2026-06-03 08:30:00,2026-06-03 08:35:00,30754.75,30807.75,30714.0,30714.25,21017.0,-125.0,30789.0,30765.75,30800.75,30772.4168,-1,-1,-1,-1,-1,1,0,-1,0,0,0,0,0,0,0,-1,547.0,56559.0,2462.0,-0.980843,0,1.0,17548.0,1006.0,2462.0,-5,-5,-6,-6,-6,True,True
2026-06-04,M26,1,1,20,08:30,2026-06-04 08:30:00,2026-06-04 08:35:00,30268.25,30353.75,30210.0,30343.5,24784.0,424.0,30345.0,30253.25,30353.5,30281.6261,1,1,-1,0,1,1,0,1,0,0,0,0,0,0,0,1,44602.0,8752.0,9079.0,0.671927,0,10932.0,1933.0,2840.0,9079.0,4,4,5,5,5,False,False
2026-06-05,M26,1,1,20,08:30,2026-06-05 08:30:00,2026-06-05 08:35:00,30035.75,30100.5,29998.75,30044.25,24748.0,98.0,30080.0,30029.25,30097.25,30051.4174,0,0,-1,0,-1,1,0,1,0,0,0,0,0,0,0,0,27676.0,30142.0,8213.0,-0.042651,1,8002.0,8533.0,0.0,8213.0,0,0,0,0,0,False,False
2026-06-08,M26,1,1,20,08:30,2026-06-08 08:30:00,2026-06-08 08:35:00,29526.0,29584.0,29412.0,29417.5,24371.0,-407.0,29515.75,29481.75,29567.25,29508.4429,-1,-1,-1,-1,-1,0,0,-1,0,0,0,0,0,0,0,-1,2929.0,39024.0,14161.0,-0.860368,0,182.0,7224.0,2804.0,14161.0,-6,-6,-7,-7,-7,True,True
2026-06-09,M26,1,1,20,08:30,2026-06-09 08:30:00,2026-06-09 08:35:00,29737.0,29748.0,29633.25,29649.75,18881.0,-1785.0,29723.25,29670.25,29732.25,29690.6853,-1,-1,-1,-1,-1,1,0,-1,-1,0,0,0,0,0,0,-1,10396.0,16529.0,13255.0,-0.227781,0,2126.0,292.0,3208.0,13255.0,-6,-6,-7,-7,-7,True,True
2026-06-10,M26,1,1,20,08:30,2026-06-10 08:30:00,2026-06-10 08:35:00,28853.0,28953.25,28778.0,28780.25,15774.0,-332.0,28864.5,28823.5,28913.75,28874.3561,-1,-1,-1,-1,-1,0,0,-1,0,0,0,0,0,0,0,-1,1074.0,37137.0,4333.0,-0.943786,0,22.0,10974.0,445.0,4333.0,-6,-6,-7,-7,-7,True,True
2026-06-11,M26,1,1,20,08:30,2026-06-11 08:30:00,2026-06-11 08:35:00,28752.5,28786.25,28671.0,28686.5,14582.0,-414.0,28695.25,28683.5,28737.5,28719.0271,-1,-1,-1,0,-1,-1,0,-1,0,0,0,0,0,0,0,-1,7802.0,16509.0,8103.0,-0.358151,0,1316.0,1984.0,3179.0,8103.0,-6,-6,-7,-7,-7,True,True
2026-06-12,M26,1,1,20,08:30,2026-06-12 08:30:00,2026-06-12 08:35:00,29494.5,29501.0,29303.0,29339.0,13338.0,-1198.0,29407.0,29341.75,29446.25,29382.0745,-1,-1,-1,-1,-1,0,0,-1,-1,0,0,0,0,0,0,1,13939.0,7724.0,8030.0,0.286895,0,2964.0,88.0,2256.0,8030.0,-7,-7,-6,-6,-6,True,False
2026-06-15,M26,1,1,20,08:30,2026-06-15 08:30:00,2026-06-15 08:35:00,30333.5,30393.5,30302.25,30357.75,5118.0,-24.0,30373.5,30346.75,30392.5,30360.249,1,0,-1,0,-1,1,0,-1,0,0,0,0,0,0,0,-1,3840.0,9859.0,731.0,-0.439375,0,985.0,3209.0,193.0,731.0,-1,-1,-2,-2,-2,False,False
2026-06-16,U26,1,1,20,08:30,2026-06-16 08:30:00,2026-06-16 08:35:00,30812.5,30819.0,30750.75,30791.75,13113.0,-729.0,30790.0,30770.75,30801.25,30785.4571,-1,0,1,0,1,0,0,-1,0,0,0,0,0,0,0,1,27786.0,4971.0,2535.0,0.696492,0,8916.0,150.0,1512.0,2535.0,0,0,1,1,1,True,False
2026-06-17,U26,1,1,20,08:30,2026-06-17 08:30:00,2026-06-17 08:35:00,30526.0,30527.75,30420.0,30441.25,12479.0,-937.0,30456.5,30445.25,30502.5,30465.5873,-1,-1,-1,-1,-1,0,0,-1,-1,0,0,0,0,0,0,1,12192.0,8810.0,6773.0,0.161032,0,2799.0,18.0,2889.0,6773.0,-7,-7,-6,-6,-6,True,False
2026-06-18,U26,1,1,20,08:30,2026-06-18 08:30:00,2026-06-18 08:35:00,30594.5,30615.5,30482.25,30486.0,18711.0,-2109.0,30562.25,30549.0,30586.25,30563.0835,-1,-1,-1,-1,-1,0,0,-1,-1,0,0,0,0,0,0,-1,2270.0,20685.0,16145.0,-0.802222,0,146.0,1542.0,878.0,16145.0,-7,-7,-8,-8,-8,True,True
2026-06-19,U26,1,1,20,08:30,2026-06-19 08:30:00,2026-06-19 08:35:00,30646.25,30678.25,30631.75,30645.75,2159.0,-47.0,30660.25,30637.5,30662.5,30654.764,0,-1,-1,0,-1,0,0,-1,0,0,0,0,0,0,0,0,2474.0,2023.0,988.0,0.100289,1,640.0,531.0,0.0,988.0,-4,-4,-4,-4,-4,True,False
2026-06-22,U26,1,1,20,08:30,2026-06-22 08:30:00,2026-06-22 08:35:00,30822.75,30904.0,30756.75,30783.75,16694.0,58.0,30780.0,30757.25,30851.25,30827.4796,-1,-1,1,0,-1,-1,0,1,0,0,0,0,0,0,0,-1,12788.0,32705.0,1738.0,-0.437804,0,4091.0,9773.0,1092.0,1738.0,-2,-2,-3,-3,-3,True,False
2026-06-23,U26,1,1,20,08:30,2026-06-23 08:30:00,2026-06-23 08:35:00,29718.25,29773.0,29616.5,29768.25,24439.0,167.0,29670.0,29633.5,29738.5,29703.3712,1,1,1,1,1,0,0,1,0,0,0,0,0,0,0,1,50710.0,2999.0,8511.0,0.888324,0,13224.0,154.0,2550.0,8511.0,6,6,7,7,7,False,False
2026-06-24,U26,1,1,20,08:30,2026-06-24 08:30:00,2026-06-24 08:35:00,29711.25,29840.0,29635.0,29808.25,18778.0,1182.0,29673.75,29635.0,29780.25,29718.9574,1,1,1,1,1,-1,0,1,0,0,0,0,0,0,0,1,40461.0,8914.0,2049.0,0.638927,0,11240.0,2658.0,2831.0,2049.0,5,5,6,6,6,False,False
2026-06-25,U26,1,1,20,08:30,2026-06-25 08:30:00,2026-06-25 08:35:00,30153.25,30193.0,30040.0,30057.75,18800.0,-782.0,30070.0,30040.75,30122.75,30097.5145,-1,-1,-1,0,-1,-1,0,-1,0,0,0,0,0,0,0,-1,11723.0,23432.0,7808.0,-0.333068,0,2942.0,2431.0,5619.0,7808.0,-6,-6,-7,-7,-7,True,True
2026-06-26,U26,1,1,20,08:30,2026-06-26 08:30:00,2026-06-26 08:35:00,29362.5,29371.75,29181.5,29231.75,14854.0,-208.0,29200.0,29181.5,29329.5,29289.0002,-1,-1,1,0,-1,-1,0,-1,0,0,0,0,0,0,0,0,10724.0,13285.0,9297.0,-0.106668,0,3167.0,431.0,1959.0,9297.0,-4,-4,-4,-4,-4,True,False
2026-06-29,U26,1,1,20,08:30,2026-06-29 08:30:00,2026-06-29 08:35:00,29645.0,29769.25,29557.0,29760.25,14635.0,315.0,29726.0,29623.0,29769.25,29664.9172,1,1,1,0,1,1,0,1,0,0,0,0,0,0,0,1,23708.0,4578.0,6956.0,0.676306,0,5553.0,419.0,1707.0,6956.0,6,6,7,7,7,False,False
2026-06-30,U26,1,1,20,08:30,2026-06-30 08:30:00,2026-06-30 08:35:00,30047.5,30189.0,30033.0,30179.0,15879.0,551.0,30113.75,30083.25,30189.0,30113.1347,1,1,1,0,1,0,0,1,1,0,0,0,0,0,0,1,14873.0,7030.0,11346.0,0.358079,0,909.0,629.0,2995.0,11346.0,6,6,7,7,7,False,False
2026-07-01,U26,1,1,20,08:30,2026-07-01 08:30:00,2026-07-01 08:35:00,30235.75,30260.0,30104.75,30117.5,23252.0,-878.0,30200.25,30152.0,30259.5,30182.0853,-1,-1,-1,-1,-1,0,0,-1,-1,0,0,0,0,0,0,-1,5468.0,29830.0,14433.0,-0.690181,0,979.0,2248.0,5592.0,14433.0,-7,-7,-8,-8,-8,True,True
2026-07-02,U26,1,1,20,08:30,2026-07-02 08:30:00,2026-07-02 08:35:00,30076.25,30138.25,30007.75,30135.25,15528.0,548.0,30106.5,30048.75,30114.5,30074.5583,1,1,1,1,1,1,0,1,0,0,0,0,0,0,0,1,30635.0,1250.0,6599.0,0.921593,0,7399.0,48.0,1482.0,6599.0,7,7,8,8,8,False,False
2026-07-03,U26,1,1,20,08:30,2026-07-03 08:30:00,2026-07-03 08:35:00,29921.0,29955.25,29921.0,29930.0,2787.0,41.0,29945.0,29939.0,29954.0,29942.5187,1,-1,-1,-1,-1,1,0,1,0,0,0,0,0,0,0,-1,196.0,7891.0,95.0,-0.951527,0,0.0,2610.0,82.0,95.0,-1,-1,-2,-2,-2,False,False
2026-07-06,U26,1,1,20,08:30,2026-07-06 08:30:00,2026-07-06 08:35:00,29835.75,29939.25,29776.25,29926.5,13905.0,685.0,29865.5,29848.0,29916.0,29873.2356,1,1,1,1,1,0,0,1,0,0,0,0,0,0,0,1,18411.0,3994.0,8266.0,0.643472,0,2304.0,557.0,2778.0,8266.0,6,6,7,7,7,False,False
2026-07-07,U26,1,1,20,08:30,2026-07-07 08:30:00,2026-07-07 08:35:00,29593.0,29685.75,29515.25,29532.5,21402.0,-2736.0,29600.0,29560.0,29662.25,29598.4942,-1,-1,-1,-1,-1,0,0,-1,0,0,0,0,0,0,0,-1,5177.0,45069.0,5519.0,-0.793934,0,1285.0,11703.0,2895.0,5519.0,-6,-6,-7,-7,-7,True,True
2026-07-08,U26,1,1,20,08:30,2026-07-08 08:30:00,2026-07-08 08:35:00,29202.75,29327.5,29201.0,29303.5,16028.0,110.0,29300.0,29250.0,29324.0,29274.0253,1,1,1,0,1,1,0,1,1,0,0,0,0,0,0,0,14173.0,12761.0,8400.0,0.052424,0,1.0,3277.0,4350.0,8400.0,7,7,7,7,7,False,False
2026-07-09,U26,1,1,20,08:30,2026-07-09 08:30:00,2026-07-09 08:35:00,29746.75,29781.5,29672.0,29778.75,13884.0,298.0,29700.0,29687.5,29735.5,29716.3458,1,1,1,1,1,-1,0,1,0,0,0,0,0,0,0,1,36691.0,886.0,1838.0,0.952843,0,11589.0,80.0,377.0,1838.0,5,5,6,6,6,False,False
2026-07-10,U26,1,1,20,08:30,2026-07-10 08:30:00,2026-07-10 08:35:00,29834.75,29921.25,29812.5,29902.75,11902.0,28.0,29888.0,29855.0,29914.75,29873.6181,1,1,1,0,1,1,0,1,0,0,0,0,0,0,0,1,13691.0,9199.0,5120.0,0.196243,0,1930.0,2314.0,2538.0,5120.0,6,6,7,7,7,False,False
2026-07-13,U26,1,1,20,08:30,2026-07-13 08:30:00,2026-07-13 08:35:00,29710.0,29737.25,29631.75,29644.75,13644.0,-564.0,29699.0,29672.5,29733.5,29688.4367,-1,-1,-1,-1,-1,0,0,-1,0,0,0,0,0,0,0,-1,6167.0,18174.0,7864.0,-0.493283,0,1094.0,3823.0,863.0,7864.0,-6,-6,-7,-7,-7,True,True
2026-07-14,U26,1,1,20,08:30,2026-07-14 08:30:00,2026-07-14 08:35:00,29811.0,29815.75,29689.75,29694.5,11318.0,-384.0,29735.5,29722.0,29784.75,29748.8937,-1,-1,-1,-1,-1,0,0,-1,-1,0,0,0,0,0,0,-1,4880.0,8581.0,9401.0,-0.274942,0,170.0,98.0,1649.0,9401.0,-7,-7,-8,-8,-8,True,True
2026-07-15,U26,1,1,20,08:30,2026-07-15 08:30:00,2026-07-15 08:35:00,29955.5,29977.5,29912.5,29953.0,10314.0,-122.0,29920.5,29918.0,29953.5,29942.392,0,0,1,0,1,-1,0,-1,0,0,0,0,0,0,0,1,12662.0,8978.0,4629.0,0.17024,1,3371.0,2314.0,0.0,4629.0,0,0,1,1,1,True,False
2026-07-16,U26,1,1,20,08:30,2026-07-16 08:30:00,2026-07-16 08:35:00,29466.0,29532.0,29429.75,29433.5,11433.0,-451.0,29506.5,29473.5,29519.25,29490.6382,-1,-1,-1,-1,-1,1,0,-1,0,0,0,0,0,0,0,-1,831.0,31291.0,830.0,-0.94826,0,180.0,9908.0,515.0,830.0,-5,-5,-6,-6,-6,True,True
2026-07-17,U26,1,1,20,08:30,2026-07-17 08:30:00,2026-07-17 08:35:00,28607.75,28686.0,28539.75,28553.25,16755.0,-163.0,28666.0,28602.75,28682.25,28621.7929,-1,-1,-1,-1,-1,1,0,-1,0,0,0,0,0,0,0,-1,3839.0,38995.0,2753.0,-0.82075,0,728.0,11369.0,1905.0,2753.0,-5,-5,-6,-6,-6,True,True
2026-07-20,U26,1,1,20,08:30,2026-07-20 08:30:00,2026-07-20 08:35:00,29045.0,29137.75,29025.75,29136.5,12468.0,374.0,29108.0,29061.5,29137.5,29083.5583,1,1,1,0,1,1,0,1,1,0,0,0,0,0,0,1,12188.0,3578.0,9720.0,0.546112,0,550.0,10.0,2188.0,9720.0,7,7,8,8,8,False,False
2026-07-21,U26,1,1,20,08:30,2026-07-21 08:30:00,2026-07-21 08:35:00,29222.5,29246.25,29133.0,29147.25,17331.0,-181.0,29202.75,29154.75,29214.25,29183.3534,-1,-1,-1,-1,-1,0,0,-1,0,0,0,0,0,0,0,-1,7733.0,20990.0,9372.0,-0.461546,0,1658.0,1775.0,4526.0,9372.0,-6,-6,-7,-7,-7,True,True
2026-07-22,U26,1,1,20,08:30,2026-07-22 08:30:00,2026-07-22 08:35:00,29090.5,29162.25,29090.0,29151.0,13549.0,363.0,29120.0,29099.0,29141.25,29126.3749,1,1,1,1,1,0,0,1,1,0,0,0,0,0,0,1,12395.0,6877.0,9089.0,0.286322,0,4.0,1347.0,3109.0,9089.0,7,7,8,8,8,False,False
2026-07-23,U26,1,1,20,08:30,2026-07-23 08:30:00,2026-07-23 08:35:00,28718.25,28764.5,28657.0,28759.75,18324.0,-28.0,28710.0,28680.75,28734.5,28713.0133,1,1,1,1,1,0,0,-1,0,0,0,0,0,0,0,1,37944.0,2654.0,6830.0,0.869255,0,10589.0,241.0,664.0,6830.0,4,4,5,5,5,False,False
2026-07-24,U26,1,1,20,08:30,2026-07-24 08:30:00,2026-07-24 08:35:00,28540.0,28606.75,28499.5,28603.25,14617.0,623.0,28523.25,28501.5,28553.5,28539.5566,1,1,1,1,1,-1,0,1,0,0,0,0,0,0,0,1,31818.0,1977.0,4749.0,0.883,0,9238.0,72.0,558.0,4749.0,5,5,6,6,6,False,False
2026-07-27,U26,1,1,20,08:30,2026-07-27 08:30:00,2026-07-27 08:35:00,28590.5,28615.75,28487.0,28536.5,15387.0,-137.0,28500.0,28487.0,28579.5,28551.9955,-1,0,1,0,-1,-1,0,-1,0,0,0,0,0,0,0,1,19887.0,11426.0,7144.0,0.270207,0,6130.0,1596.0,517.0,7144.0,-3,-3,-2,-2,-2,True,False
2026-07-28,U26,1,1,20,08:30,2026-07-28 08:30:00,2026-07-28 08:35:00,27948.75,27992.0,27871.25,27877.0,18135.0,523.0,27908.25,27871.75,27932.0,27916.906,-1,-1,-1,0,-1,-1,0,1,0,0,0,0,0,0,0,-1,7288.0,23413.0,9765.0,-0.525227,0,617.0,3579.0,4174.0,9765.0,-4,-4,-5,-5,-5,True,True
2026-07-29,U26,1,1,20,08:30,2026-07-29 08:30:00,2026-07-29 08:35:00,27914.5,27983.75,27836.5,27957.25,16466.0,-264.0,27950.0,27860.0,27952.75,27906.4569,1,1,1,1,1,1,0,-1,0,0,0,0,0,0,0,1,33426.0,8906.0,3240.0,0.579231,0,9956.0,2684.0,586.0,3240.0,5,5,6,6,6,False,False
2026-07-30,U26,1,1,20,08:30,2026-07-30 08:30:00,2026-07-30 08:35:00,27877.25,27892.0,27813.25,27871.25,18739.0,75.0,27881.25,27848.75,27882.5,27858.079,0,1,-1,0,1,1,0,1,0,0,0,0,0,0,0,-1,11245.0,28604.0,8184.0,-0.435619,1,2727.0,7828.0,0.0,8184.0,3,3,2,2,2,True,False
2026-07-31,U26,1,1,20,08:30,2026-07-31 08:30:00,2026-07-31 08:35:00,28576.75,28709.5,28542.5,28682.25,19494.0,574.0,28685.25,28604.75,28709.25,28635.6542,1,1,-1,0,1,1,0,1,0,0,0,0,0,0,0,0,18949.0,18071.0,9609.0,0.023717,0,2684.0,4991.0,2210.0,9609.0,4,4,4,4,4,False,False
2026-08-03,U26,1,1,20,08:30,2026-08-03 08:30:00,2026-08-03 08:35:00,28419.0,28435.25,28313.5,28380.75,19763.0,45.0,28361.0,28337.25,28404.5,28371.6104,-1,0,1,0,1,0,0,1,0,0,0,0,0,0,0,1,36889.0,10047.0,5371.0,0.571885,0,11686.0,1095.0,1611.0,5371.0,2,2,3,3,3,True,False
2026-08-04,U26,1,1,20,08:30,2026-08-04 08:30:00,2026-08-04 08:35:00,29234.75,29384.25,29208.25,29382.75,19404.0,1394.0,29305.0,29268.0,29363.5,29313.3293,1,1,1,1,1,0,0,1,1,0,0,0,0,0,0,1,22064.0,5222.0,12901.0,0.61724,0,1397.0,23.0,5083.0,12901.0,7,7,8,8,8,False,False
2026-08-05,U26,1,1,20,08:30,2026-08-05 08:30:00,2026-08-05 08:35:00,29975.0,30013.25,29935.5,30013.0,19556.0,554.0,29980.5,29957.25,29993.0,29975.9108,1,1,1,1,1,0,0,1,0,0,0,0,0,0,0,1,35186.0,2056.0,10384.0,0.889587,0,8565.0,4.0,603.0,10384.0,6,6,7,7,7,False,False
2026-08-06,U26,1,1,20,08:30,2026-08-06 08:30:00,2026-08-06 08:35:00,29335.0,29373.75,29241.25,29340.0,19490.0,-382.0,29275.0,29258.5,29340.5,29306.1241,0,1,1,0,1,-1,0,-1,0,0,0,0,0,0,0,0,23697.0,20734.0,6989.0,0.066688,1,6753.0,5748.0,0.0,6989.0,1,1,1,1,1,False,False
2026-08-07,U26,1,1,20,08:30,2026-08-07 08:30:00,2026-08-07 08:35:00,29714.75,29813.25,29681.0,29804.75,18754.0,730.0,29715.25,29687.75,29778.75,29750.1365,1,1,1,1,1,-1,0,1,0,0,0,0,0,0,0,1,27174.0,5570.0,9674.0,0.659785,0,3875.0,1079.0,4126.0,9674.0,5,5,6,6,6,False,False
2026-08-10,U26,1,1,20,08:30,2026-08-10 08:30:00,2026-08-10 08:35:00,29805.5,29841.75,29737.0,29740.75,13761.0,-5.0,29749.0,29737.0,29822.25,29803.4814,-1,-1,-1,0,-1,-1,0,-1,0,0,0,0,0,0,0,-1,1509.0,31822.0,3134.0,-0.909454,0,251.0,8692.0,1684.0,3134.0,-6,-6,-7,-7,-7,True,True
2026-08-11,U26,1,1,20,08:30,2026-08-11 08:30:00,2026-08-11 08:35:00,29839.25,29842.5,29726.5,29737.5,16229.0,-591.0,29738.5,29729.25,29785.0,29771.796,-1,-1,-1,0,-1,-1,0,-1,-1,0,0,0,0,0,0,-1,8404.0,16879.0,8724.0,-0.335205,0,1354.0,195.0,5956.0,8724.0,-7,-7,-8,-8,-8,True,True
2026-08-12,U26,1,1,20,08:30,2026-08-12 08:30:00,2026-08-12 08:35:00,29991.25,30001.75,29877.75,29878.5,18679.0,-151.0,29907.0,29877.75,29946.5,29931.3673,-1,-1,-1,0,-1,-1,0,-1,-1,0,0,0,0,0,0,-1,7263.0,18830.0,12354.0,-0.443299,0,18.0,1071.0,5236.0,12354.0,-7,-7,-8,-8,-8,True,True
2026-08-13,U26,1,1,20,08:30,2026-08-13 08:30:00,2026-08-13 08:35:00,29910.25,29947.25,29863.5,29945.5,14522.0,130.0,29900.0,29874.75,29913.5,29898.3348,1,1,1,1,1,0,0,1,0,0,0,0,0,0,0,1,37961.0,983.0,1856.0,0.949517,0,11709.0,47.0,910.0,1856.0,6,6,7,7,7,False,False
2026-08-14,U26,1,1,20,08:30,2026-08-14 08:30:00,2026-08-14 08:35:00,30241.75,30269.5,30205.75,30206.25,14644.0,44.0,30242.0,30228.5,30266.5,30240.0539,-1,-1,-1,-1,-1,0,0,1,0,0,0,0,0,0,0,-1,2397.0,28163.0,6050.0,-0.843128,0,14.0,7344.0,1236.0,6050.0,-4,-4,-5,-5,-5,True,True
2026-08-17,U26,1,1,20,08:30,2026-08-17 08:30:00,2026-08-17 08:35:00,30219.25,30266.0,30191.0,30196.5,16710.0,174.0,30226.25,30215.75,30260.25,30229.6263,-1,-1,-1,-1,-1,0,0,1,0,0,0,0,0,0,0,-1,3894.0,38838.0,3148.0,-0.817748,0,970.0,11490.0,1102.0,3148.0,-4,-4,-5,-5,-5,True,True
2026-08-18,U26,1,1,20,08:30,2026-08-18 08:30:00,2026-08-18 08:35:00,29690.25,29755.25,29631.25,29685.25,24751.0,-2497.0,29668.0,29644.5,29714.5,29690.2332,0,0,1,0,-1,-1,0,-1,0,0,0,0,0,0,0,1,32695.0,23466.0,9030.0,0.164331,1,9312.0,6409.0,0.0,9030.0,-2,-2,-1,-1,-1,True,False
2026-08-19,U26,1,1,20,08:30,2026-08-19 08:30:00,2026-08-19 08:35:00,29696.0,29742.75,29648.5,29673.0,20156.0,68.0,29677.25,29669.0,29708.25,29689.9516,-1,-1,-1,0,-1,-1,0,1,0,0,0,0,0,0,0,-1,12894.0,32828.0,5864.0,-0.435983,0,3806.0,7540.0,2946.0,5864.0,-4,-4,-5,-5,-5,True,True
2026-08-20,U26,1,1,20,08:30,2026-08-20 08:30:00,2026-08-20 08:35:00,29351.0,29434.0,29338.75,29403.25,17748.0,-140.0,29400.0,29379.0,29429.75,29394.2801,1,1,1,0,1,0,0,-1,0,0,0,0,0,0,0,-1,15655.0,22064.0,5678.0,-0.169914,0,1155.0,6746.0,4169.0,5678.0,3,3,2,2,2,False,False
2026-08-21,U26,1,1,20,08:30,2026-08-21 08:30:00,2026-08-21 08:35:00,29469.5,29476.0,29357.75,29362.25,17190.0,-896.0,29370.0,29358.0,29424.25,29403.6966,-1,-1,-1,0,-1,-1,0,-1,-1,0,0,0,0,0,0,-1,3552.0,21990.0,9350.0,-0.72187,0,378.0,134.0,7328.0,9350.0,-7,-7,-8,-8,-8,True,True
2026-08-24,U26,1,1,20,08:30,2026-08-24 08:30:00,2026-08-24 08:35:00,29235.5,29243.0,29083.25,29112.75,21751.0,205.0,29185.0,29116.5,29241.5,29138.6247,-1,-1,-1,-1,-1,0,0,1,-1,0,0,0,0,0,0,0,22342.0,18433.0,8659.0,0.095868,0,5675.0,257.0,7160.0,8659.0,-5,-5,-5,-5,-5,True,False
2026-08-25,U26,1,1,20,08:30,2026-08-25 08:30:00,2026-08-25 08:35:00,29297.0,29376.25,29279.25,29375.25,17787.0,715.0,29344.5,29311.5,29373.25,29331.8997,1,1,1,1,1,1,0,1,1,0,0,0,0,0,0,1,19453.0,5100.0,12489.0,0.584572,0,1390.0,78.0,3830.0,12489.0,8,8,9,9,9,False,False
2026-08-26,U26,1,1,20,08:30,2026-08-26 08:30:00,2026-08-26 08:35:00,29174.5,29283.0,29174.25,29256.0,17327.0,1281.0,29261.25,29226.5,29280.5,29239.6033,1,1,-1,0,1,1,0,1,1,0,0,0,0,0,0,-1,10834.0,22805.0,7430.0,-0.355867,0,1.0,6446.0,3450.0,7430.0,5,5,4,4,4,False,False
2026-08-27,U26,1,1,20,08:30,2026-08-27 08:30:00,2026-08-27 08:35:00,29524.25,29588.75,29452.75,29463.5,23536.0,-212.0,29493.25,29454.0,29537.5,29514.5047,-1,-1,-1,0,-1,-1,0,-1,0,0,0,0,0,0,0,-1,9126.0,35412.0,12132.0,-0.590193,0,1194.0,8404.0,1806.0,12132.0,-6,-6,-7,-7,-7,True,True
2026-08-28,U26,1,1,20,08:30,2026-08-28 08:30:00,2026-08-28 08:35:00,29628.5,29637.0,29562.75,29605.75,17597.0,-433.0,29582.0,29569.0,29605.75,29593.9236,-1,0,1,0,1,-1,0,-1,0,0,0,0,0,0,0,1,39929.0,5603.0,2979.0,0.753887,0,12861.0,456.0,1301.0,2979.0,-1,-1,0,0,0,True,False
2026-08-31,U26,1,1,20,08:30,2026-08-31 08:30:00,2026-08-31 08:35:00,29437.75,29516.75,29417.5,29465.25,16524.0,124.0,29472.0,29423.5,29493.25,29475.2905,1,0,-1,0,-1,0,0,1,0,0,0,0,0,0,0,-1,9433.0,30681.0,3865.0,-0.52969,0,1405.0,9599.0,1655.0,3865.0,0,0,-1,-1,-1,False,False
2026-09-01,U26,1,1,20,08:30,2026-09-01 08:30:00,2026-09-01 08:35:00,29111.75,29124.75,29062.75,29099.25,19217.0,-289.0,29095.0,29084.0,29105.75,29094.4485,-1,0,1,0,1,0,0,-1,0,0,0,0,0,0,0,1,38083.0,10013.0,3651.0,0.583624,0,12088.0,1332.0,2146.0,3651.0,0,0,1,1,1,True,False
2026-09-02,U26,1,1,20,08:30,2026-09-02 08:30:00,2026-09-02 08:35:00,29098.75,29102.75,29042.75,29083.75,15611.0,-129.0,29081.75,29056.0,29083.75,29066.2968,-1,1,1,0,1,0,0,-1,0,0,0,0,0,0,0,1,42659.0,2136.0,681.0,0.904632,0,14107.0,168.0,655.0,681.0,1,1,2,2,2,True,False
2026-09-03,U26,1,1,20,08:30,2026-09-03 08:30:00,2026-09-03 08:35:00,29249.5,29285.0,29222.25,29254.25,19625.0,165.0,29250.25,29237.0,29269.75,29256.3419,0,0,1,0,-1,0,0,1,0,0,0,0,0,0,0,-1,16011.0,23108.0,9878.0,-0.181421,1,3305.0,6442.0,0.0,9878.0,1,1,0,0,0,False,False
2026-09-04,U26,1,1,20,08:30,2026-09-04 08:30:00,2026-09-04 08:35:00,29588.25,29635.0,29554.5,29634.0,16819.0,297.0,29564.75,29557.25,29610.0,29594.8085,1,1,1,1,1,-1,0,1,0,0,0,0,0,0,0,1,29012.0,3236.0,8344.0,0.799305,0,6908.0,46.0,1521.0,8344.0,5,5,6,6,6,False,False
2026-09-07,U26,1,1,20,08:30,2026-09-07 08:30:00,2026-09-07 08:35:00,29614.75,29645.25,29612.25,29626.75,1730.0,132.0,29636.0,29626.0,29643.5,29630.6081,1,0,-1,0,-1,1,0,1,0,0,0,0,0,0,0,-1,651.0,3727.0,322.0,-0.702604,0,61.0,1191.0,156.0,322.0,1,1,0,0,0,False,False
2026-09-08,U26,1,1,20,08:30,2026-09-08 08:30:00,2026-09-08 08:35:00,29644.5,29686.5,29572.0,29600.5,19264.0,246.0,29595.0,29572.0,29651.75,29631.09,-1,-1,1,0,-1,-1,0,1,0,0,0,0,0,0,0,-1,17762.0,28659.0,5065.0,-0.234743,0,5446.0,7545.0,1208.0,5065.0,-2,-2,-3,-3,-3,True,False
2026-09-09,U26,1,1,20,08:30,2026-09-09 08:30:00,2026-09-09 08:35:00,29455.25,29498.75,29418.25,29478.75,18609.0,55.0,29455.0,29435.75,29464.75,29453.7061,1,1,1,1,1,0,0,1,0,0,0,0,0,0,0,1,38126.0,7399.0,4996.0,0.674948,0,11000.0,2325.0,288.0,4996.0,6,6,7,7,7,False,False
2026-09-10,U26,1,1,20,08:30,2026-09-10 08:30:00,2026-09-10 08:35:00,29089.5,29123.25,29057.5,29098.25,20561.0,279.0,29100.0,29088.75,29117.5,29098.8229,1,0,-1,0,-1,0,0,1,0,0,0,0,0,0,0,-1,19858.0,35282.0,2841.0,-0.279724,0,5492.0,11367.0,861.0,2841.0,0,0,-1,-1,-1,False,False
2026-09-11,U26,1,1,20,08:30,2026-09-11 08:30:00,2026-09-11 08:35:00,29417.5,29426.25,29347.25,29419.25,19897.0,133.0,29372.75,29349.75,29392.5,29380.0553,0,1,1,1,1,-1,0,1,0,0,0,0,0,0,0,1,30909.0,14980.0,6867.0,0.34712,1,8967.0,4063.0,0.0,6867.0,4,4,5,5,5,False,False
2026-09-14,U26,1,1,20,08:30,2026-09-14 08:30:00,2026-09-14 08:35:00,28906.5,28932.75,28880.5,28905.0,8179.0,305.0,28906.5,28895.75,28919.75,28907.3018,0,0,-1,0,-1,0,0,1,0,0,0,0,0,0,0,0,7305.0,8612.0,4310.0,-0.082113,1,1627.0,2242.0,0.0,4310.0,-1,-1,-1,-1,-1,True,False
2026-09-15,Z26,1,1,20,08:30,2026-09-15 08:30:00,2026-09-15 08:35:00,29420.75,29424.5,29372.5,29385.5,13876.0,-148.0,29403.75,29385.5,29417.0,29395.41,-1,-1,-1,0,-1,0,0,-1,0,0,0,0,0,0,0,0,14085.0,10476.0,7052.0,0.14694,0,3755.0,106.0,2963.0,7052.0,-5,-5,-5,-5,-5,True,False
2026-09-16,Z26,1,1,20,08:30,2026-09-16 08:30:00,2026-09-16 08:35:00,29386.75,29421.25,29380.0,29405.75,14316.0,-12.0,29394.75,29385.5,29406.0,29400.4042,1,0,1,0,1,0,0,-1,0,0,0,0,0,0,0,0,10907.0,14415.0,7902.0,-0.138536,0,726.0,4028.0,1660.0,7902.0,2,2,2,2,2,False,False
2026-09-17,Z26,1,1,20,08:30,2026-09-17 08:30:00,2026-09-17 08:35:00,29718.25,29737.25,29641.0,29641.75,18530.0,-1012.0,29725.0,29674.25,29735.25,29689.5784,-1,-1,-1,-1,-1,1,0,-1,-1,0,0,0,0,0,0,-1,4208.0,24431.0,11747.0,-0.706135,0,18.0,3413.0,3352.0,11747.0,-6,-6,-7,-7,-7,True,True
