trading_day,contract,m5_bar,open,high,low,close,vol,delta,or5_red,score_v2,vbp_imbalance,vbp_zone_weight,poc,val,vah,vwap,f3_0
2025-06-17,U25,1,22064.0,22110.0,22055.5,22084.0,9429.0,61.0,0,1,-0.525253,-1,22081.5,22076.75,22099.5,22089.2349,0
2025-06-18,U25,1,21993.0,21995.5,21926.25,21930.5,11389.0,-505.0,1,-8,-0.601811,-1,21934.0,21926.25,21978.0,21962.1181,1
2025-06-19,U25,1,21784.5,21786.75,21755.0,21756.25,1787.0,-163.0,1,-9,-0.423323,-1,21762.5,21759.75,21774.5,21767.3006,1
2025-06-20,U25,1,22075.0,22099.75,22040.0,22089.5,12723.0,25.0,0,7,0.558461,1,22082.0,22067.0,22090.0,22074.6667,0
2025-06-23,U25,1,21869.25,21871.0,21758.5,21784.0,16688.0,-868.0,1,-6,0.022699,0,21845.5,21787.75,21856.5,21810.2954,0
2025-06-24,U25,1,22286.25,22314.75,22260.0,22294.5,15012.0,-72.0,0,4,0.432564,1,22291.0,22271.25,22292.5,22286.1714,0
2025-06-25,U25,1,22499.0,22530.0,22493.0,22518.0,13690.0,-310.0,0,1,-0.287331,-1,22523.75,22508.5,22526.75,22514.5329,0
2025-06-26,U25,1,22552.25,22566.5,22514.0,22535.0,13080.0,-606.0,1,-5,-0.387886,-1,22554.25,22538.0,22561.5,22545.0342,1
2025-06-27,U25,1,22707.5,22728.5,22685.25,22717.75,12358.0,80.0,0,7,0.273236,1,22715.0,22700.75,22725.5,22709.6688,0
2025-06-30,U25,1,22871.75,22875.5,22816.75,22825.25,14000.0,-1070.0,1,-6,-0.408979,-1,22820.0,22817.5,22859.0,22846.9469,1
2025-07-01,U25,1,22802.25,22821.25,22793.25,22804.0,11242.0,-412.0,0,-3,-0.100836,0,22808.0,22802.0,22815.5,22807.5788,0
2025-07-02,U25,1,22654.25,22690.5,22651.25,22668.0,11713.0,255.0,0,0,-0.516219,-1,22661.0,22654.25,22675.0,22669.3479,0
2025-07-03,U25,1,22932.0,22985.75,22930.25,22964.0,12866.0,184.0,0,0,-0.599987,-1,22970.0,22959.75,22978.75,22965.0471,0
2025-07-04,U25,1,22918.0,22924.0,22906.25,22915.0,1145.0,-87.0,1,-3,0.255041,1,22917.0,22911.25,22919.0,22915.3431,0
2025-07-07,U25,1,22943.25,22975.75,22900.5,22926.25,17118.0,-1266.0,1,-5,-0.49032,-1,22951.75,22941.25,22973.5,22946.0621,1
2025-07-08,U25,1,22935.5,22943.5,22898.0,22902.25,11260.0,-598.0,1,-8,-0.461756,-1,22918.75,22906.5,22931.75,22922.6955,1
2025-07-09,U25,1,22978.75,23029.25,22978.0,23024.5,13476.0,690.0,0,8,0.389372,1,23006.5,22995.75,23020.5,23009.167,0
2025-07-10,U25,1,23072.75,23090.0,23021.75,23032.5,14057.0,-409.0,1,-7,-0.442964,-1,23044.0,23022.0,23071.25,23056.5289,1
2025-07-11,U25,1,22915.25,22958.25,22909.25,22930.75,12713.0,-597.0,0,-3,-0.621127,-1,22941.25,22927.0,22955.25,22936.3789,0
2025-07-14,U25,1,22942.75,22979.25,22922.0,22935.25,18670.0,-1028.0,1,-7,-0.78588,-1,22941.75,22937.25,22956.5,22949.2668,1
2025-07-15,U25,1,23200.25,23222.75,23161.25,23161.5,16590.0,-898.0,1,-7,-0.816065,-1,23200.0,23180.75,23218.5,23193.1386,1
2025-07-16,U25,1,23074.25,23089.5,23020.0,23027.0,17694.0,-1012.0,1,-7,-0.260789,-1,23035.5,23024.0,23063.0,23052.2217,1
2025-07-17,U25,1,23100.25,23118.25,23065.75,23084.75,14792.0,-272.0,1,-5,-0.198503,-1,23100.0,23082.25,23117.5,23092.7595,1
2025-07-18,U25,1,23301.0,23310.0,23268.5,23291.75,17882.0,912.0,1,1,0.382268,1,23294.0,23282.0,23305.5,23287.6055,0
2025-07-21,U25,1,23256.25,23300.75,23255.25,23300.25,12304.0,886.0,0,8,0.497597,1,23284.25,23279.75,23297.25,23286.0319,0
2025-07-22,U25,1,23346.0,23349.75,23278.5,23289.5,17320.0,62.0,1,-4,-0.258341,-1,23289.0,23278.5,23318.75,23305.8737,0
2025-07-23,U25,1,23261.5,23263.75,23183.0,23220.25,18670.0,178.0,1,3,0.678266,1,23210.75,23185.75,23222.75,23214.9385,0
2025-07-24,U25,1,23374.0,23399.5,23343.25,23367.75,17183.0,-117.0,1,-2,0.205388,1,23357.25,23349.75,23377.75,23369.3912,0
2025-07-25,U25,1,23360.0,23372.75,23343.0,23364.75,11979.0,79.0,0,7,0.483963,1,23358.75,23348.75,23364.0,23358.232,0
2025-07-28,U25,1,23472.75,23499.5,23464.75,23494.25,15430.0,462.0,0,7,0.583587,1,23490.75,23475.25,23494.25,23482.4566,0
2025-07-29,U25,1,23595.25,23635.75,23592.0,23631.5,20063.0,327.0,0,7,0.308027,1,23620.0,23611.25,23633.5,23617.7674,0
2025-07-30,U25,1,23487.0,23491.0,23450.75,23486.5,14431.0,-939.0,1,3,-0.120596,0,23473.0,23465.0,23483.25,23471.1439,0
2025-07-31,U25,1,23747.25,23752.0,23653.75,23678.25,28363.0,-2447.0,1,-4,0.444004,1,23675.0,23654.0,23697.25,23686.979,0
2025-08-01,U25,1,23087.5,23095.75,23000.25,23013.0,25255.0,-997.0,1,-6,-0.376677,-1,23010.0,23004.25,23063.5,23046.7702,1
2025-08-04,U25,1,23094.0,23130.75,23088.75,23129.5,18056.0,762.0,0,8,0.588371,1,23110.75,23103.5,23123.75,23110.0047,0
2025-08-05,U25,1,23348.25,23357.5,23303.5,23308.75,16880.0,-44.0,1,-8,-0.40644,-1,23310.0,23306.25,23326.0,23322.7055,1
2025-08-06,U25,1,23169.25,23222.5,23153.25,23219.5,16052.0,512.0,0,8,0.580635,1,23215.0,23175.5,23222.5,23193.3041,0
2025-08-07,U25,1,23601.0,23631.5,23582.0,23615.5,16211.0,1021.0,0,5,0.287239,1,23590.0,23584.25,23615.75,23604.8888,0
2025-08-08,U25,1,23541.75,23575.25,23530.0,23546.75,12540.0,-450.0,0,-3,-0.680384,-1,23563.0,23548.5,23570.5,23555.5236,0
2025-08-11,U25,1,23715.75,23730.25,23680.75,23687.0,14343.0,-293.0,1,-6,-0.546483,-1,23698.0,23682.0,23717.0,23705.7581,1
2025-08-12,U25,1,23733.0,23782.0,23710.25,23780.5,17225.0,539.0,0,6,0.87516,1,23725.75,23716.5,23750.0,23741.8478,0
2025-08-13,U25,1,24044.5,24067.25,24028.75,24058.25,13402.0,-496.0,0,3,0.263428,1,24061.0,24039.0,24064.0,24047.1211,0
2025-08-14,U25,1,23857.75,23905.5,23841.25,23902.75,16125.0,373.0,0,8,0.884129,1,23875.0,23859.25,23880.5,23870.5618,0
2025-08-15,U25,1,23909.25,23911.0,23850.0,23856.5,16228.0,-782.0,1,-8,-0.235039,-1,23865.0,23854.5,23881.0,23871.7027,1
2025-08-18,U25,1,23768.25,23816.75,23768.0,23815.0,13072.0,180.0,0,8,0.330024,1,23798.0,23783.5,23805.25,23793.8087,0
2025-08-19,U25,1,23762.5,23770.5,23664.0,23667.5,21434.0,-1278.0,1,-8,-0.662691,-1,23730.0,23685.25,23770.5,23713.5113,1
2025-08-20,U25,1,23426.25,23432.0,23362.0,23371.0,19458.0,-494.0,1,-7,-0.022254,0,23385.0,23367.5,23400.25,23389.2983,1
2025-08-21,U25,1,23260.5,23273.0,23199.25,23241.75,18747.0,-7.0,1,0,0.339171,1,23214.25,23209.75,23259.5,23237.3459,0
2025-08-22,U25,1,23264.5,23272.75,23205.5,23233.5,13165.0,99.0,1,1,0.414311,1,23228.5,23217.5,23249.0,23235.9996,0
2025-08-25,U25,1,23496.0,23518.25,23443.25,23469.75,16784.0,-130.0,1,-3,0.037924,0,23467.0,23443.25,23497.25,23478.3446,0
2025-08-26,U25,1,23470.75,23514.75,23467.25,23502.0,15562.0,436.0,0,5,-0.062758,0,23494.25,23482.75,23511.25,23492.8272,0
2025-08-27,U25,1,23541.0,23559.25,23524.0,23554.5,14512.0,410.0,0,6,0.515745,1,23547.0,23540.75,23554.5,23545.7172,0
2025-08-28,U25,1,23640.25,23742.25,23629.75,23728.75,24022.0,2756.0,0,8,0.327638,1,23683.0,23635.0,23725.0,23704.3158,0
2025-08-29,U25,1,23652.0,23668.0,23630.75,23638.25,15410.0,696.0,1,-5,-0.323124,-1,23650.0,23638.5,23655.25,23646.7279,1
2025-09-01,U25,1,23476.0,23477.5,23441.75,23459.25,2386.0,2.0,1,2,0.56176,1,23448.0,23444.0,23461.0,23456.6436,0
2025-09-02,U25,1,23100.25,23102.5,23025.25,23081.75,25223.0,715.0,1,4,0.845169,1,23068.5,23048.0,23093.5,23062.839,0
2025-09-03,U25,1,23423.5,23437.75,23379.25,23397.75,18675.0,-153.0,1,-5,-0.033233,0,23402.75,23385.5,23414.5,23406.241,1
2025-09-04,U25,1,23480.5,23538.0,23457.25,23535.0,17403.0,837.0,0,7,0.742171,1,23495.25,23457.5,23508.5,23494.3229,0
2025-09-05,U25,1,23875.0,23902.0,23845.0,23847.5,20807.0,-519.0,1,-8,-0.766622,-1,23860.0,23853.75,23881.0,23867.8114,1
2025-09-08,U25,1,23784.25,23821.0,23771.75,23820.0,18332.0,-54.0,0,6,0.756164,1,23795.0,23787.75,23803.0,23797.2131,0
2025-09-09,U25,1,23835.5,23857.75,23823.0,23842.75,14554.0,350.0,0,0,-0.40277,-1,23845.0,23836.25,23850.25,23842.7384,0
2025-09-10,U25,1,23998.75,24000.5,23931.75,23962.75,21040.0,-1306.0,1,0,0.699325,1,23944.0,23940.5,23963.25,23955.4954,0
2025-09-11,U25,1,23977.25,23997.5,23967.75,23985.0,15099.0,-307.0,0,0,-0.417153,-1,23990.0,23978.25,23991.5,23984.701,0
2025-09-12,U25,1,24040.75,24064.5,24026.25,24034.5,14284.0,-78.0,1,-6,-0.681893,-1,24039.25,24032.0,24050.25,24043.663,1
2025-09-15,U25,1,24177.75,24212.0,24172.75,24201.5,7746.0,66.0,0,4,-0.305189,-1,24191.25,24188.0,24204.75,24196.3964,0
2025-09-16,U25,1,24344.25,24355.75,24315.5,24326.25,3719.0,-329.0,1,-7,-0.339575,-1,24330.75,24329.75,24353.5,24337.6214,1
2025-09-17,Z25,1,24521.0,24540.75,24496.0,24501.25,12309.0,-439.0,1,-6,-0.79658,-1,24533.0,24516.25,24540.25,24522.9147,1
2025-09-18,Z25,1,24679.5,24708.75,24653.75,24698.25,17907.0,-27.0,0,5,0.476813,1,24696.0,24669.5,24699.25,24683.0709,0
2025-09-19,Z25,1,24767.75,24783.25,24743.75,24752.5,20388.0,88.0,1,-5,-0.570695,-1,24767.5,24759.5,24778.25,24764.9882,1
2025-09-22,Z25,1,24815.5,24856.25,24814.25,24850.0,14925.0,421.0,0,5,-0.060563,0,24850.5,24830.75,24856.25,24839.4964,0
2025-09-23,Z25,1,25001.0,25009.75,24986.0,24992.25,13716.0,82.0,1,-5,-0.16785,-1,24993.75,24989.75,24998.75,24996.157,1
2025-09-24,Z25,1,24885.25,24899.25,24828.5,24840.75,17963.0,-1197.0,1,-5,-0.126622,0,24865.0,24834.5,24875.5,24860.1507,1
2025-09-25,Z25,1,24576.25,24578.75,24517.0,24518.75,20154.0,-676.0,1,-7,-0.043657,0,24540.0,24531.5,24555.0,24542.0034,1
2025-09-26,Z25,1,24654.25,24701.0,24597.0,24693.25,21368.0,682.0,0,6,0.728311,1,24619.5,24597.0,24679.0,24649.0683,0
2025-09-29,Z25,1,24850.75,24887.25,24848.25,24871.75,13447.0,247.0,0,3,-0.383375,-1,24864.5,24861.25,24882.75,24867.8666,0
2025-09-30,Z25,1,24820.5,24831.0,24757.0,24762.5,13030.0,-1440.0,1,-8,-0.646652,-1,24798.25,24779.0,24831.0,24794.7058,1
2025-10-01,Z25,1,24763.0,24836.0,24742.75,24816.0,18189.0,-281.0,0,4,0.251274,1,24804.25,24762.5,24836.0,24790.4009,0
2025-10-02,Z25,1,25165.25,25169.0,25113.25,25117.0,15895.0,-943.0,1,-8,-0.375739,-1,25146.75,25134.5,25151.25,25141.4429,1
2025-10-03,Z25,1,25133.5,25165.0,25120.75,25145.25,12645.0,25.0,0,3,-0.224925,-1,25140.0,25132.75,25156.75,25143.5478,0
2025-10-06,Z25,1,25214.25,25221.75,25156.25,25161.75,15914.0,-854.0,1,-8,-0.358357,-1,25168.0,25158.0,25196.0,25184.2918,1
2025-10-07,Z25,1,25237.0,25247.5,25217.0,25238.75,13791.0,19.0,0,5,0.316156,1,25224.75,25224.0,25236.75,25230.3365,0
2025-10-08,Z25,1,25079.75,25135.0,25074.0,25123.5,14413.0,373.0,0,5,-0.039196,0,25088.0,25079.75,25123.5,25110.7134,0
2025-10-09,Z25,1,25329.0,25334.75,25297.0,25306.75,14238.0,-280.0,1,-6,-0.055381,0,25319.0,25308.0,25328.5,25315.4756,1
2025-10-10,Z25,1,25313.0,25346.75,25293.5,25328.25,15927.0,-293.0,0,1,-0.160467,-1,25313.5,25293.75,25334.75,25324.374,0
2025-10-13,Z25,1,24824.75,24842.75,24758.25,24759.5,20681.0,-1575.0,1,-7,-0.774965,-1,24820.75,24798.25,24842.0,24809.9607,1
2025-10-14,Z25,1,24638.75,24641.5,24559.5,24561.75,19490.0,-392.0,1,-8,-0.515956,-1,24597.5,24585.0,24627.5,24598.1803,1
2025-10-15,Z25,1,25002.5,25003.5,24947.0,24961.0,15884.0,-550.0,1,-7,0.083607,0,24975.0,24963.75,24986.0,24972.1243,0
2025-10-16,Z25,1,25045.25,25106.5,25040.5,25089.75,15153.0,11.0,0,6,0.095481,0,25085.5,25067.25,25104.75,25076.6828,0
2025-10-17,Z25,1,24736.25,24793.0,24700.0,24779.0,19413.0,63.0,0,7,0.68036,1,24750.25,24722.75,24767.75,24741.3536,0
2025-10-20,Z25,1,25119.0,25201.5,25114.75,25186.0,14741.0,1077.0,0,5,-0.035276,0,25190.0,25168.0,25200.0,25173.7735,0
2025-10-21,Z25,1,25300.75,25304.5,25256.0,25280.75,12384.0,-324.0,1,0,0.508411,1,25270.0,25256.75,25289.25,25279.4693,0
2025-10-22,Z25,1,25265.5,25271.5,25179.25,25184.5,17053.0,-1203.0,1,-7,-0.095953,0,25221.0,25200.0,25253.25,25216.2182,1
2025-10-23,Z25,1,25016.25,25044.5,24999.0,25031.5,15227.0,309.0,0,7,0.194496,1,25030.0,25016.75,25034.75,25025.071,0
2025-10-24,Z25,1,25466.5,25493.75,25429.75,25490.0,15508.0,240.0,0,6,0.890234,1,25442.5,25438.5,25470.75,25457.4966,0
2025-10-27,Z25,1,25815.75,25859.5,25814.0,25823.25,15386.0,-54.0,0,-4,-0.954603,-1,25847.0,25836.75,25855.0,25843.5079,0
2025-10-28,Z25,1,26051.5,26094.75,26048.75,26070.25,13638.0,-416.0,0,-2,-0.675283,-1,26080.0,26067.5,26087.0,26076.6501,0
2025-10-29,Z25,1,26266.0,26292.75,26265.25,26278.0,15959.0,1315.0,0,-1,-0.575341,-1,26279.0,26272.75,26285.75,26278.4229,0
2025-10-30,Z25,1,26125.25,26127.5,26043.0,26043.75,17295.0,-1061.0,1,-8,-0.318571,-1,26083.5,26057.75,26093.0,26079.6288,1
2025-10-31,Z25,1,26199.25,26199.5,26145.0,26159.75,15529.0,-831.0,1,-6,-0.037851,0,26183.5,26162.75,26193.5,26171.8968,1
2025-11-03,Z25,1,26235.75,26266.0,26226.0,26234.75,14670.0,-424.0,1,-6,-0.454801,-1,26250.0,26241.25,26257.5,26248.5633,1
2025-11-04,Z25,1,25742.0,25756.5,25663.0,25677.75,20586.0,-328.0,1,-7,-0.431657,-1,25716.0,25694.0,25756.5,25710.9808,1
2025-11-05,Z25,1,25542.25,25576.5,25500.5,25501.5,15460.0,-792.0,1,-7,-0.949543,-1,25536.5,25524.5,25558.5,25541.235,1
2025-11-06,Z25,1,25674.0,25685.75,25630.75,25645.5,15515.0,-197.0,1,-5,-0.06671,0,25650.0,25637.75,25661.0,25654.8593,1
2025-11-07,Z25,1,25110.5,25111.0,25045.25,25058.5,16502.0,104.0,1,-5,-0.090926,0,25061.0,25049.75,25075.5,25068.0042,1
2025-11-10,Z25,1,25538.75,25591.75,25525.25,25570.5,20316.0,282.0,0,3,-0.334682,-1,25575.0,25559.0,25591.0,25565.1397,0
2025-11-11,Z25,1,25605.0,25635.0,25595.75,25617.25,13631.0,207.0,0,1,-0.351507,-1,25618.0,25608.5,25628.5,25616.6985,0
2025-11-12,Z25,1,25778.5,25780.75,25674.0,25678.5,20291.0,-1695.0,1,-8,-0.470507,-1,25706.5,25675.25,25724.25,25714.2081,1
2025-11-13,Z25,1,25477.25,25502.0,25426.25,25434.5,17021.0,-437.0,1,-8,-0.523289,-1,25450.0,25443.0,25479.25,25460.0483,1
2025-11-14,Z25,1,24723.5,24760.25,24626.0,24643.5,23116.0,-98.0,1,-5,-0.392675,-1,24633.5,24626.5,24703.75,24682.7559,1
2025-11-17,Z25,1,24997.75,25098.5,24955.0,25094.5,22801.0,619.0,0,6,0.716891,1,24985.25,24955.0,25064.5,25025.3127,0
2025-11-18,Z25,1,24718.25,24832.0,24664.5,24743.0,29204.0,-102.0,0,-2,-0.210757,-1,24686.75,24664.75,24782.75,24748.166,0
2025-11-19,Z25,1,24611.5,24654.5,24572.5,24631.5,19856.0,492.0,0,7,0.662834,1,24606.25,24585.25,24622.0,24607.8972,0
2025-11-20,Z25,1,25211.5,25249.0,25151.25,25189.25,19280.0,-362.0,1,-3,0.193514,1,25195.75,25166.25,25209.25,25192.3295,0
2025-11-21,Z25,1,24203.5,24279.25,24158.25,24228.5,25651.0,471.0,0,2,-0.152392,-1,24180.0,24176.25,24248.75,24227.1274,0
2025-11-24,Z25,1,24522.25,24684.75,24516.75,24682.0,19844.0,2006.0,0,8,0.635077,1,24585.0,24516.75,24637.75,24599.9679,0
2025-11-25,Z25,1,24857.25,24879.5,24816.25,24853.25,16712.0,626.0,1,4,0.404341,1,24840.0,24831.0,24854.0,24843.8014,0
2025-11-26,Z25,1,25222.25,25270.5,25208.0,25240.5,15458.0,1286.0,0,2,-0.238054,-1,25250.0,25222.25,25253.0,25238.673,0
2025-11-27,Z25,1,25301.5,25317.75,25301.25,25311.5,1091.0,73.0,0,3,-0.216216,-1,25311.0,25308.0,25315.75,25310.3964,0
2025-11-28,Z25,1,25358.0,25397.0,25353.0,25396.5,4052.0,60.0,0,7,0.577224,1,25365.0,25353.25,25381.75,25375.3304,0
2025-12-01,Z25,1,25255.0,25300.0,25234.0,25299.5,15731.0,777.0,0,8,0.559231,1,25283.75,25259.25,25290.5,25271.6712,0
2025-12-02,Z25,1,25492.75,25527.0,25471.25,25526.0,14775.0,683.0,0,8,0.85447,1,25514.25,25481.0,25516.5,25497.4408,0
2025-12-03,Z25,1,25495.25,25538.0,25457.75,25473.25,17672.0,188.0,1,-4,-0.615465,-1,25517.75,25479.5,25529.25,25498.4987,0
2025-12-04,Z25,1,25712.0,25713.0,25560.0,25566.5,21271.0,-621.0,1,-8,-0.589422,-1,25608.5,25560.0,25669.0,25640.7554,1
2025-12-05,Z25,1,25680.0,25775.5,25678.25,25758.25,19255.0,585.0,0,4,-0.640766,-1,25765.0,25735.5,25775.5,25746.1508,0
2025-12-08,Z25,1,25791.0,25860.75,25778.75,25831.0,18162.0,788.0,0,3,-0.262212,-1,25821.0,25817.5,25849.25,25828.7849,0
2025-12-09,Z25,1,25618.5,25639.0,25560.0,25580.5,16819.0,-537.0,1,-4,0.106147,0,25575.0,25565.5,25603.0,25592.0318,0
2025-12-10,Z25,1,25647.25,25663.75,25608.75,25615.75,14475.0,-409.0,1,-7,-0.505162,-1,25624.75,25614.25,25643.0,25634.9679,1
2025-12-11,Z25,1,25643.5,25650.25,25563.5,25573.5,22957.0,173.0,1,-5,-0.141269,0,25600.0,25580.5,25616.0,25601.8354,1
2025-12-12,Z25,1,25560.25,25587.75,25528.5,25574.5,21375.0,-741.0,0,4,0.573346,1,25547.0,25538.25,25573.5,25558.7005,0
2025-12-15,Z25,1,25408.0,25410.0,25314.5,25316.5,9004.0,-812.0,1,-7,-0.680419,-1,25356.5,25314.5,25383.5,25362.5887,1
2025-12-16,H26,1,25232.0,25319.5,25209.75,25283.75,19656.0,-866.0,0,2,-0.28078,-1,25271.5,25269.0,25300.0,25282.8338,0
2025-12-17,H26,1,25422.5,25447.75,25393.25,25400.0,16752.0,-184.0,1,-8,-0.564224,-1,25410.0,25401.75,25424.25,25415.4117,1
2025-12-18,H26,1,25278.75,25329.5,25256.25,25270.25,20913.0,-407.0,1,-6,-0.772303,-1,25312.75,25281.0,25328.5,25298.3704,1
2025-12-19,H26,1,25361.25,25460.75,25357.0,25453.0,22172.0,494.0,0,8,0.492959,1,25447.25,25397.75,25460.0,25419.6853,0
2025-12-22,H26,1,25780.75,25794.75,25694.25,25706.5,19985.0,-849.0,1,-7,-0.506942,-1,25767.25,25727.0,25794.75,25750.8525,1
2025-12-23,H26,1,25644.25,25738.0,25638.0,25705.75,18890.0,-6.0,0,2,-0.354881,-1,25700.0,25694.75,25735.25,25702.6201,0
2025-12-24,H26,1,25795.0,25827.5,25784.0,25819.25,9400.0,144.0,0,7,0.455319,1,25807.5,25798.0,25817.25,25805.7296,0
2025-12-26,H26,1,25899.0,25911.0,25864.5,25899.25,9927.0,-285.0,0,2,-0.027713,0,25882.5,25873.25,25901.75,25888.9344,0
2025-12-29,H26,1,25706.75,25725.75,25664.25,25720.5,12914.0,338.0,0,6,0.841377,1,25678.75,25664.75,25711.0,25695.0489,0
2025-12-30,H26,1,25692.75,25733.5,25689.0,25720.5,10671.0,665.0,0,3,-0.356949,-1,25723.0,25711.25,25728.25,25718.9094,0
2025-12-31,H26,1,25678.75,25692.0,25651.0,25666.25,9296.0,58.0,1,-2,-0.111601,0,25673.75,25664.25,25687.25,25671.8296,0
2026-01-02,H26,1,25687.0,25733.5,25654.25,25678.75,18244.0,104.0,1,-3,-0.274003,-1,25670.0,25654.25,25714.0,25696.8247,0
2026-01-05,H26,1,25642.5,25672.5,25581.75,25588.5,25541.0,-1449.0,1,-7,-0.844601,-1,25597.75,25585.75,25643.0,25628.0414,1
2026-01-06,H26,1,25636.0,25676.0,25631.5,25648.25,17815.0,-191.0,0,-4,-0.792122,-1,25657.0,25651.25,25670.0,25657.0049,0
2026-01-07,H26,1,25790.75,25822.75,25771.0,25822.0,16464.0,1064.0,0,7,0.831808,1,25790.25,25782.75,25810.75,25794.8938,0
2026-01-08,H26,1,25786.5,25803.0,25692.5,25706.0,23048.0,-1230.0,1,-8,-0.241331,-1,25750.0,25722.25,25773.75,25747.2497,1
2026-01-09,H26,1,25714.0,25715.75,25648.5,25675.5,19757.0,-473.0,1,-2,0.412196,1,25675.5,25663.75,25687.5,25675.7919,0
2026-01-12,H26,1,25746.25,25860.0,25743.5,25855.5,21201.0,1733.0,0,8,0.666667,1,25830.0,25789.0,25860.0,25811.0866,0
2026-01-13,H26,1,25950.5,25986.75,25930.75,25983.75,17825.0,347.0,0,6,0.751632,1,25940.0,25935.25,25965.0,25956.0469,0
2026-01-14,H26,1,25739.75,25788.5,25668.25,25779.75,26310.0,482.0,0,7,0.873807,1,25735.75,25685.25,25752.5,25722.0478,0
2026-01-15,H26,1,25925.0,25946.25,25881.25,25888.75,22975.0,103.0,1,-5,-0.511924,-1,25910.0,25899.75,25926.75,25912.2711,1
2026-01-16,H26,1,25868.0,25891.0,25834.75,25865.0,20781.0,-1105.0,1,-1,-0.131119,0,25864.5,25849.75,25877.0,25865.1371,0
2026-01-19,H26,1,25291.25,25297.0,25258.75,25266.5,3028.0,-246.0,1,-6,0.087974,0,25268.0,25266.0,25290.0,25274.2819,0
2026-01-20,H26,1,25243.5,25347.5,25233.75,25347.0,25505.0,2411.0,0,8,0.552798,1,25300.0,25254.75,25313.25,25287.6226,0
2026-01-21,H26,1,25196.5,25223.25,25150.25,25163.0,19580.0,-328.0,1,-6,-0.259412,-1,25181.75,25160.25,25186.25,25178.9171,1
2026-01-22,H26,1,25729.0,25731.75,25664.75,25666.5,18917.0,-563.0,1,-9,-0.333606,-1,25680.0,25674.0,25694.5,25686.4127,1
2026-01-23,H26,1,25608.0,25652.5,25585.25,25591.75,17181.0,299.0,1,-5,-0.802518,-1,25627.75,25605.0,25650.5,25619.2833,1
2026-01-26,H26,1,25749.0,25775.75,25704.25,25770.0,15982.0,-156.0,0,5,0.761585,1,25756.0,25737.75,25773.5,25746.2163,0
2026-01-27,H26,1,25982.75,26012.5,25955.0,25961.75,20317.0,-629.0,1,-6,-0.793903,-1,25995.0,25974.0,26010.0,25982.8488,1
2026-01-28,H26,1,26252.5,26288.0,26230.0,26249.25,17778.0,-298.0,1,-3,0.30085,1,26260.0,26241.75,26265.75,26255.8901,0
2026-01-29,H26,1,26133.5,26175.0,26083.5,26097.25,21007.0,-241.0,1,-6,-0.65788,-1,26159.25,26117.5,26171.0,26131.976,1
2026-01-30,H26,1,25834.25,25918.25,25813.5,25890.0,21729.0,971.0,0,7,0.277932,1,25854.25,25823.25,25878.75,25862.4113,0
2026-02-02,H26,1,25542.5,25668.75,25539.75,25637.5,23429.0,1151.0,0,7,0.158975,1,25625.0,25599.75,25643.0,25618.4788,0
2026-02-03,H26,1,25934.75,25952.25,25838.75,25875.25,20143.0,-1009.0,1,-5,-0.029144,0,25893.25,25858.0,25926.25,25896.9879,1
2026-02-04,H26,1,25385.5,25386.75,25230.0,25287.0,23892.0,-1394.0,1,-3,0.513147,1,25300.0,25238.5,25303.75,25287.5835,0
2026-02-05,H26,1,24770.25,24814.75,24652.0,24813.0,28215.0,1015.0,0,6,0.971947,1,24700.0,24690.0,24753.75,24723.5062,0
2026-02-06,H26,1,24760.5,24887.0,24700.75,24856.75,25614.0,258.0,0,6,0.533767,1,24739.25,24700.75,24846.25,24787.604,0
2026-02-09,H26,1,25057.75,25075.0,24955.5,25045.25,22413.0,-645.0,1,2,0.708425,1,24975.0,24961.75,25035.5,25012.0589,0
2026-02-10,H26,1,25376.5,25410.0,25346.0,25362.25,17344.0,126.0,1,-4,-0.452235,-1,25372.0,25357.75,25385.0,25375.7375,0
2026-02-11,H26,1,25418.5,25465.25,25366.0,25385.25,19482.0,-424.0,1,-6,-0.813482,-1,25450.0,25413.25,25464.0,25427.0641,1
2026-02-12,H26,1,25346.25,25376.75,25318.0,25358.25,14290.0,-426.0,0,4,0.234767,1,25350.0,25339.25,25363.75,25350.9641,0
2026-02-13,H26,1,24743.0,24799.75,24686.25,24719.25,25299.0,99.0,1,-4,-0.673237,-1,24784.0,24731.0,24785.5,24747.0209,0
2026-02-16,H26,1,24762.75,24776.5,24746.0,24757.5,2995.0,21.0,1,-2,-0.361298,-1,24767.5,24757.25,24772.0,24762.3521,0
2026-02-17,H26,1,24659.25,24763.75,24605.75,24758.25,19469.0,855.0,0,7,0.842977,1,24670.0,24642.0,24713.0,24678.3,0
2026-02-18,H26,1,24809.5,24833.75,24752.0,24767.75,23677.0,615.0,1,-6,-0.471859,-1,24777.0,24773.0,24807.5,24790.3527,1
2026-02-19,H26,1,24833.75,24883.5,24814.0,24833.75,16005.0,-29.0,0,-4,0.016707,0,24860.0,24833.25,24863.5,24849.0496,0
2026-02-20,H26,1,24715.25,24819.5,24678.5,24805.25,18431.0,855.0,0,5,0.361109,1,24809.0,24725.5,24819.5,24751.0725,0
2026-02-23,H26,1,24981.0,25040.0,24970.5,25005.0,20789.0,257.0,0,-1,-0.457563,-1,25010.25,24993.5,25032.5,25005.9458,0
2026-02-24,H26,1,24805.0,24826.0,24708.75,24739.0,20115.0,-729.0,1,-5,-0.068875,0,24768.0,24733.5,24813.25,24769.8627,1
2026-02-25,H26,1,25160.25,25244.0,25156.75,25223.0,17505.0,1035.0,0,5,-0.063714,0,25224.0,25204.75,25239.0,25211.9362,0
2026-02-26,H26,1,25342.0,25342.0,25256.0,25271.75,20800.0,-936.0,1,-7,-0.21701,-1,25324.25,25285.75,25339.5,25301.24,1
2026-02-27,H26,1,24815.25,24904.25,24805.0,24880.5,17562.0,1014.0,0,4,0.097945,0,24896.0,24830.5,24902.75,24851.8241,0
2026-03-02,H26,1,24644.5,24849.75,24605.0,24832.75,20860.0,794.0,0,8,0.56759,1,24794.0,24679.75,24849.75,24730.8458,0
2026-03-03,H26,1,24535.0,24627.0,24515.25,24528.5,21150.0,710.0,1,-3,-0.273175,-1,24609.75,24562.0,24613.25,24576.4526,0
2026-03-04,H26,1,24853.5,24968.5,24837.25,24964.5,20057.0,263.0,0,9,0.315587,1,24927.75,24913.75,24957.5,24923.7878,0
2026-03-05,H26,1,24987.75,25095.0,24985.25,25093.75,18082.0,1380.0,0,8,0.484911,1,25030.0,25012.5,25076.0,25044.4841,0
2026-03-06,H26,1,24685.25,24732.5,24653.5,24705.75,18619.0,223.0,0,5,0.45322,1,24703.75,24673.75,24706.75,24691.1843,0
2026-03-09,H26,1,24432.25,24525.25,24424.0,24477.25,18025.0,1189.0,0,1,-0.559774,-1,24470.0,24457.25,24499.0,24480.8685,0
2026-03-10,H26,1,24991.0,25081.75,24990.5,25025.0,14970.0,10.0,0,-1,-0.773241,-1,25055.25,25025.25,25068.0,25041.7349,0
2026-03-11,H26,1,25034.75,25099.5,25034.75,25076.5,12322.0,-246.0,0,-1,-0.343306,-1,25072.5,25067.0,25089.75,25076.9567,0
2026-03-12,H26,1,24775.75,24830.0,24742.25,24814.0,15608.0,12.0,0,7,0.578261,1,24775.0,24755.25,24796.0,24784.5371,0
2026-03-13,H26,1,24645.0,24701.25,24636.25,24660.5,12671.0,181.0,0,-1,-0.70478,-1,24670.0,24652.75,24674.0,24665.9429,0
2026-03-16,H26,1,24655.75,24708.5,24623.0,24691.25,7754.0,660.0,0,5,0.263333,1,24697.5,24659.0,24699.5,24670.6151,0
2026-03-17,M26,1,25000.75,25072.75,24964.0,25056.5,15100.0,772.0,0,7,0.650859,1,25053.5,24995.75,25072.75,25021.4543,0
2026-03-18,M26,1,24928.25,24961.25,24904.25,24944.5,12545.0,283.0,0,7,0.278856,1,24943.5,24918.5,24945.75,24935.8726,0
2026-03-19,M26,1,24428.25,24429.25,24329.5,24357.25,16297.0,-69.0,1,-4,0.273538,1,24352.0,24344.5,24373.25,24359.853,0
2026-03-20,M26,1,24487.25,24491.25,24383.75,24400.5,15179.0,-691.0,1,-5,0.022098,0,24390.0,24385.0,24444.0,24425.9629,0
2026-03-23,M26,1,24493.25,24516.5,24432.5,24477.25,13739.0,-237.0,1,-2,0.185644,1,24494.25,24466.5,24497.5,24478.3891,0
2026-03-24,M26,1,24254.25,24317.5,24227.0,24304.25,13125.0,189.0,0,6,0.409724,1,24280.0,24264.25,24311.5,24279.257,0
2026-03-25,M26,1,24430.75,24478.5,24426.0,24466.0,10450.0,148.0,0,6,0.248283,1,24459.0,24448.75,24466.5,24454.6171,0
2026-03-26,M26,1,24156.25,24156.25,24088.5,24122.75,12033.0,-163.0,1,1,0.827021,1,24100.0,24091.5,24115.25,24110.2316,0
2026-03-27,M26,1,23654.5,23664.0,23556.75,23564.0,14273.0,-517.0,1,-7,-0.385654,-1,23592.75,23557.25,23638.0,23614.2006,1
2026-03-30,M26,1,23508.75,23538.25,23457.5,23463.75,12721.0,-245.0,1,-6,-0.714987,-1,23520.0,23488.0,23535.25,23499.5518,1
2026-03-31,M26,1,23381.75,23459.25,23378.75,23458.0,13417.0,1233.0,0,8,0.502471,1,23424.0,23395.5,23436.0,23415.8668,0
2026-04-01,M26,1,24087.75,24162.5,24043.25,24157.5,15131.0,-327.0,0,5,0.823758,1,24143.0,24077.5,24162.5,24099.1521,0
2026-04-02,M26,1,23763.5,23818.75,23762.75,23789.0,13105.0,619.0,0,-1,-0.674805,-1,23800.0,23783.25,23813.75,23790.8848,0
2026-04-06,M26,1,24265.25,24370.25,24263.5,24354.75,13131.0,315.0,0,7,0.139547,0,24350.0,24314.0,24362.25,24328.694,0
2026-04-07,M26,1,24243.5,24308.0,24198.0,24220.75,12041.0,-225.0,1,-7,-0.380328,-1,24227.0,24198.5,24256.75,24243.0687,1
2026-04-08,M26,1,25199.5,25249.75,25132.5,25163.5,18582.0,-264.0,1,-3,0.184367,1,25152.0,25132.5,25191.25,25173.8066,0
2026-04-09,M26,1,25081.0,25103.5,25019.0,25028.0,13373.0,-917.0,1,-7,-0.667477,-1,25061.0,25054.0,25098.75,25066.0334,1
2026-04-10,M26,1,25315.25,25369.25,25309.25,25336.0,13309.0,151.0,0,-1,-0.712675,-1,25348.0,25331.0,25361.0,25341.0939,0
2026-04-13,M26,1,25215.75,25238.25,25196.5,25222.0,15046.0,56.0,0,4,-0.030149,0,25217.5,25212.75,25232.75,25218.8846,0
2026-04-14,M26,1,25656.25,25727.5,25656.0,25718.5,14769.0,417.0,0,8,0.302227,1,25687.0,25677.25,25713.75,25697.6402,0
2026-04-15,M26,1,26023.5,26040.5,25995.25,26019.5,13086.0,-154.0,1,-1,-0.183802,-1,26010.0,26005.75,26031.0,26019.2855,0
2026-04-16,M26,1,26439.0,26453.25,26367.75,26394.0,15830.0,-826.0,1,-3,0.318792,1,26393.75,26372.0,26403.25,26396.6709,0
2026-04-17,M26,1,26692.5,26720.25,26629.5,26672.0,19256.0,-944.0,1,-3,-0.149598,0,26706.25,26670.25,26718.0,26682.2219,0
2026-04-20,M26,1,26796.5,26827.75,26748.0,26812.25,14747.0,71.0,0,6,0.571968,1,26767.5,26754.0,26807.0,26789.7901,0
2026-04-21,M26,1,26808.0,26826.5,26737.75,26759.0,15079.0,-1869.0,1,-3,0.185597,1,26755.0,26740.0,26784.5,26771.1971,0
2026-04-22,M26,1,26881.0,26892.75,26813.5,26824.75,13528.0,-668.0,1,-7,-0.41297,-1,26868.0,26838.75,26892.75,26852.8529,1
2026-04-23,M26,1,27014.25,27017.25,26965.0,27004.25,13020.0,-694.0,1,3,0.788404,1,27002.0,26988.5,27011.25,26996.1209,0
2026-04-24,M26,1,27210.0,27245.25,27176.25,27220.75,15920.0,-702.0,0,4,0.607756,1,27202.75,27183.5,27213.5,27205.2562,0
2026-04-27,M26,1,27410.75,27435.0,27362.25,27369.0,14394.0,-558.0,1,-7,-0.497537,-1,27379.25,27363.0,27393.0,27388.1964,1
2026-04-28,M26,1,27161.0,27162.5,27068.25,27139.5,19336.0,-48.0,1,3,0.863509,1,27104.25,27076.0,27131.25,27113.4031,0
2026-04-29,M26,1,27206.75,27218.0,27132.25,27147.0,14339.0,-697.0,1,-4,-0.136951,0,27140.0,27134.5,27172.5,27164.342,0
2026-04-30,M26,1,27489.75,27491.5,27341.25,27345.25,19558.0,-1308.0,1,-8,-0.401337,-1,27405.25,27387.75,27479.0,27410.7086,1
2026-05-01,M26,1,27632.75,27748.25,27617.75,27736.25,19399.0,1475.0,0,8,0.364472,1,27730.0,27663.25,27748.25,27687.1325,0
2026-05-04,M26,1,27854.5,27874.5,27810.0,27827.25,14846.0,200.0,1,-3,-0.184355,-1,27826.5,27815.0,27854.0,27840.4969,0
2026-05-05,M26,1,27988.5,28031.25,27971.0,28025.25,15138.0,450.0,0,8,0.568732,1,28013.5,27991.75,28021.5,28005.7679,0
2026-05-06,M26,1,28389.5,28447.0,28336.0,28443.5,19097.0,535.0,0,6,0.82195,1,28355.0,28336.75,28407.25,28384.7619,0
2026-05-07,M26,1,28750.0,28769.5,28720.75,28760.75,14431.0,-327.0,0,5,0.676927,1,28744.75,28731.25,28754.0,28745.5003,0
2026-05-08,M26,1,28878.5,28970.0,28859.5,28963.5,15160.0,944.0,0,8,0.505078,1,28940.0,28893.75,28970.0,28916.2752,0
2026-05-11,M26,1,29305.0,29434.75,29281.5,29426.75,20332.0,1754.0,0,8,0.559471,1,29399.75,29337.75,29434.75,29370.9555,0
2026-05-12,M26,1,29213.0,29227.25,29145.75,29197.75,17276.0,-190.0,1,1,0.857379,1,29159.5,29159.5,29186.0,29174.0817,0
2026-05-13,M26,1,29286.5,29288.5,29216.0,29257.5,16517.0,-589.0,1,-1,0.525645,1,29263.5,29236.75,29272.0,29251.8343,0
2026-05-14,M26,1,29476.25,29552.0,29458.5,29550.0,17009.0,147.0,0,7,0.701056,1,29479.0,29458.5,29524.25,29504.3934,0
2026-05-15,M26,1,29277.75,29291.0,29188.75,29254.0,20783.0,253.0,1,1,0.571939,1,29254.75,29219.75,29282.0,29241.9039,0
2026-05-18,M26,1,29338.5,29356.25,29276.25,29288.25,20422.0,136.0,1,-5,-0.532795,-1,29319.5,29304.75,29338.5,29318.2691,1
2026-05-19,M26,1,28850.25,28999.0,28850.25,28957.75,22991.0,489.0,0,4,-0.408276,-1,28970.25,28911.5,28999.0,28934.3969,0
2026-05-20,M26,1,29073.5,29154.5,29069.5,29135.5,17858.0,548.0,0,7,-0.009964,0,29135.0,29107.25,29152.25,29119.3684,0
2026-05-21,M26,1,29217.25,29266.25,29174.0,29264.5,17702.0,614.0,0,7,0.941161,1,29224.5,29205.75,29240.25,29217.8935,0
2026-05-22,M26,1,29580.0,29657.75,29551.25,29649.0,19934.0,398.0,0,7,0.566821,1,29625.0,29594.75,29655.0,29611.7491,0
2026-05-25,M26,1,29940.5,29959.5,29939.75,29954.0,1802.0,146.0,0,5,0.015938,0,29946.25,29942.25,29950.25,29948.1832,0
2026-05-26,M26,1,29902.0,29935.0,29842.0,29852.75,21455.0,-525.0,1,-7,-0.72972,-1,29899.0,29865.75,29919.25,29893.1851,1
2026-05-27,M26,1,30187.5,30192.0,30125.75,30140.75,22706.0,-652.0,1,-6,-0.012362,0,30150.0,30134.5,30161.25,30150.938,1
2026-05-28,M26,1,30053.0,30112.0,30005.5,30010.75,19378.0,134.0,1,-4,-0.895902,-1,30091.25,30056.75,30109.5,30067.5453,0
2026-05-29,M26,1,30383.0,30426.0,30364.75,30375.0,20850.0,410.0,1,-5,-0.897001,-1,30400.0,30381.5,30410.5,30394.9513,1
2026-06-01,M26,1,30343.0,30424.25,30309.5,30380.5,20135.0,827.0,0,3,-0.097786,0,30344.25,30342.25,30404.75,30367.1088,0
2026-06-02,M26,1,30557.0,30567.75,30467.0,30476.75,17513.0,-439.0,1,-8,-0.277285,-1,30512.0,30485.25,30534.5,30508.8852,1
2026-06-03,M26,1,30754.75,30807.75,30714.0,30714.25,21017.0,-125.0,1,-6,-0.980843,-1,30789.0,30765.75,30800.75,30772.4168,1
2026-06-04,M26,1,30268.25,30353.75,30210.0,30343.5,24784.0,424.0,0,5,0.671927,1,30345.0,30253.25,30353.5,30281.6261,0
2026-06-05,M26,1,30035.75,30100.5,29998.75,30044.25,24748.0,98.0,0,0,-0.042651,0,30080.0,30029.25,30097.25,30051.4174,0
2026-06-08,M26,1,29526.0,29584.0,29412.0,29417.5,24371.0,-407.0,1,-7,-0.860368,-1,29515.75,29481.75,29567.25,29508.4429,1
2026-06-09,M26,1,29737.0,29748.0,29633.25,29649.75,18881.0,-1785.0,1,-7,-0.227781,-1,29723.25,29670.25,29732.25,29690.6853,1
2026-06-10,M26,1,28853.0,28953.25,28778.0,28780.25,15774.0,-332.0,1,-7,-0.943786,-1,28864.5,28823.5,28913.75,28874.3561,1
2026-06-11,M26,1,28752.5,28786.25,28671.0,28686.5,14582.0,-414.0,1,-7,-0.358151,-1,28695.25,28683.5,28737.5,28719.0271,1
2026-06-12,M26,1,29494.5,29501.0,29303.0,29339.0,13338.0,-1198.0,1,-6,0.286895,1,29407.0,29341.75,29446.25,29382.0745,0
2026-06-15,M26,1,30333.5,30393.5,30302.25,30357.75,5118.0,-24.0,0,-2,-0.439375,-1,30373.5,30346.75,30392.5,30360.249,0
2026-06-16,U26,1,30812.5,30819.0,30750.75,30791.75,13113.0,-729.0,1,1,0.696492,1,30790.0,30770.75,30801.25,30785.4571,0
2026-06-17,U26,1,30526.0,30527.75,30420.0,30441.25,12479.0,-937.0,1,-6,0.161032,1,30456.5,30445.25,30502.5,30465.5873,0
2026-06-18,U26,1,30594.5,30615.5,30482.25,30486.0,18711.0,-2109.0,1,-8,-0.802222,-1,30562.25,30549.0,30586.25,30563.0835,1
2026-06-19,U26,1,30646.25,30678.25,30631.75,30645.75,2159.0,-47.0,1,-4,0.100289,0,30660.25,30637.5,30662.5,30654.764,0
2026-06-22,U26,1,30822.75,30904.0,30756.75,30783.75,16694.0,58.0,1,-3,-0.437804,-1,30780.0,30757.25,30851.25,30827.4796,0
2026-06-23,U26,1,29718.25,29773.0,29616.5,29768.25,24439.0,167.0,0,7,0.888324,1,29670.0,29633.5,29738.5,29703.3712,0
2026-06-24,U26,1,29711.25,29840.0,29635.0,29808.25,18778.0,1182.0,0,6,0.638927,1,29673.75,29635.0,29780.25,29718.9574,0
2026-06-25,U26,1,30153.25,30193.0,30040.0,30057.75,18800.0,-782.0,1,-7,-0.333068,-1,30070.0,30040.75,30122.75,30097.5145,1
2026-06-26,U26,1,29362.5,29371.75,29181.5,29231.75,14854.0,-208.0,1,-4,-0.106668,0,29200.0,29181.5,29329.5,29289.0002,0
2026-06-29,U26,1,29645.0,29769.25,29557.0,29760.25,14635.0,315.0,0,7,0.676306,1,29726.0,29623.0,29769.25,29664.9172,0
2026-06-30,U26,1,30047.5,30189.0,30033.0,30179.0,15879.0,551.0,0,7,0.358079,1,30113.75,30083.25,30189.0,30113.1347,0
2026-07-01,U26,1,30235.75,30260.0,30104.75,30117.5,23252.0,-878.0,1,-8,-0.690181,-1,30200.25,30152.0,30259.5,30182.0853,1
2026-07-02,U26,1,30076.25,30138.25,30007.75,30135.25,15528.0,548.0,0,8,0.921593,1,30106.5,30048.75,30114.5,30074.5583,0
2026-07-03,U26,1,29921.0,29955.25,29921.0,29930.0,2787.0,41.0,0,-2,-0.951527,-1,29945.0,29939.0,29954.0,29942.5187,0
2026-07-06,U26,1,29835.75,29939.25,29776.25,29926.5,13905.0,685.0,0,7,0.643472,1,29865.5,29848.0,29916.0,29873.2356,0
2026-07-07,U26,1,29593.0,29685.75,29515.25,29532.5,21402.0,-2736.0,1,-7,-0.793934,-1,29600.0,29560.0,29662.25,29598.4942,1
2026-07-08,U26,1,29202.75,29327.5,29201.0,29303.5,16028.0,110.0,0,7,0.052424,0,29300.0,29250.0,29324.0,29274.0253,0
2026-07-09,U26,1,29746.75,29781.5,29672.0,29778.75,13884.0,298.0,0,6,0.952843,1,29700.0,29687.5,29735.5,29716.3458,0
2026-07-10,U26,1,29834.75,29921.25,29812.5,29902.75,11902.0,28.0,0,7,0.196243,1,29888.0,29855.0,29914.75,29873.6181,0
2026-07-13,U26,1,29710.0,29737.25,29631.75,29644.75,13644.0,-564.0,1,-7,-0.493283,-1,29699.0,29672.5,29733.5,29688.4367,1
2026-07-14,U26,1,29811.0,29815.75,29689.75,29694.5,11318.0,-384.0,1,-8,-0.274942,-1,29735.5,29722.0,29784.75,29748.8937,1
2026-07-15,U26,1,29955.5,29977.5,29912.5,29953.0,10314.0,-122.0,1,1,0.17024,1,29920.5,29918.0,29953.5,29942.392,0
2026-07-16,U26,1,29466.0,29532.0,29429.75,29433.5,11433.0,-451.0,1,-6,-0.94826,-1,29506.5,29473.5,29519.25,29490.6382,1
2026-07-17,U26,1,28607.75,28686.0,28539.75,28553.25,16755.0,-163.0,1,-6,-0.82075,-1,28666.0,28602.75,28682.25,28621.7929,1
2026-07-20,U26,1,29045.0,29137.75,29025.75,29136.5,12468.0,374.0,0,8,0.546112,1,29108.0,29061.5,29137.5,29083.5583,0
2026-07-21,U26,1,29222.5,29246.25,29133.0,29147.25,17331.0,-181.0,1,-7,-0.461546,-1,29202.75,29154.75,29214.25,29183.3534,1
2026-07-22,U26,1,29090.5,29162.25,29090.0,29151.0,13549.0,363.0,0,8,0.286322,1,29120.0,29099.0,29141.25,29126.3749,0
2026-07-23,U26,1,28718.25,28764.5,28657.0,28759.75,18324.0,-28.0,0,5,0.869255,1,28710.0,28680.75,28734.5,28713.0133,0
2026-07-24,U26,1,28540.0,28606.75,28499.5,28603.25,14617.0,623.0,0,6,0.883,1,28523.25,28501.5,28553.5,28539.5566,0
2026-07-27,U26,1,28590.5,28615.75,28487.0,28536.5,15387.0,-137.0,1,-2,0.270207,1,28500.0,28487.0,28579.5,28551.9955,0
2026-07-28,U26,1,27948.75,27992.0,27871.25,27877.0,18135.0,523.0,1,-5,-0.525227,-1,27908.25,27871.75,27932.0,27916.906,1
2026-07-29,U26,1,27914.5,27983.75,27836.5,27957.25,16466.0,-264.0,0,6,0.579231,1,27950.0,27860.0,27952.75,27906.4569,0
2026-07-30,U26,1,27877.25,27892.0,27813.25,27871.25,18739.0,75.0,1,2,-0.435619,-1,27881.25,27848.75,27882.5,27858.079,0
2026-07-31,U26,1,28576.75,28709.5,28542.5,28682.25,19494.0,574.0,0,4,0.023717,0,28685.25,28604.75,28709.25,28635.6542,0
2026-08-03,U26,1,28419.0,28435.25,28313.5,28380.75,19763.0,45.0,1,3,0.571885,1,28361.0,28337.25,28404.5,28371.6104,0
2026-08-04,U26,1,29234.75,29384.25,29208.25,29382.75,19404.0,1394.0,0,8,0.61724,1,29305.0,29268.0,29363.5,29313.3293,0
2026-08-05,U26,1,29975.0,30013.25,29935.5,30013.0,19556.0,554.0,0,7,0.889587,1,29980.5,29957.25,29993.0,29975.9108,0
2026-08-06,U26,1,29335.0,29373.75,29241.25,29340.0,19490.0,-382.0,0,1,0.066688,0,29275.0,29258.5,29340.5,29306.1241,0
2026-08-07,U26,1,29714.75,29813.25,29681.0,29804.75,18754.0,730.0,0,6,0.659785,1,29715.25,29687.75,29778.75,29750.1365,0
2026-08-10,U26,1,29805.5,29841.75,29737.0,29740.75,13761.0,-5.0,1,-7,-0.909454,-1,29749.0,29737.0,29822.25,29803.4814,1
2026-08-11,U26,1,29839.25,29842.5,29726.5,29737.5,16229.0,-591.0,1,-8,-0.335205,-1,29738.5,29729.25,29785.0,29771.796,1
2026-08-12,U26,1,29991.25,30001.75,29877.75,29878.5,18679.0,-151.0,1,-8,-0.443299,-1,29907.0,29877.75,29946.5,29931.3673,1
2026-08-13,U26,1,29910.25,29947.25,29863.5,29945.5,14522.0,130.0,0,7,0.949517,1,29900.0,29874.75,29913.5,29898.3348,0
2026-08-14,U26,1,30241.75,30269.5,30205.75,30206.25,14644.0,44.0,1,-5,-0.843128,-1,30242.0,30228.5,30266.5,30240.0539,1
2026-08-17,U26,1,30219.25,30266.0,30191.0,30196.5,16710.0,174.0,1,-5,-0.817748,-1,30226.25,30215.75,30260.25,30229.6263,1
2026-08-18,U26,1,29690.25,29755.25,29631.25,29685.25,24751.0,-2497.0,1,-1,0.164331,1,29668.0,29644.5,29714.5,29690.2332,0
2026-08-19,U26,1,29696.0,29742.75,29648.5,29673.0,20156.0,68.0,1,-5,-0.435983,-1,29677.25,29669.0,29708.25,29689.9516,1
2026-08-20,U26,1,29351.0,29434.0,29338.75,29403.25,17748.0,-140.0,0,2,-0.169914,-1,29400.0,29379.0,29429.75,29394.2801,0
2026-08-21,U26,1,29469.5,29476.0,29357.75,29362.25,17190.0,-896.0,1,-8,-0.72187,-1,29370.0,29358.0,29424.25,29403.6966,1
2026-08-24,U26,1,29235.5,29243.0,29083.25,29112.75,21751.0,205.0,1,-5,0.095868,0,29185.0,29116.5,29241.5,29138.6247,0
2026-08-25,U26,1,29297.0,29376.25,29279.25,29375.25,17787.0,715.0,0,9,0.584572,1,29344.5,29311.5,29373.25,29331.8997,0
2026-08-26,U26,1,29174.5,29283.0,29174.25,29256.0,17327.0,1281.0,0,4,-0.355867,-1,29261.25,29226.5,29280.5,29239.6033,0
2026-08-27,U26,1,29524.25,29588.75,29452.75,29463.5,23536.0,-212.0,1,-7,-0.590193,-1,29493.25,29454.0,29537.5,29514.5047,1
2026-08-28,U26,1,29628.5,29637.0,29562.75,29605.75,17597.0,-433.0,1,0,0.753887,1,29582.0,29569.0,29605.75,29593.9236,0
2026-08-31,U26,1,29437.75,29516.75,29417.5,29465.25,16524.0,124.0,0,-1,-0.52969,-1,29472.0,29423.5,29493.25,29475.2905,0
2026-09-01,U26,1,29111.75,29124.75,29062.75,29099.25,19217.0,-289.0,1,1,0.583624,1,29095.0,29084.0,29105.75,29094.4485,0
2026-09-02,U26,1,29098.75,29102.75,29042.75,29083.75,15611.0,-129.0,1,2,0.904632,1,29081.75,29056.0,29083.75,29066.2968,0
2026-09-03,U26,1,29249.5,29285.0,29222.25,29254.25,19625.0,165.0,0,0,-0.181421,-1,29250.25,29237.0,29269.75,29256.3419,0
2026-09-04,U26,1,29588.25,29635.0,29554.5,29634.0,16819.0,297.0,0,6,0.799305,1,29564.75,29557.25,29610.0,29594.8085,0
2026-09-07,U26,1,29614.75,29645.25,29612.25,29626.75,1730.0,132.0,0,0,-0.702604,-1,29636.0,29626.0,29643.5,29630.6081,0
2026-09-08,U26,1,29644.5,29686.5,29572.0,29600.5,19264.0,246.0,1,-3,-0.234743,-1,29595.0,29572.0,29651.75,29631.09,0
2026-09-09,U26,1,29455.25,29498.75,29418.25,29478.75,18609.0,55.0,0,7,0.674948,1,29455.0,29435.75,29464.75,29453.7061,0
2026-09-10,U26,1,29089.5,29123.25,29057.5,29098.25,20561.0,279.0,0,-1,-0.279724,-1,29100.0,29088.75,29117.5,29098.8229,0
2026-09-11,U26,1,29417.5,29426.25,29347.25,29419.25,19897.0,133.0,0,5,0.34712,1,29372.75,29349.75,29392.5,29380.0553,0
2026-09-14,U26,1,28906.5,28932.75,28880.5,28905.0,8179.0,305.0,1,-1,-0.082113,0,28906.5,28895.75,28919.75,28907.3018,0
2026-09-15,Z26,1,29420.75,29424.5,29372.5,29385.5,13876.0,-148.0,1,-5,0.14694,0,29403.75,29385.5,29417.0,29395.41,0
2026-09-16,Z26,1,29386.75,29421.25,29380.0,29405.75,14316.0,-12.0,0,2,-0.138536,0,29394.75,29385.5,29406.0,29400.4042,0
2026-09-17,Z26,1,29718.25,29737.25,29641.0,29641.75,18530.0,-1012.0,1,-7,-0.706135,-1,29725.0,29674.25,29735.25,29689.5784,1
