trading_day,contract,score_v2,vbp_imbalance
2025-06-18,U25,-8,-0.601811
2025-06-19,U25,-9,-0.423323
2025-06-26,U25,-5,-0.387886
2025-06-30,U25,-6,-0.408979
2025-07-07,U25,-5,-0.49032
2025-07-08,U25,-8,-0.461756
2025-07-10,U25,-7,-0.442964
2025-07-14,U25,-7,-0.78588
2025-07-15,U25,-7,-0.816065
2025-07-16,U25,-7,-0.260789
2025-07-17,U25,-5,-0.198503
2025-08-01,U25,-6,-0.376677
2025-08-05,U25,-8,-0.40644
2025-08-11,U25,-6,-0.546483
2025-08-15,U25,-8,-0.235039
2025-08-19,U25,-8,-0.662691
2025-08-20,U25,-7,-0.022254
2025-08-29,U25,-5,-0.323124
2025-09-03,U25,-5,-0.033233
2025-09-05,U25,-8,-0.766622
2025-09-12,U25,-6,-0.681893
2025-09-16,U25,-7,-0.339575
2025-09-17,Z25,-6,-0.79658
2025-09-19,Z25,-5,-0.570695
2025-09-23,Z25,-5,-0.16785
2025-09-24,Z25,-5,-0.126622
2025-09-25,Z25,-7,-0.043657
2025-09-30,Z25,-8,-0.646652
2025-10-02,Z25,-8,-0.375739
2025-10-06,Z25,-8,-0.358357
2025-10-09,Z25,-6,-0.055381
2025-10-13,Z25,-7,-0.774965
2025-10-14,Z25,-8,-0.515956
2025-10-22,Z25,-7,-0.095953
2025-10-30,Z25,-8,-0.318571
2025-10-31,Z25,-6,-0.037851
2025-11-03,Z25,-6,-0.454801
2025-11-04,Z25,-7,-0.431657
2025-11-05,Z25,-7,-0.949543
2025-11-06,Z25,-5,-0.06671
2025-11-07,Z25,-5,-0.090926
2025-11-12,Z25,-8,-0.470507
2025-11-13,Z25,-8,-0.523289
2025-11-14,Z25,-5,-0.392675
2025-12-04,Z25,-8,-0.589422
2025-12-10,Z25,-7,-0.505162
2025-12-11,Z25,-5,-0.141269
2025-12-15,Z25,-7,-0.680419
2025-12-17,H26,-8,-0.564224
2025-12-18,H26,-6,-0.772303
2025-12-22,H26,-7,-0.506942
2026-01-05,H26,-7,-0.844601
2026-01-08,H26,-8,-0.241331
2026-01-15,H26,-5,-0.511924
2026-01-21,H26,-6,-0.259412
2026-01-22,H26,-9,-0.333606
2026-01-23,H26,-5,-0.802518
2026-01-27,H26,-6,-0.793903
2026-01-29,H26,-6,-0.65788
2026-02-03,H26,-5,-0.029144
2026-02-11,H26,-6,-0.813482
2026-02-18,H26,-6,-0.471859
2026-02-24,H26,-5,-0.068875
2026-02-26,H26,-7,-0.21701
2026-03-27,M26,-7,-0.385654
2026-03-30,M26,-6,-0.714987
2026-04-07,M26,-7,-0.380328
2026-04-09,M26,-7,-0.667477
2026-04-22,M26,-7,-0.41297
2026-04-27,M26,-7,-0.497537
2026-04-30,M26,-8,-0.401337
2026-05-18,M26,-5,-0.532795
2026-05-26,M26,-7,-0.72972
2026-05-27,M26,-6,-0.012362
2026-05-29,M26,-5,-0.897001
2026-06-02,M26,-8,-0.277285
2026-06-03,M26,-6,-0.980843
2026-06-08,M26,-7,-0.860368
2026-06-09,M26,-7,-0.227781
2026-06-10,M26,-7,-0.943786
2026-06-11,M26,-7,-0.358151
2026-06-18,U26,-8,-0.802222
2026-06-25,U26,-7,-0.333068
2026-07-01,U26,-8,-0.690181
2026-07-07,U26,-7,-0.793934
2026-07-13,U26,-7,-0.493283
2026-07-14,U26,-8,-0.274942
2026-07-16,U26,-6,-0.94826
2026-07-17,U26,-6,-0.82075
2026-07-21,U26,-7,-0.461546
2026-07-28,U26,-5,-0.525227
2026-08-10,U26,-7,-0.909454
2026-08-11,U26,-8,-0.335205
2026-08-12,U26,-8,-0.443299
2026-08-14,U26,-5,-0.843128
2026-08-17,U26,-5,-0.817748
2026-08-19,U26,-5,-0.435983
2026-08-21,U26,-8,-0.72187
2026-08-27,U26,-7,-0.590193
2026-09-17,Z26,-7,-0.706135
