trading_day,column,reference,generated
2026-02-17,vol,19565.0,19469.0
2026-02-17,delta,831.0,855.0
2026-02-17,vbp_imbalance,0.843438,0.842977
2026-02-17,vwap,24678.1968,24678.3
2026-02-23,score_v2,0,-1
2026-02-23,vbp_imbalance,-0.424021,-0.457563
2026-02-23,poc,24980.75,25010.25
2026-02-23,val,24973.75,24993.5
2026-02-23,vah,25015.75,25032.5
2026-02-24,vbp_imbalance,-0.07466,-0.068875
2026-02-24,poc,24765.75,24768.0
2026-02-24,val,24712.0,24733.5
2026-02-24,vah,24798.0,24813.25
2026-02-25,score_v2,6,5
2026-02-25,vbp_imbalance,-0.029932,-0.063714
2026-02-25,poc,25190.0,25224.0
2026-02-25,val,25162.5,25204.75
2026-02-25,vah,25223.0,25239.0
2026-02-26,vbp_imbalance,-0.21623,-0.21701
2026-02-26,poc,25337.0,25324.25
2026-02-26,val,25286.25,25285.75
2026-02-26,vah,25337.0,25339.5
2026-02-27,score_v2,5,4
2026-02-27,vbp_imbalance,0.087199,0.097945
2026-02-27,poc,24817.25,24896.0
2026-02-27,val,24808.75,24830.5
2026-02-27,vah,24869.75,24902.75
2026-03-02,score_v2,7,8
2026-03-02,vbp_imbalance,0.568733,0.56759
2026-03-02,poc,24649.0,24794.0
2026-03-02,val,24611.5,24679.75
2026-03-02,vah,24780.75,24849.75
2026-03-03,score_v2,-4,-3
2026-03-03,vbp_imbalance,-0.275975,-0.273175
2026-03-03,poc,24530.0,24609.75
2026-03-03,val,24522.5,24562.0
2026-03-03,vah,24595.0,24613.25
2026-03-04,score_v2,7,9
2026-03-04,vbp_imbalance,0.33479,0.315587
2026-03-04,poc,24850.0,24927.75
2026-03-04,val,24841.5,24913.75
2026-03-04,vah,24937.25,24957.5
2026-03-05,score_v2,7,8
2026-03-05,vbp_imbalance,0.481418,0.484911
2026-03-05,poc,24990.0,25030.0
2026-03-05,val,24990.0,25012.5
2026-03-05,vah,25060.5,25076.0
2026-03-06,score_v2,6,5
2026-03-06,vbp_imbalance,0.487005,0.45322
2026-03-06,poc,24693.0,24703.75
2026-03-06,val,24669.0,24673.75
2026-03-06,vah,24702.0,24706.75
2026-03-09,score_v2,0,1
2026-03-09,vbp_imbalance,-0.622601,-0.559774
2026-03-09,poc,24447.0,24470.0
2026-03-09,val,24433.75,24457.25
2026-03-09,vah,24495.0,24499.0
2026-03-10,score_v2,0,-1
2026-03-10,vbp_imbalance,-0.767934,-0.773241
2026-03-10,poc,25007.75,25055.25
2026-03-10,val,25005.75,25025.25
2026-03-10,vah,25054.0,25068.0
2026-03-11,score_v2,-2,-1
2026-03-11,vbp_imbalance,-0.346548,-0.343306
2026-03-11,poc,25046.25,25072.5
2026-03-11,val,25046.25,25067.0
2026-03-11,vah,25082.75,25089.75
2026-03-12,vbp_imbalance,0.572308,0.578261
2026-03-12,poc,24809.25,24775.0
2026-03-12,val,24767.0,24755.25
2026-03-12,vah,24815.25,24796.0
2026-03-13,score_v2,0,-1
2026-03-13,vbp_imbalance,-0.708376,-0.70478
2026-03-13,poc,24650.5,24670.0
2026-03-13,val,24646.25,24652.75
2026-03-13,vah,24670.5,24674.0
2026-03-16,score_v2,7,5
2026-03-16,vbp_imbalance,0.272906,0.263333
2026-03-16,poc,24654.75,24697.5
2026-03-16,val,24624.75,24659.0
2026-03-16,vah,24683.75,24699.5
