variante,split,tf,universe,entry_mode,inv_1618,n,WR,pct_win,pct_loss,net,PF,maxDD,avg_net_per_day,largest_win,largest_loss,largest_win_day,largest_loss_day,n_inv_skipped,pct_inv_skipped,pct_hit_2618,pct_hit_333,pct_hit_423,pct_hold_exit,pct_ratchet_stop,pct_target,pct_init_stop,avg_bars,mean_entry_delay_min,median_entry_delay_min,pct_signal_no_entry,n_signal_days,n_signal_no_entry
F3_0935_HOLD_VWAP_T2618,IS,1m_confirm_5mHI,F3,0935,0,32,0.3125,0.3125,0.6875,462.24,1.588,-271.5,14.45,220.14,-107.75,2026-02-03,2026-06-10,,,0.25,0.0,0.0,0.6562,0.0938,0.25,0.0,9.88,0.0,0.0,,,0
F3_0935_HOLD_VWAP_T2618,OOS,1m_confirm_5mHI,F3,0935,0,18,0.3889,0.3889,0.6111,475.36,2.055,-154.75,26.41,264.8,-76.0,2026-06-25,2026-06-11,,,0.2222,0.0,0.0,0.6111,0.1667,0.2222,0.0,10.22,0.0,0.0,,,0
F3_0935_HOLD_VWAP_T2618,ALL,1m_confirm_5mHI,F3,0935,0,50,0.34,0.34,0.66,937.61,1.758,-358.75,18.75,264.8,-107.75,2026-06-25,2026-06-10,0.0,0.0,0.24,0.0,0.0,0.64,0.12,0.24,0.0,10.0,0.0,0.0,0.0,50.0,0
F3_0935_HOLD_VWAP_T333,IS,1m_confirm_5mHI,F3,0935,0,32,0.3125,0.3125,0.6875,532.38,1.677,-271.5,16.64,300.95,-107.75,2026-02-03,2026-06-10,,,0.25,0.1562,0.0,0.6875,0.1562,0.1562,0.0,12.0,0.0,0.0,,,0
F3_0935_HOLD_VWAP_T333,OOS,1m_confirm_5mHI,F3,0935,0,18,0.3889,0.3889,0.6111,477.84,2.061,-154.75,26.55,373.74,-76.0,2026-06-25,2026-06-11,,,0.2222,0.1111,0.0,0.6111,0.2778,0.1111,0.0,12.11,0.0,0.0,,,0
F3_0935_HOLD_VWAP_T333,ALL,1m_confirm_5mHI,F3,0935,0,50,0.34,0.34,0.66,1010.22,1.817,-358.75,20.2,373.74,-107.75,2026-06-25,2026-06-10,0.0,0.0,0.24,0.14,0.0,0.66,0.2,0.14,0.0,12.04,0.0,0.0,0.0,50.0,0
F3_0935_HOLD_VWAP_T423,IS,1m_confirm_5mHI,F3,0935,0,32,0.3125,0.3125,0.6875,629.93,1.801,-322.0,19.69,403.11,-107.75,2026-02-03,2026-06-10,,,0.25,0.1562,0.0938,0.75,0.1562,0.0938,0.0,13.47,0.0,0.0,,,0
F3_0935_HOLD_VWAP_T423,OOS,1m_confirm_5mHI,F3,0935,0,18,0.3889,0.3889,0.6111,561.94,2.247,-154.75,31.22,511.44,-76.0,2026-06-25,2026-06-11,,,0.2222,0.1111,0.0556,0.6111,0.3333,0.0556,0.0,14.33,0.0,0.0,,,0
F3_0935_HOLD_VWAP_T423,ALL,1m_confirm_5mHI,F3,0935,0,50,0.34,0.34,0.66,1191.87,1.963,-409.25,23.84,511.44,-107.75,2026-06-25,2026-06-10,0.0,0.0,0.24,0.14,0.08,0.7,0.22,0.08,0.0,13.78,0.0,0.0,0.0,50.0,0
F3_0935_RATCHET_HI_T2618,IS,1m_confirm_5mHI,F3,0935,0,32,0.4062,0.4062,0.5938,438.88,1.37,-386.75,13.71,220.14,-182.5,2026-02-03,2026-06-10,,,0.3125,0.0,0.0,0.0,0.5312,0.3125,0.1562,14.56,0.0,0.0,,,0
F3_0935_RATCHET_HI_T2618,OOS,1m_confirm_5mHI,F3,0935,0,18,0.5,0.5,0.5,612.98,2.007,-273.0,34.05,292.12,-131.0,2026-07-07,2026-06-11,,,0.2778,0.0,0.0,0.0,0.7222,0.2778,0.0,20.0,0.0,0.0,,,0
F3_0935_RATCHET_HI_T2618,ALL,1m_confirm_5mHI,F3,0935,0,50,0.44,0.44,0.56,1051.86,1.586,-524.0,21.04,292.12,-182.5,2026-07-07,2026-06-10,0.0,0.0,0.3,0.0,0.0,0.0,0.6,0.3,0.1,16.52,0.0,0.0,0.0,50.0,0
F3_0935_RATCHET_HI_T333,IS,1m_confirm_5mHI,F3,0935,0,32,0.4062,0.4062,0.5938,435.38,1.367,-393.5,13.61,300.95,-182.5,2026-02-03,2026-06-10,,,0.3125,0.1562,0.0,0.0,0.6875,0.1562,0.1562,17.97,0.0,0.0,,,0
F3_0935_RATCHET_HI_T333,OOS,1m_confirm_5mHI,F3,0935,0,18,0.5,0.5,0.5,579.84,1.953,-273.0,32.21,373.74,-131.0,2026-06-25,2026-06-11,,,0.2778,0.1111,0.0,0.0,0.8889,0.1111,0.0,22.39,0.0,0.0,,,0
F3_0935_RATCHET_HI_T333,ALL,1m_confirm_5mHI,F3,0935,0,50,0.44,0.44,0.56,1015.22,1.565,-530.75,20.3,373.74,-182.5,2026-06-25,2026-06-10,0.0,0.0,0.3,0.14,0.0,0.0,0.76,0.14,0.1,19.56,0.0,0.0,0.0,50.0,0
F3_0935_RATCHET_HI_T423,IS,1m_confirm_5mHI,F3,0935,0,32,0.4062,0.4062,0.5938,553.18,1.466,-463.5,17.29,403.11,-182.5,2026-02-03,2026-06-10,,,0.3125,0.1562,0.0938,0.0,0.75,0.0938,0.1562,19.62,0.0,0.0,,,0
F3_0935_RATCHET_HI_T423,OOS,1m_confirm_5mHI,F3,0935,0,18,0.5,0.5,0.5,663.94,2.091,-273.0,36.89,511.44,-131.0,2026-06-25,2026-06-11,,,0.2778,0.1111,0.0556,0.0,0.9444,0.0556,0.0,24.61,0.0,0.0,,,0
F3_0935_RATCHET_HI_T423,ALL,1m_confirm_5mHI,F3,0935,0,50,0.44,0.44,0.56,1217.12,1.678,-600.75,24.34,511.44,-182.5,2026-06-25,2026-06-10,0.0,0.0,0.3,0.14,0.08,0.0,0.82,0.08,0.1,21.42,0.0,0.0,0.0,50.0,0
F3_0935_INV1618_HOLD_VWAP_T2618,IS,1m_confirm_5mHI,F3,0935,1,32,0.3125,0.3125,0.6875,462.24,1.588,-271.5,14.45,220.14,-107.75,2026-02-03,2026-06-10,,,0.25,0.0,0.0,0.6562,0.0938,0.25,0.0,9.88,0.0,0.0,,,0
F3_0935_INV1618_HOLD_VWAP_T2618,OOS,1m_confirm_5mHI,F3,0935,1,18,0.3889,0.3889,0.6111,475.36,2.055,-154.75,26.41,264.8,-76.0,2026-06-25,2026-06-11,,,0.2222,0.0,0.0,0.6111,0.1667,0.2222,0.0,10.22,0.0,0.0,,,0
F3_0935_INV1618_HOLD_VWAP_T2618,ALL,1m_confirm_5mHI,F3,0935,1,50,0.34,0.34,0.66,937.61,1.758,-358.75,18.75,264.8,-107.75,2026-06-25,2026-06-10,0.0,0.0,0.24,0.0,0.0,0.64,0.12,0.24,0.0,10.0,0.0,0.0,0.0,50.0,0
F3_0935_INV1618_HOLD_VWAP_T333,IS,1m_confirm_5mHI,F3,0935,1,32,0.3125,0.3125,0.6875,532.38,1.677,-271.5,16.64,300.95,-107.75,2026-02-03,2026-06-10,,,0.25,0.1562,0.0,0.6875,0.1562,0.1562,0.0,12.0,0.0,0.0,,,0
F3_0935_INV1618_HOLD_VWAP_T333,OOS,1m_confirm_5mHI,F3,0935,1,18,0.3889,0.3889,0.6111,477.84,2.061,-154.75,26.55,373.74,-76.0,2026-06-25,2026-06-11,,,0.2222,0.1111,0.0,0.6111,0.2778,0.1111,0.0,12.11,0.0,0.0,,,0
F3_0935_INV1618_HOLD_VWAP_T333,ALL,1m_confirm_5mHI,F3,0935,1,50,0.34,0.34,0.66,1010.22,1.817,-358.75,20.2,373.74,-107.75,2026-06-25,2026-06-10,0.0,0.0,0.24,0.14,0.0,0.66,0.2,0.14,0.0,12.04,0.0,0.0,0.0,50.0,0
F3_0935_INV1618_HOLD_VWAP_T423,IS,1m_confirm_5mHI,F3,0935,1,32,0.3125,0.3125,0.6875,629.93,1.801,-322.0,19.69,403.11,-107.75,2026-02-03,2026-06-10,,,0.25,0.1562,0.0938,0.75,0.1562,0.0938,0.0,13.47,0.0,0.0,,,0
F3_0935_INV1618_HOLD_VWAP_T423,OOS,1m_confirm_5mHI,F3,0935,1,18,0.3889,0.3889,0.6111,561.94,2.247,-154.75,31.22,511.44,-76.0,2026-06-25,2026-06-11,,,0.2222,0.1111,0.0556,0.6111,0.3333,0.0556,0.0,14.33,0.0,0.0,,,0
F3_0935_INV1618_HOLD_VWAP_T423,ALL,1m_confirm_5mHI,F3,0935,1,50,0.34,0.34,0.66,1191.87,1.963,-409.25,23.84,511.44,-107.75,2026-06-25,2026-06-10,0.0,0.0,0.24,0.14,0.08,0.7,0.22,0.08,0.0,13.78,0.0,0.0,0.0,50.0,0
F3_0935_INV1618_RATCHET_HI_T2618,IS,1m_confirm_5mHI,F3,0935,1,32,0.4062,0.4062,0.5938,438.88,1.37,-386.75,13.71,220.14,-182.5,2026-02-03,2026-06-10,,,0.3125,0.0,0.0,0.0,0.5312,0.3125,0.1562,14.56,0.0,0.0,,,0
F3_0935_INV1618_RATCHET_HI_T2618,OOS,1m_confirm_5mHI,F3,0935,1,18,0.5,0.5,0.5,612.98,2.007,-273.0,34.05,292.12,-131.0,2026-07-07,2026-06-11,,,0.2778,0.0,0.0,0.0,0.7222,0.2778,0.0,20.0,0.0,0.0,,,0
F3_0935_INV1618_RATCHET_HI_T2618,ALL,1m_confirm_5mHI,F3,0935,1,50,0.44,0.44,0.56,1051.86,1.586,-524.0,21.04,292.12,-182.5,2026-07-07,2026-06-10,0.0,0.0,0.3,0.0,0.0,0.0,0.6,0.3,0.1,16.52,0.0,0.0,0.0,50.0,0
F3_0935_INV1618_RATCHET_HI_T333,IS,1m_confirm_5mHI,F3,0935,1,32,0.4062,0.4062,0.5938,435.38,1.367,-393.5,13.61,300.95,-182.5,2026-02-03,2026-06-10,,,0.3125,0.1562,0.0,0.0,0.6875,0.1562,0.1562,17.97,0.0,0.0,,,0
F3_0935_INV1618_RATCHET_HI_T333,OOS,1m_confirm_5mHI,F3,0935,1,18,0.5,0.5,0.5,579.84,1.953,-273.0,32.21,373.74,-131.0,2026-06-25,2026-06-11,,,0.2778,0.1111,0.0,0.0,0.8889,0.1111,0.0,22.39,0.0,0.0,,,0
F3_0935_INV1618_RATCHET_HI_T333,ALL,1m_confirm_5mHI,F3,0935,1,50,0.44,0.44,0.56,1015.22,1.565,-530.75,20.3,373.74,-182.5,2026-06-25,2026-06-10,0.0,0.0,0.3,0.14,0.0,0.0,0.76,0.14,0.1,19.56,0.0,0.0,0.0,50.0,0
F3_0935_INV1618_RATCHET_HI_T423,IS,1m_confirm_5mHI,F3,0935,1,32,0.4062,0.4062,0.5938,553.18,1.466,-463.5,17.29,403.11,-182.5,2026-02-03,2026-06-10,,,0.3125,0.1562,0.0938,0.0,0.75,0.0938,0.1562,19.62,0.0,0.0,,,0
F3_0935_INV1618_RATCHET_HI_T423,OOS,1m_confirm_5mHI,F3,0935,1,18,0.5,0.5,0.5,663.94,2.091,-273.0,36.89,511.44,-131.0,2026-06-25,2026-06-11,,,0.2778,0.1111,0.0556,0.0,0.9444,0.0556,0.0,24.61,0.0,0.0,,,0
F3_0935_INV1618_RATCHET_HI_T423,ALL,1m_confirm_5mHI,F3,0935,1,50,0.44,0.44,0.56,1217.12,1.678,-600.75,24.34,511.44,-182.5,2026-06-25,2026-06-10,0.0,0.0,0.3,0.14,0.08,0.0,0.82,0.08,0.1,21.42,0.0,0.0,0.0,50.0,0
F3_FIXED_HOLD_VWAP_T2618,IS,1m_break_below,F3,FIXED,0,29,0.4138,0.4138,0.5862,576.64,1.775,-215.25,19.88,183.17,-88.5,2026-06-09,2026-05-29,,,0.3448,0.0,0.0,0.4138,0.2069,0.3448,0.0345,11.1,10.14,2.0,,,0
F3_FIXED_HOLD_VWAP_T2618,OOS,1m_break_below,F3,FIXED,0,18,0.3889,0.3889,0.6111,201.11,1.37,-199.0,11.17,236.55,-85.5,2026-06-25,2026-07-07,,,0.2222,0.0,0.0,0.4444,0.3333,0.2222,0.0,11.06,15.06,2.5,,,0
F3_FIXED_HOLD_VWAP_T2618,ALL,1m_break_below,F3,FIXED,0,47,0.4043,0.4043,0.5957,777.75,1.604,-215.25,16.55,236.55,-88.5,2026-06-25,2026-05-29,0.0,0.0,0.2979,0.0,0.0,0.4255,0.2553,0.2979,0.0213,11.09,12.02,2.0,0.06,50.0,3
F3_FIXED_HOLD_VWAP_T333,IS,1m_break_below,F3,FIXED,0,29,0.3793,0.3793,0.6207,681.25,1.897,-215.25,23.49,264.87,-88.5,2026-06-09,2026-05-29,,,0.3448,0.2069,0.0,0.4483,0.3103,0.2069,0.0345,14.07,10.14,2.0,,,0
F3_FIXED_HOLD_VWAP_T333,OOS,1m_break_below,F3,FIXED,0,18,0.3889,0.3889,0.6111,203.59,1.374,-259.25,11.31,345.49,-85.5,2026-06-25,2026-07-07,,,0.2222,0.1111,0.0,0.4444,0.4444,0.1111,0.0,12.94,15.06,2.5,,,0
F3_FIXED_HOLD_VWAP_T333,ALL,1m_break_below,F3,FIXED,0,47,0.383,0.383,0.617,884.84,1.679,-259.25,18.83,345.49,-88.5,2026-06-25,2026-05-29,0.0,0.0,0.2979,0.1702,0.0,0.4468,0.3617,0.1702,0.0213,13.64,12.02,2.0,0.06,50.0,3
F3_FIXED_HOLD_VWAP_T423,IS,1m_break_below,F3,FIXED,0,29,0.3793,0.3793,0.6207,679.43,1.895,-256.75,23.43,362.86,-88.5,2026-02-03,2026-05-29,,,0.3448,0.2069,0.1034,0.5172,0.3448,0.1034,0.0345,16.38,10.14,2.0,,,0
F3_FIXED_HOLD_VWAP_T423,OOS,1m_break_below,F3,FIXED,0,18,0.3889,0.3889,0.6111,287.69,1.529,-259.25,15.98,483.19,-85.5,2026-06-25,2026-07-07,,,0.2222,0.1111,0.0556,0.4444,0.5,0.0556,0.0,15.17,15.06,2.5,,,0
F3_FIXED_HOLD_VWAP_T423,ALL,1m_break_below,F3,FIXED,0,47,0.383,0.383,0.617,967.12,1.742,-260.0,20.58,483.19,-88.5,2026-06-25,2026-05-29,0.0,0.0,0.2979,0.1702,0.0851,0.4894,0.4043,0.0851,0.0213,15.91,12.02,2.0,0.06,50.0,3
F3_FIXED_RATCHET_HI_T2618,IS,1m_break_below,F3,FIXED,0,29,0.4828,0.4828,0.5172,561.54,1.616,-211.75,19.36,183.17,-122.0,2026-06-09,2026-05-26,,,0.3793,0.0,0.0,0.0,0.5862,0.3793,0.0345,13.41,10.14,2.0,,,0
F3_FIXED_RATCHET_HI_T2618,OOS,1m_break_below,F3,FIXED,0,18,0.4444,0.4444,0.5556,347.73,1.528,-296.5,19.32,261.62,-147.75,2026-07-07,2026-06-11,,,0.2778,0.0,0.0,0.0,0.7222,0.2778,0.0,16.67,15.06,2.5,,,0
F3_FIXED_RATCHET_HI_T2618,ALL,1m_break_below,F3,FIXED,0,47,0.4681,0.4681,0.5319,909.28,1.579,-296.5,19.35,261.62,-147.75,2026-07-07,2026-06-11,0.0,0.0,0.3404,0.0,0.0,0.0,0.6383,0.3404,0.0213,14.66,12.02,2.0,0.06,50.0,3
F3_FIXED_RATCHET_HI_T333,IS,1m_break_below,F3,FIXED,0,29,0.4483,0.4483,0.5517,639.75,1.686,-215.0,22.06,264.87,-122.0,2026-06-09,2026-05-26,,,0.3793,0.2069,0.0,0.0,0.7586,0.2069,0.0345,17.31,10.14,2.0,,,0
F3_FIXED_RATCHET_HI_T333,OOS,1m_break_below,F3,FIXED,0,18,0.4444,0.4444,0.5556,314.59,1.478,-296.5,17.48,345.49,-147.75,2026-06-25,2026-06-11,,,0.2778,0.1111,0.0,0.0,0.8889,0.1111,0.0,19.06,15.06,2.5,,,0
F3_FIXED_RATCHET_HI_T333,ALL,1m_break_below,F3,FIXED,0,47,0.4468,0.4468,0.5532,954.34,1.6,-296.5,20.31,345.49,-147.75,2026-06-25,2026-06-11,0.0,0.0,0.3404,0.1702,0.0,0.0,0.8085,0.1702,0.0213,17.98,12.02,2.0,0.06,50.0,3
F3_FIXED_RATCHET_HI_T423,IS,1m_break_below,F3,FIXED,0,29,0.4483,0.4483,0.5517,658.18,1.706,-253.5,22.7,362.86,-122.0,2026-02-03,2026-05-26,,,0.3793,0.2069,0.1034,0.0,0.8621,0.1034,0.0345,19.83,10.14,2.0,,,0
F3_FIXED_RATCHET_HI_T423,OOS,1m_break_below,F3,FIXED,0,18,0.4444,0.4444,0.5556,398.69,1.605,-296.5,22.15,483.19,-147.75,2026-06-25,2026-06-11,,,0.2778,0.1111,0.0556,0.0,0.9444,0.0556,0.0,21.28,15.06,2.5,,,0
F3_FIXED_RATCHET_HI_T423,ALL,1m_break_below,F3,FIXED,0,47,0.4468,0.4468,0.5532,1056.87,1.664,-323.75,22.49,483.19,-147.75,2026-06-25,2026-06-11,0.0,0.0,0.3404,0.1702,0.0851,0.0,0.8936,0.0851,0.0213,20.38,12.02,2.0,0.06,50.0,3
F3_FIXED_INV1618_HOLD_VWAP_T2618,IS,1m_break_below,F3,FIXED,1,26,0.4231,0.4231,0.5769,546.22,1.923,-215.25,21.01,179.89,-81.75,2026-02-03,2026-06-08,,,0.3462,0.0,0.0,0.4615,0.1923,0.3462,0.0,11.35,4.23,1.0,,,0
F3_FIXED_INV1618_HOLD_VWAP_T2618,OOS,1m_break_below,F3,FIXED,1,18,0.3889,0.3889,0.6111,201.11,1.37,-199.0,11.17,236.55,-85.5,2026-06-25,2026-07-07,,,0.2222,0.0,0.0,0.4444,0.3333,0.2222,0.0,11.06,15.06,2.5,,,0
F3_FIXED_INV1618_HOLD_VWAP_T2618,ALL,1m_break_below,F3,FIXED,1,44,0.4091,0.4091,0.5909,747.34,1.658,-215.25,16.98,236.55,-85.5,2026-06-25,2026-07-07,6.0,0.12,0.2955,0.0,0.0,0.4545,0.25,0.2955,0.0,11.23,8.66,2.0,0.12,50.0,6
F3_FIXED_INV1618_HOLD_VWAP_T333,IS,1m_break_below,F3,FIXED,1,26,0.3846,0.3846,0.6154,569.13,1.938,-215.25,21.89,260.7,-81.75,2026-02-03,2026-06-08,,,0.3462,0.1923,0.0,0.5,0.3077,0.1923,0.0,14.5,4.23,1.0,,,0
F3_FIXED_INV1618_HOLD_VWAP_T333,OOS,1m_break_below,F3,FIXED,1,18,0.3889,0.3889,0.6111,203.59,1.374,-259.25,11.31,345.49,-85.5,2026-06-25,2026-07-07,,,0.2222,0.1111,0.0,0.4444,0.4444,0.1111,0.0,12.94,15.06,2.5,,,0
F3_FIXED_INV1618_HOLD_VWAP_T333,ALL,1m_break_below,F3,FIXED,1,44,0.3864,0.3864,0.6136,772.72,1.672,-259.25,17.56,345.49,-85.5,2026-06-25,2026-07-07,6.0,0.12,0.2955,0.1591,0.0,0.4773,0.3636,0.1591,0.0,13.86,8.66,2.0,0.12,50.0,6
F3_FIXED_INV1618_HOLD_VWAP_T423,IS,1m_break_below,F3,FIXED,1,26,0.3846,0.3846,0.6154,666.68,2.099,-215.25,25.64,362.86,-81.75,2026-02-03,2026-06-08,,,0.3462,0.1923,0.1154,0.5769,0.3077,0.1154,0.0,16.31,4.23,1.0,,,0
F3_FIXED_INV1618_HOLD_VWAP_T423,OOS,1m_break_below,F3,FIXED,1,18,0.3889,0.3889,0.6111,287.69,1.529,-259.25,15.98,483.19,-85.5,2026-06-25,2026-07-07,,,0.2222,0.1111,0.0556,0.4444,0.5,0.0556,0.0,15.17,15.06,2.5,,,0
F3_FIXED_INV1618_HOLD_VWAP_T423,ALL,1m_break_below,F3,FIXED,1,44,0.3864,0.3864,0.6136,954.37,1.83,-272.75,21.69,483.19,-85.5,2026-06-25,2026-07-07,6.0,0.12,0.2955,0.1591,0.0909,0.5227,0.3864,0.0909,0.0,15.84,8.66,2.0,0.12,50.0,6
F3_FIXED_INV1618_RATCHET_HI_T2618,IS,1m_break_below,F3,FIXED,1,26,0.5,0.5,0.5,531.13,1.7,-211.75,20.43,179.89,-122.0,2026-02-03,2026-05-26,,,0.3846,0.0,0.0,0.0,0.6154,0.3846,0.0,13.92,4.23,1.0,,,0
F3_FIXED_INV1618_RATCHET_HI_T2618,OOS,1m_break_below,F3,FIXED,1,18,0.4444,0.4444,0.5556,347.73,1.528,-296.5,19.32,261.62,-147.75,2026-07-07,2026-06-11,,,0.2778,0.0,0.0,0.0,0.7222,0.2778,0.0,16.67,15.06,2.5,,,0
F3_FIXED_INV1618_RATCHET_HI_T2618,ALL,1m_break_below,F3,FIXED,1,44,0.4773,0.4773,0.5227,878.86,1.62,-296.5,19.97,261.62,-147.75,2026-07-07,2026-06-11,6.0,0.12,0.3409,0.0,0.0,0.0,0.6591,0.3409,0.0,15.05,8.66,2.0,0.12,50.0,6
F3_FIXED_INV1618_RATCHET_HI_T333,IS,1m_break_below,F3,FIXED,1,26,0.4615,0.4615,0.5385,527.63,1.677,-215.0,20.29,260.7,-122.0,2026-02-03,2026-05-26,,,0.3846,0.1923,0.0,0.0,0.8077,0.1923,0.0,18.12,4.23,1.0,,,0
F3_FIXED_INV1618_RATCHET_HI_T333,OOS,1m_break_below,F3,FIXED,1,18,0.4444,0.4444,0.5556,314.59,1.478,-296.5,17.48,345.49,-147.75,2026-06-25,2026-06-11,,,0.2778,0.1111,0.0,0.0,0.8889,0.1111,0.0,19.06,15.06,2.5,,,0
F3_FIXED_INV1618_RATCHET_HI_T333,ALL,1m_break_below,F3,FIXED,1,44,0.4545,0.4545,0.5455,842.22,1.586,-296.5,19.14,345.49,-147.75,2026-06-25,2026-06-11,6.0,0.12,0.3409,0.1591,0.0,0.0,0.8409,0.1591,0.0,18.5,8.66,2.0,0.12,50.0,6
F3_FIXED_INV1618_RATCHET_HI_T423,IS,1m_break_below,F3,FIXED,1,26,0.4615,0.4615,0.5385,645.43,1.828,-215.0,24.82,362.86,-122.0,2026-02-03,2026-05-26,,,0.3846,0.1923,0.1154,0.0,0.8846,0.1154,0.0,20.15,4.23,1.0,,,0
F3_FIXED_INV1618_RATCHET_HI_T423,OOS,1m_break_below,F3,FIXED,1,18,0.4444,0.4444,0.5556,398.69,1.605,-296.5,22.15,483.19,-147.75,2026-06-25,2026-06-11,,,0.2778,0.1111,0.0556,0.0,0.9444,0.0556,0.0,21.28,15.06,2.5,,,0
F3_FIXED_INV1618_RATCHET_HI_T423,ALL,1m_break_below,F3,FIXED,1,44,0.4545,0.4545,0.5455,1044.12,1.726,-336.5,23.73,483.19,-147.75,2026-06-25,2026-06-11,6.0,0.12,0.3409,0.1591,0.0909,0.0,0.9091,0.0909,0.0,20.61,8.66,2.0,0.12,50.0,6
F3_EXPAND_HOLD_VWAP_T2618,IS,1m_expand_break,F3,EXPAND,0,29,0.4483,0.4483,0.5517,463.14,1.633,-195.5,15.97,151.39,-89.5,2026-02-03,2026-06-10,,,0.3448,0.0,0.0,0.3793,0.2414,0.3448,0.0345,11.55,13.0,2.0,,,0
F3_EXPAND_HOLD_VWAP_T2618,OOS,1m_expand_break,F3,EXPAND,0,17,0.4118,0.4118,0.5882,252.61,1.502,-171.75,14.86,236.55,-119.0,2026-06-25,2026-06-11,,,0.2353,0.0,0.0,0.2941,0.4706,0.2353,0.0,13.29,29.06,3.0,,,0
F3_EXPAND_HOLD_VWAP_T2618,ALL,1m_expand_break,F3,EXPAND,0,46,0.4348,0.4348,0.5652,715.75,1.58,-237.25,15.56,236.55,-119.0,2026-06-25,2026-06-11,0.0,0.0,0.3043,0.0,0.0,0.3478,0.3261,0.3043,0.0217,12.2,18.93,2.0,0.08,50.0,4
F3_EXPAND_HOLD_VWAP_T333,IS,1m_expand_break,F3,EXPAND,0,29,0.4138,0.4138,0.5862,567.75,1.76,-195.5,19.58,232.21,-89.5,2026-02-03,2026-06-10,,,0.3448,0.2069,0.0,0.4138,0.3448,0.2069,0.0345,14.52,13.0,2.0,,,0
F3_EXPAND_HOLD_VWAP_T333,OOS,1m_expand_break,F3,EXPAND,0,17,0.4118,0.4118,0.5882,255.09,1.507,-171.75,15.01,345.49,-119.0,2026-06-25,2026-06-11,,,0.2353,0.1176,0.0,0.2941,0.5882,0.1176,0.0,15.29,29.06,3.0,,,0
F3_EXPAND_HOLD_VWAP_T333,ALL,1m_expand_break,F3,EXPAND,0,46,0.413,0.413,0.587,822.84,1.658,-237.25,17.89,345.49,-119.0,2026-06-25,2026-06-11,0.0,0.0,0.3043,0.1739,0.0,0.3696,0.4348,0.1739,0.0217,14.8,18.93,2.0,0.08,50.0,4
F3_EXPAND_HOLD_VWAP_T423,IS,1m_expand_break,F3,EXPAND,0,29,0.4138,0.4138,0.5862,565.93,1.758,-238.5,19.51,334.36,-89.5,2026-02-03,2026-06-10,,,0.3448,0.2069,0.1034,0.4828,0.3793,0.1034,0.0345,16.83,13.0,2.0,,,0
F3_EXPAND_HOLD_VWAP_T423,OOS,1m_expand_break,F3,EXPAND,0,17,0.4118,0.4118,0.5882,339.19,1.674,-171.75,19.95,483.19,-119.0,2026-06-25,2026-06-11,,,0.2353,0.1176,0.0588,0.2941,0.6471,0.0588,0.0,17.65,29.06,3.0,,,0
F3_EXPAND_HOLD_VWAP_T423,ALL,1m_expand_break,F3,EXPAND,0,46,0.413,0.413,0.587,905.12,1.724,-376.5,19.68,483.19,-119.0,2026-06-25,2026-06-11,0.0,0.0,0.3043,0.1739,0.087,0.413,0.4783,0.087,0.0217,17.13,18.93,2.0,0.08,50.0,4
F3_EXPAND_RATCHET_HI_T2618,IS,1m_expand_break,F3,EXPAND,0,29,0.5172,0.5172,0.4828,462.04,1.522,-178.0,15.93,151.39,-122.0,2026-02-03,2026-05-26,,,0.3793,0.0,0.0,0.0,0.5862,0.3793,0.0345,13.72,13.0,2.0,,,0
F3_EXPAND_RATCHET_HI_T2618,OOS,1m_expand_break,F3,EXPAND,0,17,0.4706,0.4706,0.5294,552.48,2.189,-124.5,32.5,261.62,-119.0,2026-07-07,2026-06-11,,,0.2941,0.0,0.0,0.0,0.7059,0.2941,0.0,18.47,29.06,3.0,,,0
F3_EXPAND_RATCHET_HI_T2618,ALL,1m_expand_break,F3,EXPAND,0,46,0.5,0.5,0.5,1014.53,1.752,-243.45,22.05,261.62,-122.0,2026-07-07,2026-05-26,0.0,0.0,0.3478,0.0,0.0,0.0,0.6304,0.3478,0.0217,15.48,18.93,2.0,0.08,50.0,4
F3_EXPAND_RATCHET_HI_T333,IS,1m_expand_break,F3,EXPAND,0,29,0.4828,0.4828,0.5172,540.25,1.597,-181.25,18.63,232.21,-122.0,2026-02-03,2026-05-26,,,0.3793,0.2069,0.0,0.0,0.7586,0.2069,0.0345,17.62,13.0,2.0,,,0
F3_EXPAND_RATCHET_HI_T333,OOS,1m_expand_break,F3,EXPAND,0,17,0.4706,0.4706,0.5294,519.34,2.117,-124.5,30.55,345.49,-119.0,2026-06-25,2026-06-11,,,0.2941,0.1176,0.0,0.0,0.8824,0.1176,0.0,21.0,29.06,3.0,,,0
F3_EXPAND_RATCHET_HI_T333,ALL,1m_expand_break,F3,EXPAND,0,46,0.4783,0.4783,0.5217,1059.59,1.773,-232.25,23.03,345.49,-122.0,2026-06-25,2026-05-26,0.0,0.0,0.3478,0.1739,0.0,0.0,0.8043,0.1739,0.0217,18.87,18.93,2.0,0.08,50.0,4
F3_EXPAND_RATCHET_HI_T423,IS,1m_expand_break,F3,EXPAND,0,29,0.4828,0.4828,0.5172,558.68,1.617,-242.75,19.26,334.36,-122.0,2026-02-03,2026-05-26,,,0.3793,0.2069,0.1034,0.0,0.8621,0.1034,0.0345,20.14,13.0,2.0,,,0
F3_EXPAND_RATCHET_HI_T423,OOS,1m_expand_break,F3,EXPAND,0,17,0.4706,0.4706,0.5294,603.44,2.298,-124.5,35.5,483.19,-119.0,2026-06-25,2026-06-11,,,0.2941,0.1176,0.0588,0.0,0.9412,0.0588,0.0,23.35,29.06,3.0,,,0
F3_EXPAND_RATCHET_HI_T423,ALL,1m_expand_break,F3,EXPAND,0,46,0.4783,0.4783,0.5217,1162.12,1.848,-375.75,25.26,483.19,-122.0,2026-06-25,2026-05-26,0.0,0.0,0.3478,0.1739,0.087,0.0,0.8913,0.087,0.0217,21.33,18.93,2.0,0.08,50.0,4
F3_EXPAND_INV1618_HOLD_VWAP_T2618,IS,1m_expand_break,F3,EXPAND,1,26,0.4615,0.4615,0.5385,524.22,1.947,-195.5,20.16,151.39,-81.75,2026-02-03,2026-06-08,,,0.3462,0.0,0.0,0.4231,0.2308,0.3462,0.0,11.92,7.35,1.0,,,0
F3_EXPAND_INV1618_HOLD_VWAP_T2618,OOS,1m_expand_break,F3,EXPAND,1,16,0.4375,0.4375,0.5625,371.61,1.968,-171.75,23.23,236.55,-85.5,2026-06-25,2026-07-07,,,0.25,0.0,0.0,0.3125,0.4375,0.25,0.0,13.38,25.62,2.5,,,0
F3_EXPAND_INV1618_HOLD_VWAP_T2618,ALL,1m_expand_break,F3,EXPAND,1,42,0.4524,0.4524,0.5476,895.84,1.956,-195.5,21.33,236.55,-85.5,2026-06-25,2026-07-07,7.0,0.14,0.3095,0.0,0.0,0.381,0.3095,0.3095,0.0,12.48,14.31,2.0,0.16,50.0,8
F3_EXPAND_INV1618_HOLD_VWAP_T333,IS,1m_expand_break,F3,EXPAND,1,26,0.4231,0.4231,0.5769,547.13,1.962,-195.5,21.04,232.21,-81.75,2026-02-03,2026-06-08,,,0.3462,0.1923,0.0,0.4615,0.3462,0.1923,0.0,15.08,7.35,1.0,,,0
F3_EXPAND_INV1618_HOLD_VWAP_T333,OOS,1m_expand_break,F3,EXPAND,1,16,0.4375,0.4375,0.5625,374.09,1.974,-171.75,23.38,345.49,-85.5,2026-06-25,2026-07-07,,,0.25,0.125,0.0,0.3125,0.5625,0.125,0.0,15.5,25.62,2.5,,,0
F3_EXPAND_INV1618_HOLD_VWAP_T333,ALL,1m_expand_break,F3,EXPAND,1,42,0.4286,0.4286,0.5714,921.22,1.967,-195.5,21.93,345.49,-85.5,2026-06-25,2026-07-07,7.0,0.14,0.3095,0.1667,0.0,0.4048,0.4286,0.1667,0.0,15.24,14.31,2.0,0.16,50.0,8
F3_EXPAND_INV1618_HOLD_VWAP_T423,IS,1m_expand_break,F3,EXPAND,1,26,0.4231,0.4231,0.5769,644.68,2.134,-195.5,24.8,334.36,-81.75,2026-02-03,2026-06-08,,,0.3462,0.1923,0.1154,0.5385,0.3462,0.1154,0.0,16.88,7.35,1.0,,,0
F3_EXPAND_INV1618_HOLD_VWAP_T423,OOS,1m_expand_break,F3,EXPAND,1,16,0.4375,0.4375,0.5625,458.19,2.193,-171.75,28.64,483.19,-85.5,2026-06-25,2026-07-07,,,0.25,0.125,0.0625,0.3125,0.625,0.0625,0.0,18.0,25.62,2.5,,,0
F3_EXPAND_INV1618_HOLD_VWAP_T423,ALL,1m_expand_break,F3,EXPAND,1,42,0.4286,0.4286,0.5714,1102.87,2.158,-195.5,26.26,483.19,-85.5,2026-06-25,2026-07-07,7.0,0.14,0.3095,0.1667,0.0952,0.4524,0.4524,0.0952,0.0,17.31,14.31,2.0,0.16,50.0,8
F3_EXPAND_INV1618_RATCHET_HI_T2618,IS,1m_expand_break,F3,EXPAND,1,26,0.5385,0.5385,0.4615,523.13,1.74,-178.0,20.12,151.39,-122.0,2026-02-03,2026-05-26,,,0.3846,0.0,0.0,0.0,0.6154,0.3846,0.0,14.35,7.35,1.0,,,0
F3_EXPAND_INV1618_RATCHET_HI_T2618,OOS,1m_expand_break,F3,EXPAND,1,16,0.5,0.5,0.5,671.48,2.942,-124.5,41.97,261.62,-95.5,2026-07-07,2026-07-01,,,0.3125,0.0,0.0,0.0,0.6875,0.3125,0.0,18.88,25.62,2.5,,,0
F3_EXPAND_INV1618_RATCHET_HI_T2618,ALL,1m_expand_break,F3,EXPAND,1,42,0.5238,0.5238,0.4762,1194.61,2.135,-178.0,28.44,261.62,-122.0,2026-07-07,2026-05-26,7.0,0.14,0.3571,0.0,0.0,0.0,0.6429,0.3571,0.0,16.07,14.31,2.0,0.16,50.0,8
F3_EXPAND_INV1618_RATCHET_HI_T333,IS,1m_expand_break,F3,EXPAND,1,26,0.5,0.5,0.5,519.63,1.714,-181.25,19.99,232.21,-122.0,2026-02-03,2026-05-26,,,0.3846,0.1923,0.0,0.0,0.8077,0.1923,0.0,18.54,7.35,1.0,,,0
F3_EXPAND_INV1618_RATCHET_HI_T333,OOS,1m_expand_break,F3,EXPAND,1,16,0.5,0.5,0.5,638.34,2.846,-124.5,39.9,345.49,-95.5,2026-06-25,2026-07-01,,,0.3125,0.125,0.0,0.0,0.875,0.125,0.0,21.56,25.62,2.5,,,0
F3_EXPAND_INV1618_RATCHET_HI_T333,ALL,1m_expand_break,F3,EXPAND,1,42,0.5,0.5,0.5,1157.97,2.079,-181.25,27.57,345.49,-122.0,2026-06-25,2026-05-26,7.0,0.14,0.3571,0.1667,0.0,0.0,0.8333,0.1667,0.0,19.69,14.31,2.0,0.16,50.0,8
F3_EXPAND_INV1618_RATCHET_HI_T423,IS,1m_expand_break,F3,EXPAND,1,26,0.5,0.5,0.5,637.43,1.876,-181.25,24.52,334.36,-122.0,2026-02-03,2026-05-26,,,0.3846,0.1923,0.1154,0.0,0.8846,0.1154,0.0,20.58,7.35,1.0,,,0
F3_EXPAND_INV1618_RATCHET_HI_T423,OOS,1m_expand_break,F3,EXPAND,1,16,0.5,0.5,0.5,722.44,3.089,-124.5,45.15,483.19,-95.5,2026-06-25,2026-07-01,,,0.3125,0.125,0.0625,0.0,0.9375,0.0625,0.0,24.06,25.62,2.5,,,0
F3_EXPAND_INV1618_RATCHET_HI_T423,ALL,1m_expand_break,F3,EXPAND,1,42,0.5,0.5,0.5,1359.87,2.267,-181.25,32.38,483.19,-122.0,2026-06-25,2026-05-26,7.0,0.14,0.3571,0.1667,0.0952,0.0,0.9048,0.0952,0.0,21.9,14.31,2.0,0.16,50.0,8
ALL_EXPAND_HOLD_VWAP_T423,IS,1m_expand_break,ALL,EXPAND,0,94,0.3298,0.3298,0.6702,-612.88,0.789,-1154.75,-6.52,334.36,-92.75,2026-02-03,2026-06-04,,,0.2234,0.117,0.0426,0.4043,0.5213,0.0426,0.0319,16.38,25.71,7.0,,,0
ALL_EXPAND_HOLD_VWAP_T423,OOS,1m_expand_break,ALL,EXPAND,0,41,0.439,0.439,0.561,830.3,1.62,-421.75,20.25,483.19,-119.0,2026-06-25,2026-06-11,,,0.2439,0.1707,0.0488,0.2683,0.6829,0.0488,0.0,19.29,32.88,8.0,,,0
ALL_EXPAND_HOLD_VWAP_T423,ALL,1m_expand_break,ALL,EXPAND,0,135,0.363,0.363,0.637,217.42,1.051,-1398.5,1.61,483.19,-119.0,2026-06-25,2026-06-11,0.0,0.0,0.2296,0.1333,0.0444,0.363,0.5704,0.0444,0.0222,17.27,27.89,8.0,0.2151,172.0,37
ALL_EXPAND_RATCHET_HI_T423,IS,1m_expand_break,ALL,EXPAND,0,94,0.3723,0.3723,0.6277,-1220.88,0.678,-1512.25,-12.99,334.36,-128.0,2026-02-03,2026-04-06,,,0.2553,0.117,0.0426,0.0,0.883,0.0426,0.0745,20.0,25.71,7.0,,,0
ALL_EXPAND_RATCHET_HI_T423,OOS,1m_expand_break,ALL,EXPAND,0,41,0.4634,0.4634,0.5366,911.8,1.614,-402.75,22.24,483.19,-138.5,2026-06-25,2026-06-24,,,0.2683,0.1707,0.0488,0.0,0.9024,0.0488,0.0488,22.05,32.88,8.0,,,0
ALL_EXPAND_RATCHET_HI_T423,ALL,1m_expand_break,ALL,EXPAND,0,135,0.4,0.4,0.6,-309.08,0.941,-1820.75,-2.29,483.19,-138.5,2026-06-25,2026-06-24,0.0,0.0,0.2593,0.1333,0.0444,0.0,0.8889,0.0444,0.0667,20.62,27.89,8.0,0.2151,172.0,37
ALL_EXPAND_INV1618_HOLD_VWAP_T423,IS,1m_expand_break,ALL,EXPAND,1,75,0.32,0.32,0.68,-161.88,0.925,-861.75,-2.16,334.36,-92.75,2026-02-03,2026-06-04,,,0.1867,0.12,0.0533,0.5067,0.4267,0.0533,0.0133,15.36,11.28,5.0,,,0
ALL_EXPAND_INV1618_HOLD_VWAP_T423,OOS,1m_expand_break,ALL,EXPAND,1,35,0.4571,0.4571,0.5429,930.8,1.957,-314.0,26.59,483.19,-91.75,2026-06-25,2026-06-24,,,0.2286,0.1429,0.0571,0.3143,0.6286,0.0571,0.0,19.0,21.43,6.0,,,0
ALL_EXPAND_INV1618_HOLD_VWAP_T423,ALL,1m_expand_break,ALL,EXPAND,1,110,0.3636,0.3636,0.6364,768.92,1.245,-1006.75,6.99,483.19,-92.75,2026-06-25,2026-06-04,61.0,0.3547,0.2,0.1273,0.0545,0.4455,0.4909,0.0545,0.0091,16.52,14.51,5.0,0.3605,172.0,62
ALL_EXPAND_INV1618_RATCHET_HI_T423,IS,1m_expand_break,ALL,EXPAND,1,75,0.3733,0.3733,0.6267,-769.88,0.748,-1219.25,-10.27,334.36,-128.0,2026-02-03,2026-04-06,,,0.2267,0.12,0.0533,0.0,0.88,0.0533,0.0667,19.89,11.28,5.0,,,0
ALL_EXPAND_INV1618_RATCHET_HI_T423,OOS,1m_expand_break,ALL,EXPAND,1,35,0.4857,0.4857,0.5143,1012.3,1.906,-256.25,28.92,483.19,-138.5,2026-06-25,2026-06-24,,,0.2571,0.1429,0.0571,0.0,0.8857,0.0571,0.0571,22.23,21.43,6.0,,,0
ALL_EXPAND_INV1618_RATCHET_HI_T423,ALL,1m_expand_break,ALL,EXPAND,1,110,0.4091,0.4091,0.5909,242.42,1.058,-1429.0,2.2,483.19,-138.5,2026-06-25,2026-06-24,61.0,0.3547,0.2364,0.1273,0.0545,0.0,0.8818,0.0545,0.0636,20.64,14.51,5.0,0.3605,172.0,62
