variante,split,tf,universe,side_lab,entry_mode,inv_1618,n,n_long,n_short,WR,pct_win,pct_loss,net,PF,maxDD,avg_net_per_day,largest_win,largest_loss,largest_win_day,largest_loss_day,n_inv_skipped,pct_inv_skipped,pct_hit_2618,pct_hit_333,pct_hit_423,pct_hold_exit,pct_ratchet_stop,pct_target,pct_init_stop,avg_bars,mean_entry_delay_min,pct_signal_no_entry,n_signal_days,n_signal_no_entry
F3_SHORT_EXPAND_INV_HOLD_VWAP_T2618,IS,1m_expand_break,F3,SHORT,EXPAND,1,26,0,26,0.4615,0.4615,0.5385,524.22,1.947,-195.5,20.16,151.39,-81.75,2026-02-03,2026-06-08,,,0.3462,0.0,0.0,0.4231,0.2308,0.3462,0.0,11.92,7.35,,,0
F3_SHORT_EXPAND_INV_HOLD_VWAP_T2618,OOS,1m_expand_break,F3,SHORT,EXPAND,1,16,0,16,0.4375,0.4375,0.5625,371.61,1.968,-171.75,23.23,236.55,-85.5,2026-06-25,2026-07-07,,,0.25,0.0,0.0,0.3125,0.4375,0.25,0.0,13.38,25.62,,,0
F3_SHORT_EXPAND_INV_HOLD_VWAP_T2618,ALL,1m_expand_break,F3,SHORT,EXPAND,1,42,0,42,0.4524,0.4524,0.5476,895.84,1.956,-195.5,21.33,236.55,-85.5,2026-06-25,2026-07-07,7.0,0.14,0.3095,0.0,0.0,0.381,0.3095,0.3095,0.0,12.48,14.31,0.16,50.0,8
F3_SHORT_EXPAND_INV_HOLD_VWAP_T333,IS,1m_expand_break,F3,SHORT,EXPAND,1,26,0,26,0.4231,0.4231,0.5769,547.13,1.962,-195.5,21.04,232.21,-81.75,2026-02-03,2026-06-08,,,0.3462,0.1923,0.0,0.4615,0.3462,0.1923,0.0,15.08,7.35,,,0
F3_SHORT_EXPAND_INV_HOLD_VWAP_T333,OOS,1m_expand_break,F3,SHORT,EXPAND,1,16,0,16,0.4375,0.4375,0.5625,374.09,1.974,-171.75,23.38,345.49,-85.5,2026-06-25,2026-07-07,,,0.25,0.125,0.0,0.3125,0.5625,0.125,0.0,15.5,25.62,,,0
F3_SHORT_EXPAND_INV_HOLD_VWAP_T333,ALL,1m_expand_break,F3,SHORT,EXPAND,1,42,0,42,0.4286,0.4286,0.5714,921.22,1.967,-195.5,21.93,345.49,-85.5,2026-06-25,2026-07-07,7.0,0.14,0.3095,0.1667,0.0,0.4048,0.4286,0.1667,0.0,15.24,14.31,0.16,50.0,8
F3_SHORT_EXPAND_INV_HOLD_VWAP_T423,IS,1m_expand_break,F3,SHORT,EXPAND,1,26,0,26,0.4231,0.4231,0.5769,644.68,2.134,-195.5,24.8,334.36,-81.75,2026-02-03,2026-06-08,,,0.3462,0.1923,0.1154,0.5385,0.3462,0.1154,0.0,16.88,7.35,,,0
F3_SHORT_EXPAND_INV_HOLD_VWAP_T423,OOS,1m_expand_break,F3,SHORT,EXPAND,1,16,0,16,0.4375,0.4375,0.5625,458.19,2.193,-171.75,28.64,483.19,-85.5,2026-06-25,2026-07-07,,,0.25,0.125,0.0625,0.3125,0.625,0.0625,0.0,18.0,25.62,,,0
F3_SHORT_EXPAND_INV_HOLD_VWAP_T423,ALL,1m_expand_break,F3,SHORT,EXPAND,1,42,0,42,0.4286,0.4286,0.5714,1102.87,2.158,-195.5,26.26,483.19,-85.5,2026-06-25,2026-07-07,7.0,0.14,0.3095,0.1667,0.0952,0.4524,0.4524,0.0952,0.0,17.31,14.31,0.16,50.0,8
F3_SHORT_EXPAND_INV_RATCHET_HI_T2618,IS,1m_expand_break,F3,SHORT,EXPAND,1,26,0,26,0.5385,0.5385,0.4615,523.13,1.74,-178.0,20.12,151.39,-122.0,2026-02-03,2026-05-26,,,0.3846,0.0,0.0,0.0,0.6154,0.3846,0.0,14.35,7.35,,,0
F3_SHORT_EXPAND_INV_RATCHET_HI_T2618,OOS,1m_expand_break,F3,SHORT,EXPAND,1,16,0,16,0.5,0.5,0.5,671.48,2.942,-124.5,41.97,261.62,-95.5,2026-07-07,2026-07-01,,,0.3125,0.0,0.0,0.0,0.6875,0.3125,0.0,18.88,25.62,,,0
F3_SHORT_EXPAND_INV_RATCHET_HI_T2618,ALL,1m_expand_break,F3,SHORT,EXPAND,1,42,0,42,0.5238,0.5238,0.4762,1194.61,2.135,-178.0,28.44,261.62,-122.0,2026-07-07,2026-05-26,7.0,0.14,0.3571,0.0,0.0,0.0,0.6429,0.3571,0.0,16.07,14.31,0.16,50.0,8
F3_SHORT_EXPAND_INV_RATCHET_HI_T333,IS,1m_expand_break,F3,SHORT,EXPAND,1,26,0,26,0.5,0.5,0.5,519.63,1.714,-181.25,19.99,232.21,-122.0,2026-02-03,2026-05-26,,,0.3846,0.1923,0.0,0.0,0.8077,0.1923,0.0,18.54,7.35,,,0
F3_SHORT_EXPAND_INV_RATCHET_HI_T333,OOS,1m_expand_break,F3,SHORT,EXPAND,1,16,0,16,0.5,0.5,0.5,638.34,2.846,-124.5,39.9,345.49,-95.5,2026-06-25,2026-07-01,,,0.3125,0.125,0.0,0.0,0.875,0.125,0.0,21.56,25.62,,,0
F3_SHORT_EXPAND_INV_RATCHET_HI_T333,ALL,1m_expand_break,F3,SHORT,EXPAND,1,42,0,42,0.5,0.5,0.5,1157.97,2.079,-181.25,27.57,345.49,-122.0,2026-06-25,2026-05-26,7.0,0.14,0.3571,0.1667,0.0,0.0,0.8333,0.1667,0.0,19.69,14.31,0.16,50.0,8
F3_SHORT_EXPAND_INV_RATCHET_HI_T423,IS,1m_expand_break,F3,SHORT,EXPAND,1,26,0,26,0.5,0.5,0.5,637.43,1.876,-181.25,24.52,334.36,-122.0,2026-02-03,2026-05-26,,,0.3846,0.1923,0.1154,0.0,0.8846,0.1154,0.0,20.58,7.35,,,0
F3_SHORT_EXPAND_INV_RATCHET_HI_T423,OOS,1m_expand_break,F3,SHORT,EXPAND,1,16,0,16,0.5,0.5,0.5,722.44,3.089,-124.5,45.15,483.19,-95.5,2026-06-25,2026-07-01,,,0.3125,0.125,0.0625,0.0,0.9375,0.0625,0.0,24.06,25.62,,,0
F3_SHORT_EXPAND_INV_RATCHET_HI_T423,ALL,1m_expand_break,F3,SHORT,EXPAND,1,42,0,42,0.5,0.5,0.5,1359.87,2.267,-181.25,32.38,483.19,-122.0,2026-06-25,2026-05-26,7.0,0.14,0.3571,0.1667,0.0952,0.0,0.9048,0.0952,0.0,21.9,14.31,0.16,50.0,8
L3_LONG_EXPAND_INV_HOLD_VWAP_T2618,IS,1m_expand_break,L3,LONG,EXPAND,1,36,36,0,0.4444,0.4444,0.5556,48.36,1.065,-278.18,1.34,165.79,-63.5,2026-05-08,2026-04-06,,,0.0556,0.0,0.0,0.4167,0.5278,0.0556,0.0,17.78,12.39,,,0
L3_LONG_EXPAND_INV_HOLD_VWAP_T2618,OOS,1m_expand_break,L3,LONG,EXPAND,1,16,16,0,0.4375,0.4375,0.5625,331.53,1.689,-158.75,20.72,224.47,-112.5,2026-06-23,2026-06-29,,,0.25,0.0,0.0,0.25,0.5,0.25,0.0,23.5,11.12,,,0
L3_LONG_EXPAND_INV_HOLD_VWAP_T2618,ALL,1m_expand_break,L3,LONG,EXPAND,1,52,52,0,0.4423,0.4423,0.5577,379.89,1.309,-278.18,7.31,224.47,-112.5,2026-06-23,2026-06-29,7.0,0.1186,0.1154,0.0,0.0,0.3654,0.5192,0.1154,0.0,19.54,12.0,0.1186,59.0,7
L3_LONG_EXPAND_INV_HOLD_VWAP_T333,IS,1m_expand_break,L3,LONG,EXPAND,1,36,36,0,0.4444,0.4444,0.5556,-59.75,0.92,-319.75,-1.66,99.25,-63.5,2026-05-08,2026-04-06,,,0.0556,0.0,0.0,0.4167,0.5833,0.0,0.0,18.28,12.39,,,0
L3_LONG_EXPAND_INV_HOLD_VWAP_T333,OOS,1m_expand_break,L3,LONG,EXPAND,1,16,16,0,0.4375,0.4375,0.5625,236.89,1.492,-158.75,14.81,165.25,-112.5,2026-06-23,2026-06-29,,,0.25,0.0625,0.0,0.25,0.6875,0.0625,0.0,24.94,11.12,,,0
L3_LONG_EXPAND_INV_HOLD_VWAP_T333,ALL,1m_expand_break,L3,LONG,EXPAND,1,52,52,0,0.4423,0.4423,0.5577,177.14,1.144,-319.75,3.41,165.25,-112.5,2026-06-23,2026-06-29,7.0,0.1186,0.1154,0.0192,0.0,0.3654,0.6154,0.0192,0.0,20.33,12.0,0.1186,59.0,7
L3_LONG_EXPAND_INV_HOLD_VWAP_T423,IS,1m_expand_break,L3,LONG,EXPAND,1,36,36,0,0.4444,0.4444,0.5556,-59.75,0.92,-319.75,-1.66,99.25,-63.5,2026-05-08,2026-04-06,,,0.0556,0.0,0.0,0.4167,0.5833,0.0,0.0,18.28,12.39,,,0
L3_LONG_EXPAND_INV_HOLD_VWAP_T423,OOS,1m_expand_break,L3,LONG,EXPAND,1,16,16,0,0.4375,0.4375,0.5625,312.26,1.649,-158.75,19.52,237.51,-112.5,2026-08-13,2026-06-29,,,0.25,0.0625,0.0625,0.25,0.6875,0.0625,0.0,27.38,11.12,,,0
L3_LONG_EXPAND_INV_HOLD_VWAP_T423,ALL,1m_expand_break,L3,LONG,EXPAND,1,52,52,0,0.4423,0.4423,0.5577,252.51,1.206,-319.75,4.86,237.51,-112.5,2026-08-13,2026-06-29,7.0,0.1186,0.1154,0.0192,0.0192,0.3654,0.6154,0.0192,0.0,21.08,12.0,0.1186,59.0,7
L3_LONG_EXPAND_INV_RATCHET_HI_T2618,IS,1m_expand_break,L3,LONG,EXPAND,1,36,36,0,0.5,0.5,0.5,-24.89,0.97,-309.93,-0.69,165.79,-103.75,2026-05-08,2026-02-17,,,0.0556,0.0,0.0,0.0,0.9444,0.0556,0.0,22.72,12.39,,,0
L3_LONG_EXPAND_INV_RATCHET_HI_T2618,OOS,1m_expand_break,L3,LONG,EXPAND,1,16,16,0,0.4375,0.4375,0.5625,324.28,1.663,-158.75,20.27,224.47,-112.5,2026-06-23,2026-06-29,,,0.25,0.0,0.0,0.0,0.75,0.25,0.0,24.19,11.12,,,0
L3_LONG_EXPAND_INV_RATCHET_HI_T2618,ALL,1m_expand_break,L3,LONG,EXPAND,1,52,52,0,0.4808,0.4808,0.5192,299.39,1.227,-309.93,5.76,224.47,-112.5,2026-06-23,2026-06-29,7.0,0.1186,0.1154,0.0,0.0,0.0,0.8846,0.1154,0.0,23.17,12.0,0.1186,59.0,7
L3_LONG_EXPAND_INV_RATCHET_HI_T333,IS,1m_expand_break,L3,LONG,EXPAND,1,36,36,0,0.5,0.5,0.5,-133.0,0.839,-351.5,-3.69,99.25,-103.75,2026-05-08,2026-02-17,,,0.0556,0.0,0.0,0.0,1.0,0.0,0.0,23.22,12.39,,,0
L3_LONG_EXPAND_INV_RATCHET_HI_T333,OOS,1m_expand_break,L3,LONG,EXPAND,1,16,16,0,0.4375,0.4375,0.5625,229.64,1.47,-158.75,14.35,165.25,-112.5,2026-06-23,2026-06-29,,,0.25,0.0625,0.0,0.0,0.9375,0.0625,0.0,25.62,11.12,,,0
L3_LONG_EXPAND_INV_RATCHET_HI_T333,ALL,1m_expand_break,L3,LONG,EXPAND,1,52,52,0,0.4808,0.4808,0.5192,96.64,1.073,-351.5,1.86,165.25,-112.5,2026-06-23,2026-06-29,7.0,0.1186,0.1154,0.0192,0.0,0.0,0.9808,0.0192,0.0,23.96,12.0,0.1186,59.0,7
L3_LONG_EXPAND_INV_RATCHET_HI_T423,IS,1m_expand_break,L3,LONG,EXPAND,1,36,36,0,0.5,0.5,0.5,-133.0,0.839,-351.5,-3.69,99.25,-103.75,2026-05-08,2026-02-17,,,0.0556,0.0,0.0,0.0,1.0,0.0,0.0,23.22,12.39,,,0
L3_LONG_EXPAND_INV_RATCHET_HI_T423,OOS,1m_expand_break,L3,LONG,EXPAND,1,16,16,0,0.4375,0.4375,0.5625,305.01,1.624,-158.75,19.06,237.51,-112.5,2026-08-13,2026-06-29,,,0.25,0.0625,0.0625,0.0,0.9375,0.0625,0.0,28.06,11.12,,,0
L3_LONG_EXPAND_INV_RATCHET_HI_T423,ALL,1m_expand_break,L3,LONG,EXPAND,1,52,52,0,0.4808,0.4808,0.5192,172.01,1.131,-351.5,3.31,237.51,-112.5,2026-08-13,2026-06-29,7.0,0.1186,0.1154,0.0192,0.0192,0.0,0.9808,0.0192,0.0,24.71,12.0,0.1186,59.0,7
COMBINED_F3L5_EXPAND_INV_HOLD_VWAP_T2618,IS,1m_expand_break,BOTH,COMBINED,EXPAND,1,62,36,26,0.4516,0.4516,0.5484,572.58,1.44,-220.5,9.24,165.79,-81.75,2026-05-08,2026-06-08,,,0.1774,0.0,0.0,0.4194,0.4032,0.1774,0.0,15.32,10.27,,,0
COMBINED_F3L5_EXPAND_INV_HOLD_VWAP_T2618,OOS,1m_expand_break,BOTH,COMBINED,EXPAND,1,32,16,16,0.4375,0.4375,0.5625,703.15,1.812,-221.75,21.97,236.55,-112.5,2026-06-25,2026-06-29,,,0.25,0.0,0.0,0.2812,0.4688,0.25,0.0,18.44,18.38,,,0
COMBINED_F3L5_EXPAND_INV_HOLD_VWAP_T2618,ALL,1m_expand_break,BOTH,COMBINED,EXPAND,1,94,52,42,0.4468,0.4468,0.5532,1275.73,1.589,-221.75,13.57,236.55,-112.5,2026-06-25,2026-06-29,14.0,0.1284,0.2021,0.0,0.0,0.3723,0.4255,0.2021,0.0,16.38,13.03,0.1376,109.0,15
COMBINED_F3L5_EXPAND_INV_HOLD_VWAP_T333,IS,1m_expand_break,BOTH,COMBINED,EXPAND,1,62,36,26,0.4355,0.4355,0.5645,487.38,1.371,-220.5,7.86,232.21,-81.75,2026-02-03,2026-06-08,,,0.1774,0.0806,0.0,0.4355,0.4839,0.0806,0.0,16.94,10.27,,,0
COMBINED_F3L5_EXPAND_INV_HOLD_VWAP_T333,OOS,1m_expand_break,BOTH,COMBINED,EXPAND,1,32,16,16,0.4375,0.4375,0.5625,610.98,1.706,-245.0,19.09,345.49,-112.5,2026-06-25,2026-06-29,,,0.25,0.0938,0.0,0.2812,0.625,0.0938,0.0,20.22,18.38,,,0
COMBINED_F3L5_EXPAND_INV_HOLD_VWAP_T333,ALL,1m_expand_break,BOTH,COMBINED,EXPAND,1,94,52,42,0.4362,0.4362,0.5638,1098.36,1.504,-245.0,11.68,345.49,-112.5,2026-06-25,2026-06-29,14.0,0.1284,0.2021,0.0851,0.0,0.383,0.5319,0.0851,0.0,18.05,13.03,0.1376,109.0,15
COMBINED_F3L5_EXPAND_INV_HOLD_VWAP_T423,IS,1m_expand_break,BOTH,COMBINED,EXPAND,1,62,36,26,0.4355,0.4355,0.5645,584.93,1.445,-220.5,9.43,334.36,-81.75,2026-02-03,2026-06-08,,,0.1774,0.0806,0.0484,0.4677,0.4839,0.0484,0.0,17.69,10.27,,,0
COMBINED_F3L5_EXPAND_INV_HOLD_VWAP_T423,OOS,1m_expand_break,BOTH,COMBINED,EXPAND,1,32,16,16,0.4375,0.4375,0.5625,770.45,1.89,-245.0,24.08,483.19,-112.5,2026-06-25,2026-06-29,,,0.25,0.0938,0.0625,0.2812,0.6562,0.0625,0.0,22.69,18.38,,,0
COMBINED_F3L5_EXPAND_INV_HOLD_VWAP_T423,ALL,1m_expand_break,BOTH,COMBINED,EXPAND,1,94,52,42,0.4362,0.4362,0.5638,1355.38,1.622,-245.0,14.42,483.19,-112.5,2026-06-25,2026-06-29,14.0,0.1284,0.2021,0.0851,0.0532,0.4043,0.5426,0.0532,0.0,19.39,13.03,0.1376,109.0,15
COMBINED_F3L5_EXPAND_INV_RATCHET_HI_T2618,IS,1m_expand_break,BOTH,COMBINED,EXPAND,1,62,36,26,0.5161,0.5161,0.4839,498.24,1.325,-247.5,8.04,165.79,-122.0,2026-05-08,2026-05-26,,,0.1935,0.0,0.0,0.0,0.8065,0.1935,0.0,19.21,10.27,,,0
COMBINED_F3L5_EXPAND_INV_RATCHET_HI_T2618,OOS,1m_expand_break,BOTH,COMBINED,EXPAND,1,32,16,16,0.4688,0.4688,0.5312,995.77,2.193,-147.0,31.12,261.62,-112.5,2026-07-07,2026-06-29,,,0.2812,0.0,0.0,0.0,0.7188,0.2812,0.0,21.53,18.38,,,0
COMBINED_F3L5_EXPAND_INV_RATCHET_HI_T2618,ALL,1m_expand_break,BOTH,COMBINED,EXPAND,1,94,52,42,0.5,0.5,0.5,1494.01,1.631,-247.5,15.89,261.62,-122.0,2026-07-07,2026-05-26,14.0,0.1284,0.2234,0.0,0.0,0.0,0.7766,0.2234,0.0,20.0,13.03,0.1376,109.0,15
COMBINED_F3L5_EXPAND_INV_RATCHET_HI_T333,IS,1m_expand_break,BOTH,COMBINED,EXPAND,1,62,36,26,0.5,0.5,0.5,386.63,1.249,-247.5,6.24,232.21,-122.0,2026-02-03,2026-05-26,,,0.1935,0.0806,0.0,0.0,0.9194,0.0806,0.0,21.26,10.27,,,0
COMBINED_F3L5_EXPAND_INV_RATCHET_HI_T333,OOS,1m_expand_break,BOTH,COMBINED,EXPAND,1,32,16,16,0.4688,0.4688,0.5312,867.98,2.04,-147.0,27.12,345.49,-112.5,2026-06-25,2026-06-29,,,0.2812,0.0938,0.0,0.0,0.9062,0.0938,0.0,23.59,18.38,,,0
COMBINED_F3L5_EXPAND_INV_RATCHET_HI_T333,ALL,1m_expand_break,BOTH,COMBINED,EXPAND,1,94,52,42,0.4894,0.4894,0.5106,1254.61,1.525,-247.5,13.35,345.49,-122.0,2026-06-25,2026-05-26,14.0,0.1284,0.2234,0.0851,0.0,0.0,0.9149,0.0851,0.0,22.05,13.03,0.1376,109.0,15
COMBINED_F3L5_EXPAND_INV_RATCHET_HI_T423,IS,1m_expand_break,BOTH,COMBINED,EXPAND,1,62,36,26,0.5,0.5,0.5,504.43,1.324,-247.5,8.14,334.36,-122.0,2026-02-03,2026-05-26,,,0.1935,0.0806,0.0484,0.0,0.9516,0.0484,0.0,22.11,10.27,,,0
COMBINED_F3L5_EXPAND_INV_RATCHET_HI_T423,OOS,1m_expand_break,BOTH,COMBINED,EXPAND,1,32,16,16,0.4688,0.4688,0.5312,1027.45,2.231,-147.0,32.11,483.19,-112.5,2026-06-25,2026-06-29,,,0.2812,0.0938,0.0625,0.0,0.9375,0.0625,0.0,26.06,18.38,,,0
COMBINED_F3L5_EXPAND_INV_RATCHET_HI_T423,ALL,1m_expand_break,BOTH,COMBINED,EXPAND,1,94,52,42,0.4894,0.4894,0.5106,1531.88,1.641,-247.5,16.3,483.19,-122.0,2026-06-25,2026-05-26,14.0,0.1284,0.2234,0.0851,0.0532,0.0,0.9468,0.0532,0.0,23.46,13.03,0.1376,109.0,15
ALL_SHORT_EXPAND_INV_HOLD_VWAP_T423,IS,1m_expand_break,ALL_SHORT,SHORT,EXPAND,1,75,0,75,0.32,0.32,0.68,-165.63,0.924,-865.5,-2.21,334.36,-92.75,2026-02-03,2026-06-04,,,0.1867,0.12,0.0533,0.5067,0.4267,0.0533,0.0133,15.4,11.28,,,0
ALL_SHORT_EXPAND_INV_HOLD_VWAP_T423,OOS,1m_expand_break,ALL_SHORT,SHORT,EXPAND,1,35,0,35,0.4571,0.4571,0.5429,930.8,1.957,-314.0,26.59,483.19,-91.75,2026-06-25,2026-06-24,,,0.2286,0.1429,0.0571,0.3143,0.6286,0.0571,0.0,19.0,21.43,,,0
ALL_SHORT_EXPAND_INV_HOLD_VWAP_T423,ALL,1m_expand_break,ALL_SHORT,SHORT,EXPAND,1,110,0,110,0.3636,0.3636,0.6364,765.17,1.243,-1010.5,6.96,483.19,-92.75,2026-06-25,2026-06-04,61.0,0.3547,0.2,0.1273,0.0545,0.4455,0.4909,0.0545,0.0091,16.55,14.51,0.3605,172.0,62
ALL_LONG_EXPAND_INV_HOLD_VWAP_T423,IS,1m_expand_break,ALL_LONG,LONG,EXPAND,1,75,75,0,0.4267,0.4267,0.5733,-269.5,0.841,-502.0,-3.59,129.0,-98.25,2026-05-26,2026-05-19,,,0.0933,0.0,0.0,0.4,0.6,0.0,0.0,17.85,12.11,,,0
ALL_LONG_EXPAND_INV_HOLD_VWAP_T423,OOS,1m_expand_break,ALL_LONG,LONG,EXPAND,1,31,31,0,0.4516,0.4516,0.5484,881.62,2.144,-170.75,28.44,329.0,-112.5,2026-08-03,2026-06-29,,,0.2258,0.0968,0.0645,0.2903,0.6452,0.0645,0.0,24.65,16.35,,,0
ALL_LONG_EXPAND_INV_HOLD_VWAP_T423,ALL,1m_expand_break,ALL_LONG,LONG,EXPAND,1,106,106,0,0.434,0.434,0.566,612.12,1.248,-502.0,5.77,329.0,-112.5,2026-08-03,2026-06-29,65.0,0.3779,0.1321,0.0283,0.0189,0.3679,0.6132,0.0189,0.0,19.84,13.35,0.3837,172.0,66
ALL_SHORT_EXPAND_INV_RATCHET_HI_T423,IS,1m_expand_break,ALL_SHORT,SHORT,EXPAND,1,75,0,75,0.3733,0.3733,0.6267,-773.63,0.747,-1223.0,-10.32,334.36,-128.0,2026-02-03,2026-04-06,,,0.2267,0.12,0.0533,0.0,0.8667,0.0533,0.08,19.93,11.28,,,0
ALL_SHORT_EXPAND_INV_RATCHET_HI_T423,OOS,1m_expand_break,ALL_SHORT,SHORT,EXPAND,1,35,0,35,0.4857,0.4857,0.5143,1012.3,1.906,-256.25,28.92,483.19,-138.5,2026-06-25,2026-06-24,,,0.2571,0.1429,0.0571,0.0,0.8857,0.0571,0.0571,22.23,21.43,,,0
ALL_SHORT_EXPAND_INV_RATCHET_HI_T423,ALL,1m_expand_break,ALL_SHORT,SHORT,EXPAND,1,110,0,110,0.4091,0.4091,0.5909,238.67,1.057,-1432.75,2.17,483.19,-138.5,2026-06-25,2026-06-24,61.0,0.3547,0.2364,0.1273,0.0545,0.0,0.8727,0.0545,0.0727,20.66,14.51,0.3605,172.0,62
ALL_LONG_EXPAND_INV_RATCHET_HI_T423,IS,1m_expand_break,ALL_LONG,LONG,EXPAND,1,75,75,0,0.4933,0.4933,0.5067,-164.75,0.909,-589.75,-2.2,173.25,-139.5,2026-02-18,2026-03-03,,,0.1067,0.0133,0.0,0.0,0.9733,0.0,0.0267,22.13,12.11,,,0
ALL_LONG_EXPAND_INV_RATCHET_HI_T423,OOS,1m_expand_break,ALL_LONG,LONG,EXPAND,1,31,31,0,0.4839,0.4839,0.5161,925.12,2.266,-260.0,29.84,329.0,-112.5,2026-08-03,2026-06-29,,,0.2258,0.0968,0.0645,0.0,0.9355,0.0645,0.0,27.74,16.35,,,0
ALL_LONG_EXPAND_INV_RATCHET_HI_T423,ALL,1m_expand_break,ALL_LONG,LONG,EXPAND,1,106,106,0,0.4906,0.4906,0.5094,760.38,1.3,-589.75,7.17,329.0,-139.5,2026-08-03,2026-03-03,65.0,0.3779,0.1415,0.0377,0.0189,0.0,0.9623,0.0189,0.0189,23.77,13.35,0.3837,172.0,66
L3p8_LONG_EXPAND_INV_HOLD_VWAP_T423,IS,1m_expand_break,L3,LONG,EXPAND,1,9,9,0,0.7778,0.7778,0.2222,229.75,3.491,-63.75,25.53,99.25,-56.75,2026-05-08,2026-01-20,,,0.1111,0.0,0.0,0.2222,0.7778,0.0,0.0,27.11,20.67,,,0
L3p8_LONG_EXPAND_INV_HOLD_VWAP_T423,OOS,1m_expand_break,L3,LONG,EXPAND,1,5,5,0,0.4,0.4,0.6,-15.5,0.884,-41.25,-3.1,100.25,-51.5,2026-08-04,2026-07-02,,,0.2,0.0,0.0,0.2,0.8,0.0,0.0,21.2,8.8,,,0
L3p8_LONG_EXPAND_INV_HOLD_VWAP_T423,ALL,1m_expand_break,L3,LONG,EXPAND,1,14,14,0,0.6429,0.6429,0.3571,214.25,1.949,-92.75,15.3,100.25,-56.75,2026-08-04,2026-01-20,0.0,0.0,0.1429,0.0,0.0,0.2143,0.7857,0.0,0.0,25.0,16.43,0.0,14.0,0
L3p8_LONG_EXPAND_INV_RATCHET_HI_T423,IS,1m_expand_break,L3,LONG,EXPAND,1,9,9,0,0.7778,0.7778,0.2222,233.25,3.628,-72.75,25.92,99.25,-72.75,2026-05-08,2026-01-20,,,0.1111,0.0,0.0,0.0,1.0,0.0,0.0,29.44,20.67,,,0
L3p8_LONG_EXPAND_INV_RATCHET_HI_T423,OOS,1m_expand_break,L3,LONG,EXPAND,1,5,5,0,0.4,0.4,0.6,-41.5,0.74,-66.75,-8.3,100.25,-66.75,2026-08-04,2026-08-25,,,0.2,0.0,0.0,0.0,1.0,0.0,0.0,21.4,8.8,,,0
L3p8_LONG_EXPAND_INV_RATCHET_HI_T423,ALL,1m_expand_break,L3,LONG,EXPAND,1,14,14,0,0.6429,0.6429,0.3571,191.75,1.772,-92.75,13.7,100.25,-72.75,2026-08-04,2026-01-20,0.0,0.0,0.1429,0.0,0.0,0.0,1.0,0.0,0.0,26.57,16.43,0.0,14.0,0
