variante,split,tf,universe,entry_mode,n,WR,pct_win,pct_loss,net,PF,maxDD,avg_net_per_day,largest_win,largest_loss,largest_win_day,largest_loss_day,pct_hit_2618,pct_hit_333,pct_hit_423,pct_hold_exit,pct_ratchet_stop,pct_target,pct_init_stop,avg_bars,mean_entry_delay_min,median_entry_delay_min,mean_n_expansions,median_n_expansions,mean_width_vs_R,median_width_vs_R,mean_final_range_width,median_final_range_width,pct_signal_no_entry,n_signal_days,n_signal_no_entry
F3_EXPAND_HOLD_VWAP_T2618,IS,1m_expand_break,F3,1m_close_below_expanding_L,29,0.4483,0.4483,0.5517,463.14,1.633,-195.5,15.97,151.39,-89.5,2026-02-03,2026-06-10,0.3448,0.0,0.0,0.3793,0.2414,0.3448,0.0345,11.55,13.0,2.0,1.24,0.0,1.099,1.0,104.71,91.5,,,0.0
F3_EXPAND_HOLD_VWAP_T2618,OOS,1m_expand_break,F3,1m_close_below_expanding_L,17,0.4118,0.4118,0.5882,252.61,1.502,-171.75,14.86,236.55,-119.0,2026-06-25,2026-06-11,0.2353,0.0,0.0,0.2941,0.4706,0.2353,0.0,13.29,29.06,3.0,1.76,1.0,1.188,1.038,140.19,130.75,,,0.0
F3_EXPAND_HOLD_VWAP_T2618,ALL,1m_expand_break,F3,1m_close_below_expanding_L,46,0.4348,0.4348,0.5652,715.75,1.58,-237.25,15.56,236.55,-119.0,2026-06-25,2026-06-11,0.3043,0.0,0.0,0.3478,0.3261,0.3043,0.0217,12.2,18.93,2.0,1.43,0.0,1.132,1.0,117.82,108.88,0.08,50.0,4.0
F3_EXPAND_HOLD_VWAP_T333,IS,1m_expand_break,F3,1m_close_below_expanding_L,29,0.4138,0.4138,0.5862,567.75,1.76,-195.5,19.58,232.21,-89.5,2026-02-03,2026-06-10,0.3448,0.2069,0.0,0.4138,0.3448,0.2069,0.0345,14.52,13.0,2.0,1.24,0.0,1.099,1.0,104.71,91.5,,,0.0
F3_EXPAND_HOLD_VWAP_T333,OOS,1m_expand_break,F3,1m_close_below_expanding_L,17,0.4118,0.4118,0.5882,255.09,1.507,-171.75,15.01,345.49,-119.0,2026-06-25,2026-06-11,0.2353,0.1176,0.0,0.2941,0.5882,0.1176,0.0,15.29,29.06,3.0,1.76,1.0,1.188,1.038,140.19,130.75,,,0.0
F3_EXPAND_HOLD_VWAP_T333,ALL,1m_expand_break,F3,1m_close_below_expanding_L,46,0.413,0.413,0.587,822.84,1.658,-237.25,17.89,345.49,-119.0,2026-06-25,2026-06-11,0.3043,0.1739,0.0,0.3696,0.4348,0.1739,0.0217,14.8,18.93,2.0,1.43,0.0,1.132,1.0,117.82,108.88,0.08,50.0,4.0
F3_EXPAND_HOLD_VWAP_T423,IS,1m_expand_break,F3,1m_close_below_expanding_L,29,0.4138,0.4138,0.5862,565.93,1.758,-238.5,19.51,334.36,-89.5,2026-02-03,2026-06-10,0.3448,0.2069,0.1034,0.4828,0.3793,0.1034,0.0345,16.83,13.0,2.0,1.24,0.0,1.099,1.0,104.71,91.5,,,0.0
F3_EXPAND_HOLD_VWAP_T423,OOS,1m_expand_break,F3,1m_close_below_expanding_L,17,0.4118,0.4118,0.5882,339.19,1.674,-171.75,19.95,483.19,-119.0,2026-06-25,2026-06-11,0.2353,0.1176,0.0588,0.2941,0.6471,0.0588,0.0,17.65,29.06,3.0,1.76,1.0,1.188,1.038,140.19,130.75,,,0.0
F3_EXPAND_HOLD_VWAP_T423,ALL,1m_expand_break,F3,1m_close_below_expanding_L,46,0.413,0.413,0.587,905.12,1.724,-376.5,19.68,483.19,-119.0,2026-06-25,2026-06-11,0.3043,0.1739,0.087,0.413,0.4783,0.087,0.0217,17.13,18.93,2.0,1.43,0.0,1.132,1.0,117.82,108.88,0.08,50.0,4.0
F3_EXPAND_RATCHET_HI_T2618,IS,1m_expand_break,F3,1m_close_below_expanding_L,29,0.5172,0.5172,0.4828,462.04,1.522,-178.0,15.93,151.39,-122.0,2026-02-03,2026-05-26,0.3793,0.0,0.0,0.0,0.5862,0.3793,0.0345,13.72,13.0,2.0,1.24,0.0,1.099,1.0,104.71,91.5,,,0.0
F3_EXPAND_RATCHET_HI_T2618,OOS,1m_expand_break,F3,1m_close_below_expanding_L,17,0.4706,0.4706,0.5294,552.48,2.189,-124.5,32.5,261.62,-119.0,2026-07-07,2026-06-11,0.2941,0.0,0.0,0.0,0.7059,0.2941,0.0,18.47,29.06,3.0,1.76,1.0,1.188,1.038,140.19,130.75,,,0.0
F3_EXPAND_RATCHET_HI_T2618,ALL,1m_expand_break,F3,1m_close_below_expanding_L,46,0.5,0.5,0.5,1014.53,1.752,-243.45,22.05,261.62,-122.0,2026-07-07,2026-05-26,0.3478,0.0,0.0,0.0,0.6304,0.3478,0.0217,15.48,18.93,2.0,1.43,0.0,1.132,1.0,117.82,108.88,0.08,50.0,4.0
F3_EXPAND_RATCHET_HI_T333,IS,1m_expand_break,F3,1m_close_below_expanding_L,29,0.4828,0.4828,0.5172,540.25,1.597,-181.25,18.63,232.21,-122.0,2026-02-03,2026-05-26,0.3793,0.2069,0.0,0.0,0.7586,0.2069,0.0345,17.62,13.0,2.0,1.24,0.0,1.099,1.0,104.71,91.5,,,0.0
F3_EXPAND_RATCHET_HI_T333,OOS,1m_expand_break,F3,1m_close_below_expanding_L,17,0.4706,0.4706,0.5294,519.34,2.117,-124.5,30.55,345.49,-119.0,2026-06-25,2026-06-11,0.2941,0.1176,0.0,0.0,0.8824,0.1176,0.0,21.0,29.06,3.0,1.76,1.0,1.188,1.038,140.19,130.75,,,0.0
F3_EXPAND_RATCHET_HI_T333,ALL,1m_expand_break,F3,1m_close_below_expanding_L,46,0.4783,0.4783,0.5217,1059.59,1.773,-232.25,23.03,345.49,-122.0,2026-06-25,2026-05-26,0.3478,0.1739,0.0,0.0,0.8043,0.1739,0.0217,18.87,18.93,2.0,1.43,0.0,1.132,1.0,117.82,108.88,0.08,50.0,4.0
F3_EXPAND_RATCHET_HI_T423,IS,1m_expand_break,F3,1m_close_below_expanding_L,29,0.4828,0.4828,0.5172,558.68,1.617,-242.75,19.26,334.36,-122.0,2026-02-03,2026-05-26,0.3793,0.2069,0.1034,0.0,0.8621,0.1034,0.0345,20.14,13.0,2.0,1.24,0.0,1.099,1.0,104.71,91.5,,,0.0
F3_EXPAND_RATCHET_HI_T423,OOS,1m_expand_break,F3,1m_close_below_expanding_L,17,0.4706,0.4706,0.5294,603.44,2.298,-124.5,35.5,483.19,-119.0,2026-06-25,2026-06-11,0.2941,0.1176,0.0588,0.0,0.9412,0.0588,0.0,23.35,29.06,3.0,1.76,1.0,1.188,1.038,140.19,130.75,,,0.0
F3_EXPAND_RATCHET_HI_T423,ALL,1m_expand_break,F3,1m_close_below_expanding_L,46,0.4783,0.4783,0.5217,1162.12,1.848,-375.75,25.26,483.19,-122.0,2026-06-25,2026-05-26,0.3478,0.1739,0.087,0.0,0.8913,0.087,0.0217,21.33,18.93,2.0,1.43,0.0,1.132,1.0,117.82,108.88,0.08,50.0,4.0
ALL_EXPAND_HOLD_VWAP_T2618,IS,1m_expand_break,ALL,1m_close_below_expanding_L,94,0.3511,0.3511,0.6489,-411.82,0.856,-582.04,-4.38,151.39,-92.75,2026-02-03,2026-06-04,0.2234,0.0,0.0,0.3723,0.3723,0.2234,0.0319,11.76,25.71,7.0,2.11,1.0,1.22,1.062,108.09,96.5,,,0.0
ALL_EXPAND_HOLD_VWAP_T2618,OOS,1m_expand_break,ALL,1m_close_below_expanding_L,41,0.439,0.439,0.561,553.17,1.413,-363.0,13.49,263.21,-119.0,2026-07-31,2026-06-11,0.2439,0.0,0.0,0.2683,0.4878,0.2439,0.0,14.46,32.88,8.0,2.39,1.0,1.235,1.095,153.32,135.75,,,0.0
ALL_EXPAND_HOLD_VWAP_T2618,ALL,1m_expand_break,ALL,1m_close_below_expanding_L,135,0.3778,0.3778,0.6222,141.34,1.034,-703.38,1.05,263.21,-119.0,2026-07-31,2026-06-11,0.2296,0.0,0.0,0.3407,0.4074,0.2296,0.0222,12.58,27.89,8.0,2.19,1.0,1.225,1.067,121.82,111.25,0.2151,172.0,37.0
ALL_EXPAND_HOLD_VWAP_T333,IS,1m_expand_break,ALL,1m_close_below_expanding_L,94,0.3298,0.3298,0.6702,-428.41,0.852,-999.1,-4.56,232.21,-92.75,2026-02-03,2026-06-04,0.2234,0.117,0.0,0.383,0.4681,0.117,0.0319,14.89,25.71,7.0,2.11,1.0,1.22,1.062,108.09,96.5,,,0.0
ALL_EXPAND_HOLD_VWAP_T333,OOS,1m_expand_break,ALL,1m_close_below_expanding_L,41,0.439,0.439,0.561,906.73,1.677,-363.0,22.12,382.11,-119.0,2026-07-31,2026-06-11,0.2439,0.1707,0.0,0.2683,0.561,0.1707,0.0,16.83,32.88,8.0,2.39,1.0,1.235,1.095,153.32,135.75,,,0.0
ALL_EXPAND_HOLD_VWAP_T333,ALL,1m_expand_break,ALL,1m_close_below_expanding_L,135,0.363,0.363,0.637,478.32,1.113,-999.1,3.54,382.11,-119.0,2026-07-31,2026-06-11,0.2296,0.1333,0.0,0.3481,0.4963,0.1333,0.0222,15.48,27.89,8.0,2.19,1.0,1.225,1.067,121.82,111.25,0.2151,172.0,37.0
ALL_EXPAND_HOLD_VWAP_T423,IS,1m_expand_break,ALL,1m_close_below_expanding_L,94,0.3298,0.3298,0.6702,-612.88,0.789,-1154.75,-6.52,334.36,-92.75,2026-02-03,2026-06-04,0.2234,0.117,0.0426,0.4043,0.5213,0.0426,0.0319,16.38,25.71,7.0,2.11,1.0,1.22,1.062,108.09,96.5,,,0.0
ALL_EXPAND_HOLD_VWAP_T423,OOS,1m_expand_break,ALL,1m_close_below_expanding_L,41,0.439,0.439,0.561,830.3,1.62,-421.75,20.25,483.19,-119.0,2026-06-25,2026-06-11,0.2439,0.1707,0.0488,0.2683,0.6829,0.0488,0.0,19.29,32.88,8.0,2.39,1.0,1.235,1.095,153.32,135.75,,,0.0
ALL_EXPAND_HOLD_VWAP_T423,ALL,1m_expand_break,ALL,1m_close_below_expanding_L,135,0.363,0.363,0.637,217.42,1.051,-1398.5,1.61,483.19,-119.0,2026-06-25,2026-06-11,0.2296,0.1333,0.0444,0.363,0.5704,0.0444,0.0222,17.27,27.89,8.0,2.19,1.0,1.225,1.067,121.82,111.25,0.2151,172.0,37.0
ALL_EXPAND_RATCHET_HI_T2618,IS,1m_expand_break,ALL,1m_close_below_expanding_L,94,0.3936,0.3936,0.6064,-823.9,0.78,-958.32,-8.76,179.46,-128.0,2026-04-08,2026-04-06,0.2553,0.0,0.0,0.0,0.6702,0.2553,0.0745,14.57,25.71,7.0,2.11,1.0,1.22,1.062,108.09,96.5,,,0.0
ALL_EXPAND_RATCHET_HI_T2618,OOS,1m_expand_break,ALL,1m_close_below_expanding_L,41,0.4634,0.4634,0.5366,670.28,1.451,-344.0,16.35,263.21,-138.5,2026-07-31,2026-06-24,0.2683,0.0,0.0,0.0,0.6829,0.2683,0.0488,17.0,32.88,8.0,2.39,1.0,1.235,1.095,153.32,135.75,,,0.0
ALL_EXPAND_RATCHET_HI_T2618,ALL,1m_expand_break,ALL,1m_close_below_expanding_L,135,0.4148,0.4148,0.5852,-153.62,0.971,-1144.9,-1.14,263.21,-138.5,2026-07-31,2026-06-24,0.2593,0.0,0.0,0.0,0.6741,0.2593,0.0667,15.31,27.89,8.0,2.19,1.0,1.225,1.067,121.82,111.25,0.2151,172.0,37.0
ALL_EXPAND_RATCHET_HI_T333,IS,1m_expand_break,ALL,1m_close_below_expanding_L,94,0.3723,0.3723,0.6277,-1056.66,0.721,-1379.85,-11.24,232.21,-128.0,2026-02-03,2026-04-06,0.2553,0.117,0.0,0.0,0.8085,0.117,0.0745,18.45,25.71,7.0,2.11,1.0,1.22,1.062,108.09,96.5,,,0.0
ALL_EXPAND_RATCHET_HI_T333,OOS,1m_expand_break,ALL,1m_close_below_expanding_L,41,0.4634,0.4634,0.5366,988.23,1.666,-344.0,24.1,382.11,-138.5,2026-07-31,2026-06-24,0.2683,0.1707,0.0,0.0,0.7805,0.1707,0.0488,19.59,32.88,8.0,2.39,1.0,1.235,1.095,153.32,135.75,,,0.0
ALL_EXPAND_RATCHET_HI_T333,ALL,1m_expand_break,ALL,1m_close_below_expanding_L,135,0.4,0.4,0.6,-68.43,0.987,-1388.13,-0.51,382.11,-138.5,2026-07-31,2026-06-24,0.2593,0.1333,0.0,0.0,0.8,0.1333,0.0667,18.79,27.89,8.0,2.19,1.0,1.225,1.067,121.82,111.25,0.2151,172.0,37.0
ALL_EXPAND_RATCHET_HI_T423,IS,1m_expand_break,ALL,1m_close_below_expanding_L,94,0.3723,0.3723,0.6277,-1220.88,0.678,-1512.25,-12.99,334.36,-128.0,2026-02-03,2026-04-06,0.2553,0.117,0.0426,0.0,0.883,0.0426,0.0745,20.0,25.71,7.0,2.11,1.0,1.22,1.062,108.09,96.5,,,0.0
ALL_EXPAND_RATCHET_HI_T423,OOS,1m_expand_break,ALL,1m_close_below_expanding_L,41,0.4634,0.4634,0.5366,911.8,1.614,-402.75,22.24,483.19,-138.5,2026-06-25,2026-06-24,0.2683,0.1707,0.0488,0.0,0.9024,0.0488,0.0488,22.05,32.88,8.0,2.39,1.0,1.235,1.095,153.32,135.75,,,0.0
ALL_EXPAND_RATCHET_HI_T423,ALL,1m_expand_break,ALL,1m_close_below_expanding_L,135,0.4,0.4,0.6,-309.08,0.941,-1820.75,-2.29,483.19,-138.5,2026-06-25,2026-06-24,0.2593,0.1333,0.0444,0.0,0.8889,0.0444,0.0667,20.62,27.89,8.0,2.19,1.0,1.225,1.067,121.82,111.25,0.2151,172.0,37.0
FIXED_F3_BREAK_HOLD_VWAP_T423,IS,1m_break_below,F3,1m_close_below_OR_L_fixed,29,0.3793,0.3793,0.6207,679.43,1.895,-256.75,23.43,362.86,-88.5,2026-02-03,2026-05-29,0.3448,0.2069,0.1034,0.5172,0.3448,0.1034,0.0345,16.38,10.14,2.0,,,,,,,,,
FIXED_F3_BREAK_HOLD_VWAP_T423,OOS,1m_break_below,F3,1m_close_below_OR_L_fixed,18,0.3889,0.3889,0.6111,287.69,1.529,-259.25,15.98,483.19,-85.5,2026-06-25,2026-07-07,0.2222,0.1111,0.0556,0.4444,0.5,0.0556,0.0,15.17,15.06,2.5,,,,,,,,,
FIXED_F3_BREAK_HOLD_VWAP_T423,ALL,1m_break_below,F3,1m_close_below_OR_L_fixed,47,0.383,0.383,0.617,967.12,1.742,-260.0,20.58,483.19,-88.5,2026-06-25,2026-05-29,0.2979,0.1702,0.0851,0.4894,0.4043,0.0851,0.0213,15.91,12.02,2.0,,,,,,,0.06,,
FIXED_F3_BREAK_RATCHET_HI_T423,IS,1m_break_below,F3,1m_close_below_OR_L_fixed,29,0.4483,0.4483,0.5517,658.18,1.706,-253.5,22.7,362.86,-122.0,2026-02-03,2026-05-26,0.3793,0.2069,0.1034,0.0,0.8621,0.1034,0.0345,19.83,10.14,2.0,,,,,,,,,
FIXED_F3_BREAK_RATCHET_HI_T423,OOS,1m_break_below,F3,1m_close_below_OR_L_fixed,18,0.4444,0.4444,0.5556,398.69,1.605,-296.5,22.15,483.19,-147.75,2026-06-25,2026-06-11,0.2778,0.1111,0.0556,0.0,0.9444,0.0556,0.0,21.28,15.06,2.5,,,,,,,,,
FIXED_F3_BREAK_RATCHET_HI_T423,ALL,1m_break_below,F3,1m_close_below_OR_L_fixed,47,0.4468,0.4468,0.5532,1056.87,1.664,-323.75,22.49,483.19,-147.75,2026-06-25,2026-06-11,0.3404,0.1702,0.0851,0.0,0.8936,0.0851,0.0213,20.38,12.02,2.0,,,,,,,0.06,,
F3_0935_HOLD_VWAP_T423,IS,1m_confirm_5mHI,F3,0935,32,0.3125,0.3125,0.6875,629.93,1.801,-322.0,19.69,403.11,-107.75,,,0.25,0.1562,0.0938,0.75,0.1562,0.0938,0.0,13.47,0.0,0.0,,,,,,,0.0,,
F3_0935_HOLD_VWAP_T423,OOS,1m_confirm_5mHI,F3,0935,18,0.3889,0.3889,0.6111,561.94,2.247,-154.75,31.22,511.44,-76.0,,,0.2222,0.1111,0.0556,0.6111,0.3333,0.0556,0.0,14.33,0.0,0.0,,,,,,,0.0,,
F3_0935_HOLD_VWAP_T423,ALL,1m_confirm_5mHI,F3,0935,50,0.34,0.34,0.66,1191.87,1.963,-409.25,23.84,511.44,-107.75,2026-06-25,2026-06-10,0.24,0.14,0.08,0.7,0.22,0.08,0.0,13.78,0.0,0.0,,,,,,,0.0,,
F3_0935_RATCHET_HI_T423,IS,1m_confirm_5mHI,F3,0935,32,0.4062,0.4062,0.5938,553.18,1.466,-463.5,17.29,403.11,-182.5,,,0.3125,0.1562,0.0938,0.0,0.75,0.0938,0.1562,19.62,0.0,0.0,,,,,,,0.0,,
F3_0935_RATCHET_HI_T423,OOS,1m_confirm_5mHI,F3,0935,18,0.5,0.5,0.5,663.94,2.091,-273.0,36.89,511.44,-131.0,,,0.2778,0.1111,0.0556,0.0,0.9444,0.0556,0.0,24.61,0.0,0.0,,,,,,,0.0,,
F3_0935_RATCHET_HI_T423,ALL,1m_confirm_5mHI,F3,0935,50,0.44,0.44,0.56,1217.12,1.678,-600.75,24.34,511.44,-182.5,2026-06-25,2026-06-10,0.3,0.14,0.08,0.0,0.82,0.08,0.1,21.42,0.0,0.0,,,,,,,0.0,,
