split,n_trades,win_rate,net_pts,gross_pts,avg_win,avg_loss,pf,max_dd,pct_target,pct_init_stop,pct_ratchet_stop,pct_eod,avg_bars,n_target,n_init_stop,n_ratchet_stop,n_eod,n_long,n_short,day_first,day_last,variant,universe,tf,n_signal_days,pct_hold_exit,pct_hit_2618,pct_hit_333,pct_hit_423,avg_hold_bars,n_hold_exit,pct_signal_no_entry,n_signal_no_entry,pct_win,pct_loss,largest_win,largest_win_day,largest_loss,largest_loss_day,n_days,avg_net_per_day,mean_entry_delay_min,median_entry_delay_min,mean_n_expansions,median_n_expansions,mean_width_vs_R,median_width_vs_R,mean_final_range_width,median_final_range_width
IS,29,0.4482758620689655,463.1379999999999,477.6379999999999,91.89523076923076,-45.71875,1.6331346548188652,-195.5,0.3448275862068966,0.034482758620689655,0.2413793103448276,0.0,11.551724137931034,0,1,7,0,0,29,2025-12-17,2026-06-10,F3_EXPAND_HOLD_VWAP_T2618,F3,1m_expand_break,,0.3793103448275862,0.3448275862068966,0.0,0.0,10.551724137931034,11,,0,0.4482758620689655,0.5517241379310345,151.393,2026-02-03,-89.5,2026-06-10,29,15.970275862068963,13.0,2.0,1.2413793103448276,0.0,1.098951724137931,1.0,104.70689655172414,91.5
OOS,17,0.4117647058823529,252.61450000000002,261.1145,107.94492857142858,-50.3,1.5022157057654075,-171.75,0.23529411764705882,0.0,0.47058823529411764,0.0,13.294117647058824,0,0,8,0,0,17,2026-06-11,2026-08-21,F3_EXPAND_HOLD_VWAP_T2618,F3,1m_expand_break,,0.29411764705882354,0.23529411764705882,0.0,0.0,12.294117647058824,5,,0,0.4117647058823529,0.5882352941176471,236.554,2026-06-25,-119.0,2026-06-11,17,14.859676470588237,29.058823529411764,3.0,1.7647058823529411,1.0,1.1878764705882352,1.0377,140.19117647058823,130.75
ALL,46,0.43478260869565216,715.7524999999999,738.7524999999999,97.51262499999999,-47.48076923076923,1.579791413527744,-237.25,0.30434782608695654,0.021739130434782608,0.32608695652173914,0.0,12.195652173913043,0,1,15,0,0,46,2025-12-17,2026-08-21,F3_EXPAND_HOLD_VWAP_T2618,F3,1m_expand_break,50.0,0.34782608695652173,0.30434782608695654,0.0,0.0,11.195652173913043,16,0.07999999999999996,4,0.43478260869565216,0.5652173913043478,236.554,2026-06-25,-119.0,2026-06-11,46,15.559836956521737,18.934782608695652,2.0,1.434782608695652,0.0,1.1318152173913045,1.0,117.82065217391305,108.875
IS,29,0.41379310344827586,567.7450000000001,582.2450000000001,109.54125,-43.9264705882353,1.7602879142952796,-195.5,0.20689655172413793,0.034482758620689655,0.3448275862068966,0.0,14.517241379310345,0,1,10,0,0,29,2025-12-17,2026-06-10,F3_EXPAND_HOLD_VWAP_T333,F3,1m_expand_break,,0.41379310344827586,0.3448275862068966,0.20689655172413793,0.0,13.517241379310345,12,,0,0.41379310344827586,0.5862068965517241,232.205,2026-02-03,-89.5,2026-06-10,29,19.577413793103453,13.0,2.0,1.2413793103448276,0.0,1.098951724137931,1.0,104.70689655172414,91.5
OOS,17,0.4117647058823529,255.09249999999997,263.5925,108.29892857142856,-50.3,1.507142147117296,-171.75,0.11764705882352941,0.0,0.5882352941176471,0.0,15.294117647058824,0,0,10,0,0,17,2026-06-11,2026-08-21,F3_EXPAND_HOLD_VWAP_T333,F3,1m_expand_break,,0.29411764705882354,0.23529411764705882,0.11764705882352941,0.0,14.294117647058824,5,,0,0.4117647058823529,0.5882352941176471,345.49,2026-06-25,-119.0,2026-06-11,17,15.005441176470587,29.058823529411764,3.0,1.7647058823529411,1.0,1.1878764705882352,1.0377,140.19117647058823,130.75
ALL,46,0.41304347826086957,822.8375,845.8375,109.08355263157895,-46.28703703703704,1.6584016803360673,-237.25,0.17391304347826086,0.021739130434782608,0.43478260869565216,0.0,14.804347826086957,0,1,20,0,0,46,2025-12-17,2026-08-21,F3_EXPAND_HOLD_VWAP_T333,F3,1m_expand_break,50.0,0.3695652173913043,0.30434782608695654,0.17391304347826086,0.0,13.804347826086957,17,0.07999999999999996,4,0.41304347826086957,0.5869565217391305,345.49,2026-06-25,-119.0,2026-06-11,46,17.887771739130436,18.934782608695652,2.0,1.434782608695652,0.0,1.1318152173913045,1.0,117.82065217391305,108.875
IS,29,0.41379310344827586,565.9300000000001,580.4300000000001,109.39,-43.9264705882353,1.7578573819886174,-238.5,0.10344827586206896,0.034482758620689655,0.3793103448275862,0.0,16.82758620689655,0,1,11,0,0,29,2025-12-17,2026-06-10,F3_EXPAND_HOLD_VWAP_T423,F3,1m_expand_break,,0.4827586206896552,0.3448275862068966,0.20689655172413793,0.10344827586206896,15.827586206896552,14,,0,0.41379310344827586,0.5862068965517241,334.355,2026-02-03,-89.5,2026-06-10,29,19.5148275862069,13.0,2.0,1.2413793103448276,0.0,1.098951724137931,1.0,104.70689655172414,91.5
OOS,17,0.4117647058823529,339.19000000000005,347.69000000000005,120.31285714285715,-50.3,1.674333996023857,-171.75,0.058823529411764705,0.0,0.6470588235294118,0.0,17.647058823529413,0,0,11,0,0,17,2026-06-11,2026-08-21,F3_EXPAND_HOLD_VWAP_T423,F3,1m_expand_break,,0.29411764705882354,0.23529411764705882,0.11764705882352941,0.058823529411764705,16.647058823529413,5,,0,0.4117647058823529,0.5882352941176471,483.19,2026-06-25,-119.0,2026-06-11,17,19.952352941176475,29.058823529411764,3.0,1.7647058823529411,1.0,1.1878764705882352,1.0377,140.19117647058823,130.75
ALL,46,0.41304347826086957,905.1200000000001,928.1200000000001,113.41421052631578,-46.28703703703704,1.7242408481696339,-376.5,0.08695652173913043,0.021739130434782608,0.4782608695652174,0.0,17.130434782608695,0,1,22,0,0,46,2025-12-17,2026-08-21,F3_EXPAND_HOLD_VWAP_T423,F3,1m_expand_break,50.0,0.41304347826086957,0.30434782608695654,0.17391304347826086,0.08695652173913043,16.130434782608695,19,0.07999999999999996,4,0.41304347826086957,0.5869565217391305,483.19,2026-06-25,-119.0,2026-06-11,46,19.676521739130436,18.934782608695652,2.0,1.434782608695652,0.0,1.1318152173913045,1.0,117.82065217391305,108.875
IS,29,0.5172413793103449,462.044,476.544,89.7696,-63.17857142857143,1.5223787450537025,-178.0,0.3793103448275862,0.034482758620689655,0.5862068965517241,0.0,13.724137931034482,0,1,17,0,0,29,2025-12-17,2026-06-10,F3_EXPAND_RATCHET_HI_T2618,F3,1m_expand_break,,0.0,0.3793103448275862,0.0,0.0,0.0,0,,0,0.5172413793103449,0.4827586206896552,151.393,2026-02-03,-122.0,2026-05-26,29,15.93255172413793,13.0,2.0,1.2413793103448276,0.0,1.098951724137931,1.0,104.70689655172414,91.5
OOS,17,0.47058823529411764,552.4835,560.9835,127.15418749999999,-51.638888888888886,2.1887756858526086,-124.5,0.29411764705882354,0.0,0.7058823529411765,0.0,18.470588235294116,0,0,12,0,0,17,2026-06-11,2026-08-21,F3_EXPAND_RATCHET_HI_T2618,F3,1m_expand_break,,0.0,0.29411764705882354,0.0,0.0,0.0,0,,0,0.47058823529411764,0.5294117647058824,261.619,2026-07-07,-119.0,2026-06-11,17,32.49902941176471,29.058823529411764,3.0,1.7647058823529411,1.0,1.1878764705882352,1.0377,140.19117647058823,130.75
ALL,46,0.5,1014.5275,1037.5275000000001,102.7729347826087,-58.66304347826087,1.7519195849546045,-243.45450000000005,0.34782608695652173,0.021739130434782608,0.6304347826086957,0.0,15.478260869565217,0,1,29,0,0,46,2025-12-17,2026-08-21,F3_EXPAND_RATCHET_HI_T2618,F3,1m_expand_break,50.0,0.0,0.34782608695652173,0.0,0.0,0.0,0,0.07999999999999996,4,0.5,0.5,261.619,2026-07-07,-122.0,2026-05-26,46,22.054945652173913,18.934782608695652,2.0,1.434782608695652,0.0,1.1318152173913045,1.0,117.82065217391305,108.875
IS,29,0.4827586206896552,540.2450000000001,554.7450000000001,103.2675,-60.36666666666667,1.5966261733848701,-181.25,0.20689655172413793,0.034482758620689655,0.7586206896551724,0.0,17.620689655172413,0,1,22,0,0,29,2025-12-17,2026-06-10,F3_EXPAND_RATCHET_HI_T333,F3,1m_expand_break,,0.0,0.3793103448275862,0.20689655172413793,0.0,0.0,0,,0,0.4827586206896552,0.5172413793103449,232.205,2026-02-03,-122.0,2026-05-26,29,18.629137931034485,13.0,2.0,1.2413793103448276,0.0,1.098951724137931,1.0,104.70689655172414,91.5
OOS,17,0.47058823529411764,519.3425,527.8425,123.0115625,-51.638888888888886,2.117466379774072,-124.5,0.11764705882352941,0.0,0.8823529411764706,0.0,21.0,0,0,15,0,0,17,2026-06-11,2026-08-21,F3_EXPAND_RATCHET_HI_T333,F3,1m_expand_break,,0.0,0.29411764705882354,0.11764705882352941,0.0,0.0,0,,0,0.47058823529411764,0.5294117647058824,345.49,2026-06-25,-119.0,2026-06-11,17,30.54955882352941,29.058823529411764,3.0,1.7647058823529411,1.0,1.1878764705882352,1.0377,140.19117647058823,130.75
ALL,46,0.4782608695652174,1059.5875,1082.5875,110.44715909090907,-57.09375,1.7732804232804231,-232.25,0.17391304347826086,0.021739130434782608,0.8043478260869565,0.0,18.869565217391305,0,1,37,0,0,46,2025-12-17,2026-08-21,F3_EXPAND_RATCHET_HI_T333,F3,1m_expand_break,50.0,0.0,0.34782608695652173,0.17391304347826086,0.0,0.0,0,0.07999999999999996,4,0.4782608695652174,0.5217391304347826,345.49,2026-06-25,-122.0,2026-05-26,46,23.03451086956522,18.934782608695652,2.0,1.434782608695652,0.0,1.1318152173913045,1.0,117.82065217391305,108.875
IS,29,0.4827586206896552,558.6800000000001,573.1800000000001,104.58428571428571,-60.36666666666667,1.6169850911098842,-242.75,0.10344827586206896,0.034482758620689655,0.8620689655172413,0.0,20.137931034482758,0,1,25,0,0,29,2025-12-17,2026-06-10,F3_EXPAND_RATCHET_HI_T423,F3,1m_expand_break,,0.0,0.3793103448275862,0.20689655172413793,0.10344827586206896,0.0,0,,0,0.4827586206896552,0.5172413793103449,334.355,2026-02-03,-122.0,2026-05-26,29,19.2648275862069,13.0,2.0,1.2413793103448276,0.0,1.098951724137931,1.0,104.70689655172414,91.5
OOS,17,0.47058823529411764,603.44,611.94,133.52375,-51.638888888888886,2.298418504572351,-124.5,0.058823529411764705,0.0,0.9411764705882353,0.0,23.352941176470587,0,0,16,0,0,17,2026-06-11,2026-08-21,F3_EXPAND_RATCHET_HI_T423,F3,1m_expand_break,,0.0,0.29411764705882354,0.11764705882352941,0.058823529411764705,0.0,0,,0,0.47058823529411764,0.5294117647058824,483.19,2026-06-25,-119.0,2026-06-11,17,35.4964705882353,29.058823529411764,3.0,1.7647058823529411,1.0,1.1878764705882352,1.0377,140.19117647058823,130.75
ALL,46,0.4782608695652174,1162.1200000000001,1185.1200000000001,115.10772727272727,-57.09375,1.8481080094873197,-375.75,0.08695652173913043,0.021739130434782608,0.8913043478260869,0.0,21.32608695652174,0,1,41,0,0,46,2025-12-17,2026-08-21,F3_EXPAND_RATCHET_HI_T423,F3,1m_expand_break,50.0,0.0,0.34782608695652173,0.17391304347826086,0.08695652173913043,0.0,0,0.07999999999999996,4,0.4782608695652174,0.5217391304347826,483.19,2026-06-25,-122.0,2026-05-26,46,25.26347826086957,18.934782608695652,2.0,1.434782608695652,0.0,1.1318152173913045,1.0,117.82065217391305,108.875
IS,94,0.35106382978723405,-411.8240000000001,-364.824,74.12654545454545,-46.85245901639344,0.8559048285514346,-582.0445000000001,0.22340425531914893,0.031914893617021274,0.3723404255319149,0.0,11.75531914893617,0,3,35,0,0,94,2025-12-16,2026-06-10,ALL_EXPAND_HOLD_VWAP_T2618,ALL,1m_expand_break,,0.3723404255319149,0.22340425531914893,0.0,0.0,10.75531914893617,35,,0,0.35106382978723405,0.648936170212766,151.393,2026-02-03,-92.75,2026-06-04,94,-4.381106382978725,25.71276595744681,7.0,2.106382978723404,1.0,1.2200170212765957,1.06215,108.08510638297872,96.5
OOS,41,0.43902439024390244,553.166,573.666,105.18977777777778,-58.27173913043478,1.4127334452527514,-363.0,0.24390243902439024,0.0,0.4878048780487805,0.0,14.463414634146341,0,0,20,0,0,41,2026-06-11,2026-08-25,ALL_EXPAND_HOLD_VWAP_T2618,ALL,1m_expand_break,,0.2682926829268293,0.24390243902439024,0.0,0.0,13.463414634146341,11,,0,0.43902439024390244,0.5609756097560976,263.206,2026-07-31,-119.0,2026-06-11,41,13.491853658536586,32.8780487804878,8.0,2.3902439024390243,1.0,1.2354439024390242,1.0948,153.3231707317073,135.75
ALL,135,0.37777777777777777,141.3419999999999,208.8419999999999,85.09003921568626,-49.979166666666664,1.033666885011612,-703.3815000000001,0.22962962962962963,0.022222222222222223,0.4074074074074074,0.0,12.577777777777778,0,3,55,0,0,135,2025-12-16,2026-08-25,ALL_EXPAND_HOLD_VWAP_T2618,ALL,1m_expand_break,172.0,0.34074074074074073,0.22962962962962963,0.0,0.0,11.577777777777778,46,0.2151162790697675,37,0.37777777777777777,0.6222222222222222,263.206,2026-07-31,-119.0,2026-06-11,135,1.0469777777777771,27.88888888888889,8.0,2.1925925925925926,1.0,1.2247022222222221,1.0674,121.82407407407408,111.25
IS,94,0.32978723404255317,-428.41249999999997,-381.41249999999997,79.72862903225806,-46.03174603174603,0.8522715517241378,-999.1025000000001,0.11702127659574468,0.031914893617021274,0.46808510638297873,0.0,14.893617021276595,0,3,44,0,0,94,2025-12-16,2026-06-10,ALL_EXPAND_HOLD_VWAP_T333,ALL,1m_expand_break,,0.3829787234042553,0.22340425531914893,0.11702127659574468,0.0,13.893617021276595,36,,0,0.32978723404255317,0.6702127659574468,232.205,2026-02-03,-92.75,2026-06-04,94,-4.557579787234042,25.71276595744681,7.0,2.106382978723404,1.0,1.2200170212765957,1.06215,108.08510638297872,96.5
OOS,41,0.43902439024390244,906.7275000000001,927.2275000000001,124.83208333333333,-58.27173913043478,1.676536094012311,-363.0,0.17073170731707318,0.0,0.5609756097560976,0.0,16.829268292682926,0,0,23,0,0,41,2026-06-11,2026-08-25,ALL_EXPAND_HOLD_VWAP_T333,ALL,1m_expand_break,,0.2682926829268293,0.24390243902439024,0.17073170731707318,0.0,15.829268292682928,11,,0,0.43902439024390244,0.5609756097560976,382.11,2026-07-31,-119.0,2026-06-11,41,22.115304878048782,32.8780487804878,8.0,2.3902439024390243,1.0,1.2354439024390242,1.0948,153.3231707317073,135.75
ALL,135,0.362962962962963,478.31500000000005,545.815,96.29724489795919,-49.30523255813954,1.1128034903602384,-999.1025000000001,0.13333333333333333,0.022222222222222223,0.4962962962962963,0.0,15.481481481481481,0,3,67,0,0,135,2025-12-16,2026-08-25,ALL_EXPAND_HOLD_VWAP_T333,ALL,1m_expand_break,172.0,0.34814814814814815,0.22962962962962963,0.13333333333333333,0.0,14.481481481481481,47,0.2151162790697675,37,0.362962962962963,0.6370370370370371,382.11,2026-07-31,-119.0,2026-06-11,135,3.5430740740740743,27.88888888888889,8.0,2.1925925925925926,1.0,1.2247022222222221,1.0674,121.82407407407408,111.25
IS,94,0.32978723404255317,-612.8824999999999,-565.8824999999999,73.77798387096774,-46.03174603174603,0.7886612068965518,-1154.75,0.0425531914893617,0.031914893617021274,0.5212765957446809,0.0,16.382978723404257,0,3,49,0,0,94,2025-12-16,2026-06-10,ALL_EXPAND_HOLD_VWAP_T423,ALL,1m_expand_break,,0.40425531914893614,0.22340425531914893,0.11702127659574468,0.0425531914893617,15.382978723404255,38,,0,0.32978723404255317,0.6702127659574468,334.355,2026-02-03,-92.75,2026-06-04,94,-6.52002659574468,25.71276595744681,7.0,2.106382978723404,1.0,1.2200170212765957,1.06215,108.08510638297872,96.5
OOS,41,0.43902439024390244,830.3025,850.8025,120.58624999999999,-58.27173913043478,1.6195131505316172,-421.75,0.04878048780487805,0.0,0.6829268292682927,0.0,19.29268292682927,0,0,28,0,0,41,2026-06-11,2026-08-25,ALL_EXPAND_HOLD_VWAP_T423,ALL,1m_expand_break,,0.2682926829268293,0.24390243902439024,0.17073170731707318,0.04878048780487805,18.29268292682927,11,,0,0.43902439024390244,0.5609756097560976,483.19,2026-06-25,-119.0,2026-06-11,41,20.251280487804877,32.8780487804878,8.0,2.3902439024390243,1.0,1.2354439024390242,1.0948,153.3231707317073,135.75
ALL,135,0.362962962962963,217.42000000000004,284.9200000000001,90.97285714285715,-49.30523255813954,1.0512752785802724,-1398.5,0.044444444444444446,0.022222222222222223,0.5703703703703704,0.0,17.266666666666666,0,3,77,0,0,135,2025-12-16,2026-08-25,ALL_EXPAND_HOLD_VWAP_T423,ALL,1m_expand_break,172.0,0.362962962962963,0.22962962962962963,0.13333333333333333,0.044444444444444446,16.266666666666666,49,0.2151162790697675,37,0.362962962962963,0.6370370370370371,483.19,2026-06-25,-119.0,2026-06-11,135,1.610518518518519,27.88888888888889,8.0,2.1925925925925926,1.0,1.2247022222222221,1.0674,121.82407407407408,111.25
IS,94,0.39361702127659576,-823.9025000000001,-776.9025000000001,78.8066891891892,-65.60964912280701,0.779690487332041,-958.3179999999999,0.2553191489361702,0.07446808510638298,0.6702127659574468,0.0,14.574468085106384,0,7,63,0,0,94,2025-12-16,2026-06-10,ALL_EXPAND_RATCHET_HI_T2618,ALL,1m_expand_break,,0.0,0.2553191489361702,0.0,0.0,0.0,0,,0,0.39361702127659576,0.6063829787234043,179.4605,2026-04-08,-128.0,2026-04-06,94,-8.76492021276596,25.71276595744681,7.0,2.106382978723404,1.0,1.2200170212765957,1.06215,108.08510638297872,96.5
OOS,41,0.4634146341463415,670.285,690.785,113.42289473684212,-67.48863636363636,1.4514463714430041,-344.0,0.2682926829268293,0.04878048780487805,0.6829268292682927,0.0,17.0,0,2,28,0,0,41,2026-06-11,2026-08-25,ALL_EXPAND_RATCHET_HI_T2618,ALL,1m_expand_break,,0.0,0.2682926829268293,0.0,0.0,0.0,0,,0,0.4634146341463415,0.5365853658536586,263.206,2026-07-31,-138.5,2026-06-24,41,16.34841463414634,32.8780487804878,8.0,2.3902439024390243,1.0,1.2354439024390242,1.0948,153.3231707317073,135.75
ALL,135,0.4148148148148148,-153.61750000000018,-86.11750000000018,90.5514732142857,-66.13291139240506,0.97059670781893,-1144.905,0.25925925925925924,0.06666666666666667,0.674074074074074,0.0,15.311111111111112,0,9,91,0,0,135,2025-12-16,2026-08-25,ALL_EXPAND_RATCHET_HI_T2618,ALL,1m_expand_break,172.0,0.0,0.25925925925925924,0.0,0.0,0.0,0,0.2151162790697675,37,0.4148148148148148,0.5851851851851851,263.206,2026-07-31,-138.5,2026-06-24,135,-1.1379074074074087,27.88888888888889,8.0,2.1925925925925926,1.0,1.2247022222222221,1.0674,121.82407407407408,111.25
IS,94,0.3723404255319149,-1056.6625000000001,-1009.6625000000001,78.02392857142856,-64.19491525423729,0.7210132013201319,-1379.8525,0.11702127659574468,0.07446808510638298,0.8085106382978723,0.0,18.4468085106383,0,7,76,0,0,94,2025-12-16,2026-06-10,ALL_EXPAND_RATCHET_HI_T333,ALL,1m_expand_break,,0.0,0.2553191489361702,0.11702127659574468,0.0,0.0,0,,0,0.3723404255319149,0.6276595744680851,232.205,2026-02-03,-128.0,2026-04-06,94,-11.241090425531917,25.71276595744681,7.0,2.106382978723404,1.0,1.2200170212765957,1.06215,108.08510638297872,96.5
OOS,41,0.4634146341463415,988.2275000000001,1008.7275000000001,130.15671052631578,-67.48863636363636,1.6655851153392827,-344.0,0.17073170731707318,0.04878048780487805,0.7804878048780488,0.0,19.585365853658537,0,2,32,0,0,41,2026-06-11,2026-08-25,ALL_EXPAND_RATCHET_HI_T333,ALL,1m_expand_break,,0.0,0.2682926829268293,0.17073170731707318,0.0,0.0,0,,0,0.4634146341463415,0.5365853658536586,382.11,2026-07-31,-138.5,2026-06-24,41,24.103109756097563,32.8780487804878,8.0,2.3902439024390243,1.0,1.2354439024390242,1.0948,153.3231707317073,135.75
ALL,135,0.4,-68.43499999999995,-0.9350000000000591,96.36694444444446,-65.0895061728395,0.9870197733415526,-1388.135,0.13333333333333333,0.06666666666666667,0.8,0.0,18.79259259259259,0,9,108,0,0,135,2025-12-16,2026-08-25,ALL_EXPAND_RATCHET_HI_T333,ALL,1m_expand_break,172.0,0.0,0.25925925925925924,0.13333333333333333,0.0,0.0,0,0.2151162790697675,37,0.4,0.6,382.11,2026-07-31,-138.5,2026-06-24,135,-0.5069259259259256,27.88888888888889,8.0,2.1925925925925926,1.0,1.2247022222222221,1.0674,121.82407407407408,111.25
IS,94,0.3723404255319149,-1220.8825,-1173.8825,73.33192857142858,-64.19491525423729,0.677654785478548,-1512.25,0.0425531914893617,0.07446808510638298,0.8829787234042553,0.0,20.0,0,7,83,0,0,94,2025-12-16,2026-06-10,ALL_EXPAND_RATCHET_HI_T423,ALL,1m_expand_break,,0.0,0.2553191489361702,0.11702127659574468,0.0425531914893617,0.0,0,,0,0.3723404255319149,0.6276595744680851,334.355,2026-02-03,-128.0,2026-04-06,94,-12.988111702127659,25.71276595744681,7.0,2.106382978723404,1.0,1.2200170212765957,1.06215,108.08510638297872,96.5
OOS,41,0.4634146341463415,911.8025,932.3025,126.13434210526314,-67.48863636363636,1.6141118033338944,-402.75,0.04878048780487805,0.04878048780487805,0.9024390243902439,0.0,22.048780487804876,0,2,37,0,0,41,2026-06-11,2026-08-25,ALL_EXPAND_RATCHET_HI_T423,ALL,1m_expand_break,,0.0,0.2682926829268293,0.17073170731707318,0.04878048780487805,0.0,0,,0,0.4634146341463415,0.5365853658536586,483.19,2026-06-25,-138.5,2026-06-24,41,22.239085365853658,32.8780487804878,8.0,2.3902439024390243,1.0,1.2354439024390242,1.0948,153.3231707317073,135.75
ALL,135,0.4,-309.0799999999999,-241.57999999999998,91.91055555555556,-65.0895061728395,0.941376072834179,-1820.75,0.044444444444444446,0.06666666666666667,0.8888888888888888,0.0,20.622222222222224,0,9,120,0,0,135,2025-12-16,2026-08-25,ALL_EXPAND_RATCHET_HI_T423,ALL,1m_expand_break,172.0,0.0,0.25925925925925924,0.13333333333333333,0.044444444444444446,0.0,0,0.2151162790697675,37,0.4,0.6,483.19,2026-06-25,-138.5,2026-06-24,135,-2.289481481481481,27.88888888888889,8.0,2.1925925925925926,1.0,1.2247022222222221,1.0674,121.82407407407408,111.25
