split,n_trades,win_rate,net_pts,gross_pts,avg_win,avg_loss,pf,max_dd,pct_target,pct_init_stop,pct_ratchet_stop,pct_eod,avg_bars,n_target,n_init_stop,n_ratchet_stop,n_eod,n_long,n_short,day_first,day_last,variant,universe,entry_mode,inv_1618,tf,n_signal_days,n_inv_skipped,pct_inv_skipped,pct_hold_exit,pct_hit_2618,pct_hit_333,pct_hit_423,avg_hold_bars,pct_signal_no_entry,n_signal_no_entry,pct_win,pct_loss,largest_win,largest_win_day,largest_loss,largest_loss_day,n_days,avg_net_per_day,mean_entry_delay_min,median_entry_delay_min
IS,32,0.3125,462.24249999999995,478.24249999999995,124.89924999999998,-35.76136363636363,1.587534159517,-271.5,0.25,0.0,0.09375,0.0,9.875,0,0,3,0,0,32,2025-12-17,2026-06-10,F3_0935_HOLD_VWAP_T2618,F3,0935,0,1m_confirm_5mHI,,,,0.65625,0.25,0.0,0.0,8.875,,0,0.3125,0.6875,220.143,2026-02-03,-107.75,2026-06-10,32,14.445078124999998,0.0,0.0
OOS,18,0.3888888888888889,475.3645,484.3645,132.26635714285712,-40.95454545454545,2.0551931187569363,-154.75,0.2222222222222222,0.0,0.16666666666666666,0.0,10.222222222222221,0,0,3,0,0,18,2026-06-11,2026-08-21,F3_0935_HOLD_VWAP_T2618,F3,0935,0,1m_confirm_5mHI,,,,0.6111111111111112,0.2222222222222222,0.0,0.0,9.222222222222221,,0,0.3888888888888889,0.6111111111111112,264.804,2026-06-25,-76.0,2026-06-11,18,26.40913888888889,0.0,0.0
ALL,50,0.34,937.607,962.607,127.93276470588235,-37.49242424242424,1.7578153162255001,-358.75,0.24,0.0,0.12,0.0,10.0,0,0,6,0,0,50,2025-12-17,2026-08-21,F3_0935_HOLD_VWAP_T2618,F3,0935,0,1m_confirm_5mHI,50.0,0.0,0.0,0.64,0.24,0.0,0.0,9.0,0.0,0,0.34,0.66,264.804,2026-06-25,-107.75,2026-06-10,50,18.75214,0.0,0.0
IS,32,0.3125,532.3774999999999,548.3774999999999,131.91275000000002,-35.76136363636363,1.6766793771846202,-271.5,0.15625,0.0,0.15625,0.0,12.0,0,0,5,0,0,32,2025-12-17,2026-06-10,F3_0935_HOLD_VWAP_T333,F3,0935,0,1m_confirm_5mHI,,,,0.6875,0.25,0.15625,0.0,11.0,,0,0.3125,0.6875,300.955,2026-02-03,-107.75,2026-06-10,32,16.636796874999998,0.0,0.0
OOS,18,0.3888888888888889,477.8425,486.8425,132.62035714285713,-40.95454545454545,2.0606936736958934,-154.75,0.1111111111111111,0.0,0.2777777777777778,0.0,12.11111111111111,0,0,5,0,0,18,2026-06-11,2026-08-21,F3_0935_HOLD_VWAP_T333,F3,0935,0,1m_confirm_5mHI,,,,0.6111111111111112,0.2222222222222222,0.1111111111111111,0.0,11.11111111111111,,0,0.3888888888888889,0.6111111111111112,373.74,2026-06-25,-76.0,2026-06-11,18,26.546805555555554,0.0,0.0
ALL,50,0.34,1010.2199999999999,1035.2199999999998,132.20411764705884,-37.49242424242424,1.8165043443119824,-358.75,0.14,0.0,0.2,0.0,12.04,0,0,10,0,0,50,2025-12-17,2026-08-21,F3_0935_HOLD_VWAP_T333,F3,0935,0,1m_confirm_5mHI,50.0,0.0,0.0,0.66,0.24,0.14,0.0,11.04,0.0,0,0.34,0.66,373.74,2026-06-25,-107.75,2026-06-10,50,20.2044,0.0,0.0
IS,32,0.3125,629.9300000000001,645.9300000000001,141.668,-35.76136363636363,1.8006736574515412,-322.0,0.09375,0.0,0.15625,0.0,13.46875,0,0,5,0,0,32,2025-12-17,2026-06-10,F3_0935_HOLD_VWAP_T423,F3,0935,0,1m_confirm_5mHI,,,,0.75,0.25,0.15625,0.09375,12.46875,,0,0.3125,0.6875,403.105,2026-02-03,-107.75,2026-06-10,32,19.685312500000002,0.0,0.0
OOS,18,0.3888888888888889,561.94,570.94,144.6342857142857,-40.95454545454545,2.247369589345172,-154.75,0.05555555555555555,0.0,0.3333333333333333,0.0,14.333333333333334,0,0,6,0,0,18,2026-06-11,2026-08-21,F3_0935_HOLD_VWAP_T423,F3,0935,0,1m_confirm_5mHI,,,,0.6111111111111112,0.2222222222222222,0.1111111111111111,0.05555555555555555,13.333333333333334,,0,0.3888888888888889,0.6111111111111112,511.44,2026-06-25,-76.0,2026-06-11,18,31.21888888888889,0.0,0.0
ALL,50,0.34,1191.8700000000001,1216.8700000000001,142.88941176470587,-37.49242424242424,1.963321883208729,-409.25,0.08,0.0,0.22,0.0,13.78,0,0,11,0,0,50,2025-12-17,2026-08-21,F3_0935_HOLD_VWAP_T423,F3,0935,0,1m_confirm_5mHI,50.0,0.0,0.0,0.7,0.24,0.14,0.08,12.78,0.0,0,0.34,0.66,511.44,2026-06-25,-107.75,2026-06-10,50,23.837400000000002,0.0,0.0
IS,32,0.40625,438.87849999999986,454.87849999999986,125.12526923076925,-62.51315789473684,1.369504104399074,-386.75,0.3125,0.15625,0.53125,0.0,14.5625,0,5,17,0,0,32,2025-12-17,2026-06-10,F3_0935_RATCHET_HI_T2618,F3,0935,0,1m_confirm_5mHI,,,,0.0,0.3125,0.0,0.0,0.0,,0,0.40625,0.59375,220.143,2026-02-03,-182.5,2026-06-10,32,13.714953124999996,0.0,0.0
OOS,18,0.5,612.9835,621.9835,135.72038888888886,-67.61111111111111,2.007368118323747,-273.0,0.2777777777777778,0.0,0.7222222222222222,0.0,20.0,0,0,13,0,0,18,2026-06-11,2026-08-21,F3_0935_RATCHET_HI_T2618,F3,0935,0,1m_confirm_5mHI,,,,0.0,0.2777777777777778,0.0,0.0,0.0,,0,0.5,0.5,292.119,2026-07-07,-131.0,2026-06-11,18,34.05463888888889,0.0,0.0
ALL,50,0.44,1051.8619999999999,1076.8619999999999,129.45963636363638,-64.15178571428571,1.5855877522616566,-524.0,0.3,0.1,0.6,0.0,16.52,0,5,30,0,0,50,2025-12-17,2026-08-21,F3_0935_RATCHET_HI_T2618,F3,0935,0,1m_confirm_5mHI,50.0,0.0,0.0,0.0,0.3,0.0,0.0,0.0,0.0,0,0.44,0.56,292.119,2026-07-07,-182.5,2026-06-10,50,21.037239999999997,0.0,0.0
IS,32,0.40625,435.37749999999994,451.37749999999994,124.85596153846153,-62.51315789473684,1.3665565144180172,-393.5,0.15625,0.15625,0.6875,0.0,17.96875,0,5,22,0,0,32,2025-12-17,2026-06-10,F3_0935_RATCHET_HI_T333,F3,0935,0,1m_confirm_5mHI,,,,0.0,0.3125,0.15625,0.0,0.0,,0,0.40625,0.59375,300.955,2026-02-03,-182.5,2026-06-10,32,13.605546874999998,0.0,0.0
OOS,18,0.5,579.8425,588.8425,132.03805555555556,-67.61111111111111,1.9529046836483155,-273.0,0.1111111111111111,0.0,0.8888888888888888,0.0,22.38888888888889,0,0,16,0,0,18,2026-06-11,2026-08-21,F3_0935_RATCHET_HI_T333,F3,0935,0,1m_confirm_5mHI,,,,0.0,0.2777777777777778,0.1111111111111111,0.0,0.0,,0,0.5,0.5,373.74,2026-06-25,-131.0,2026-06-11,18,32.21347222222222,0.0,0.0
ALL,50,0.44,1015.2199999999999,1040.2199999999998,127.79409090909093,-64.15178571428571,1.5651885873347253,-530.75,0.14,0.1,0.76,0.0,19.56,0,5,38,0,0,50,2025-12-17,2026-08-21,F3_0935_RATCHET_HI_T333,F3,0935,0,1m_confirm_5mHI,50.0,0.0,0.0,0.0,0.3,0.14,0.0,0.0,0.0,0,0.44,0.56,373.74,2026-06-25,-182.5,2026-06-10,50,20.304399999999998,0.0,0.0
IS,32,0.40625,553.1800000000001,569.1800000000001,133.9176923076923,-62.51315789473684,1.4657377394232793,-463.5,0.09375,0.15625,0.75,0.0,19.625,0,5,24,0,0,32,2025-12-17,2026-06-10,F3_0935_RATCHET_HI_T423,F3,0935,0,1m_confirm_5mHI,,,,0.0,0.3125,0.15625,0.09375,0.0,,0,0.40625,0.59375,403.105,2026-02-03,-182.5,2026-06-10,32,17.286875000000002,0.0,0.0
OOS,18,0.5,663.94,672.94,141.38222222222223,-67.61111111111111,2.0911092851273625,-273.0,0.05555555555555555,0.0,0.9444444444444444,0.0,24.61111111111111,0,0,17,0,0,18,2026-06-11,2026-08-21,F3_0935_RATCHET_HI_T423,F3,0935,0,1m_confirm_5mHI,,,,0.0,0.2777777777777778,0.1111111111111111,0.05555555555555555,0.0,,0,0.5,0.5,511.44,2026-06-25,-131.0,2026-06-11,18,36.885555555555555,0.0,0.0
ALL,50,0.44,1217.1200000000001,1242.1200000000001,136.97136363636363,-64.15178571428571,1.6775894224077939,-600.75,0.08,0.1,0.82,0.0,21.42,0,5,41,0,0,50,2025-12-17,2026-08-21,F3_0935_RATCHET_HI_T423,F3,0935,0,1m_confirm_5mHI,50.0,0.0,0.0,0.0,0.3,0.14,0.08,0.0,0.0,0,0.44,0.56,511.44,2026-06-25,-182.5,2026-06-10,50,24.3424,0.0,0.0
IS,32,0.3125,462.24249999999995,478.24249999999995,124.89924999999998,-35.76136363636363,1.587534159517,-271.5,0.25,0.0,0.09375,0.0,9.875,0,0,3,0,0,32,2025-12-17,2026-06-10,F3_0935_INV1618_HOLD_VWAP_T2618,F3,0935,1,1m_confirm_5mHI,,,,0.65625,0.25,0.0,0.0,8.875,,0,0.3125,0.6875,220.143,2026-02-03,-107.75,2026-06-10,32,14.445078124999998,0.0,0.0
OOS,18,0.3888888888888889,475.3645,484.3645,132.26635714285712,-40.95454545454545,2.0551931187569363,-154.75,0.2222222222222222,0.0,0.16666666666666666,0.0,10.222222222222221,0,0,3,0,0,18,2026-06-11,2026-08-21,F3_0935_INV1618_HOLD_VWAP_T2618,F3,0935,1,1m_confirm_5mHI,,,,0.6111111111111112,0.2222222222222222,0.0,0.0,9.222222222222221,,0,0.3888888888888889,0.6111111111111112,264.804,2026-06-25,-76.0,2026-06-11,18,26.40913888888889,0.0,0.0
ALL,50,0.34,937.607,962.607,127.93276470588235,-37.49242424242424,1.7578153162255001,-358.75,0.24,0.0,0.12,0.0,10.0,0,0,6,0,0,50,2025-12-17,2026-08-21,F3_0935_INV1618_HOLD_VWAP_T2618,F3,0935,1,1m_confirm_5mHI,50.0,0.0,0.0,0.64,0.24,0.0,0.0,9.0,0.0,0,0.34,0.66,264.804,2026-06-25,-107.75,2026-06-10,50,18.75214,0.0,0.0
IS,32,0.3125,532.3774999999999,548.3774999999999,131.91275000000002,-35.76136363636363,1.6766793771846202,-271.5,0.15625,0.0,0.15625,0.0,12.0,0,0,5,0,0,32,2025-12-17,2026-06-10,F3_0935_INV1618_HOLD_VWAP_T333,F3,0935,1,1m_confirm_5mHI,,,,0.6875,0.25,0.15625,0.0,11.0,,0,0.3125,0.6875,300.955,2026-02-03,-107.75,2026-06-10,32,16.636796874999998,0.0,0.0
OOS,18,0.3888888888888889,477.8425,486.8425,132.62035714285713,-40.95454545454545,2.0606936736958934,-154.75,0.1111111111111111,0.0,0.2777777777777778,0.0,12.11111111111111,0,0,5,0,0,18,2026-06-11,2026-08-21,F3_0935_INV1618_HOLD_VWAP_T333,F3,0935,1,1m_confirm_5mHI,,,,0.6111111111111112,0.2222222222222222,0.1111111111111111,0.0,11.11111111111111,,0,0.3888888888888889,0.6111111111111112,373.74,2026-06-25,-76.0,2026-06-11,18,26.546805555555554,0.0,0.0
ALL,50,0.34,1010.2199999999999,1035.2199999999998,132.20411764705884,-37.49242424242424,1.8165043443119824,-358.75,0.14,0.0,0.2,0.0,12.04,0,0,10,0,0,50,2025-12-17,2026-08-21,F3_0935_INV1618_HOLD_VWAP_T333,F3,0935,1,1m_confirm_5mHI,50.0,0.0,0.0,0.66,0.24,0.14,0.0,11.04,0.0,0,0.34,0.66,373.74,2026-06-25,-107.75,2026-06-10,50,20.2044,0.0,0.0
IS,32,0.3125,629.9300000000001,645.9300000000001,141.668,-35.76136363636363,1.8006736574515412,-322.0,0.09375,0.0,0.15625,0.0,13.46875,0,0,5,0,0,32,2025-12-17,2026-06-10,F3_0935_INV1618_HOLD_VWAP_T423,F3,0935,1,1m_confirm_5mHI,,,,0.75,0.25,0.15625,0.09375,12.46875,,0,0.3125,0.6875,403.105,2026-02-03,-107.75,2026-06-10,32,19.685312500000002,0.0,0.0
OOS,18,0.3888888888888889,561.94,570.94,144.6342857142857,-40.95454545454545,2.247369589345172,-154.75,0.05555555555555555,0.0,0.3333333333333333,0.0,14.333333333333334,0,0,6,0,0,18,2026-06-11,2026-08-21,F3_0935_INV1618_HOLD_VWAP_T423,F3,0935,1,1m_confirm_5mHI,,,,0.6111111111111112,0.2222222222222222,0.1111111111111111,0.05555555555555555,13.333333333333334,,0,0.3888888888888889,0.6111111111111112,511.44,2026-06-25,-76.0,2026-06-11,18,31.21888888888889,0.0,0.0
ALL,50,0.34,1191.8700000000001,1216.8700000000001,142.88941176470587,-37.49242424242424,1.963321883208729,-409.25,0.08,0.0,0.22,0.0,13.78,0,0,11,0,0,50,2025-12-17,2026-08-21,F3_0935_INV1618_HOLD_VWAP_T423,F3,0935,1,1m_confirm_5mHI,50.0,0.0,0.0,0.7,0.24,0.14,0.08,12.78,0.0,0,0.34,0.66,511.44,2026-06-25,-107.75,2026-06-10,50,23.837400000000002,0.0,0.0
IS,32,0.40625,438.87849999999986,454.87849999999986,125.12526923076925,-62.51315789473684,1.369504104399074,-386.75,0.3125,0.15625,0.53125,0.0,14.5625,0,5,17,0,0,32,2025-12-17,2026-06-10,F3_0935_INV1618_RATCHET_HI_T2618,F3,0935,1,1m_confirm_5mHI,,,,0.0,0.3125,0.0,0.0,0.0,,0,0.40625,0.59375,220.143,2026-02-03,-182.5,2026-06-10,32,13.714953124999996,0.0,0.0
OOS,18,0.5,612.9835,621.9835,135.72038888888886,-67.61111111111111,2.007368118323747,-273.0,0.2777777777777778,0.0,0.7222222222222222,0.0,20.0,0,0,13,0,0,18,2026-06-11,2026-08-21,F3_0935_INV1618_RATCHET_HI_T2618,F3,0935,1,1m_confirm_5mHI,,,,0.0,0.2777777777777778,0.0,0.0,0.0,,0,0.5,0.5,292.119,2026-07-07,-131.0,2026-06-11,18,34.05463888888889,0.0,0.0
ALL,50,0.44,1051.8619999999999,1076.8619999999999,129.45963636363638,-64.15178571428571,1.5855877522616566,-524.0,0.3,0.1,0.6,0.0,16.52,0,5,30,0,0,50,2025-12-17,2026-08-21,F3_0935_INV1618_RATCHET_HI_T2618,F3,0935,1,1m_confirm_5mHI,50.0,0.0,0.0,0.0,0.3,0.0,0.0,0.0,0.0,0,0.44,0.56,292.119,2026-07-07,-182.5,2026-06-10,50,21.037239999999997,0.0,0.0
IS,32,0.40625,435.37749999999994,451.37749999999994,124.85596153846153,-62.51315789473684,1.3665565144180172,-393.5,0.15625,0.15625,0.6875,0.0,17.96875,0,5,22,0,0,32,2025-12-17,2026-06-10,F3_0935_INV1618_RATCHET_HI_T333,F3,0935,1,1m_confirm_5mHI,,,,0.0,0.3125,0.15625,0.0,0.0,,0,0.40625,0.59375,300.955,2026-02-03,-182.5,2026-06-10,32,13.605546874999998,0.0,0.0
OOS,18,0.5,579.8425,588.8425,132.03805555555556,-67.61111111111111,1.9529046836483155,-273.0,0.1111111111111111,0.0,0.8888888888888888,0.0,22.38888888888889,0,0,16,0,0,18,2026-06-11,2026-08-21,F3_0935_INV1618_RATCHET_HI_T333,F3,0935,1,1m_confirm_5mHI,,,,0.0,0.2777777777777778,0.1111111111111111,0.0,0.0,,0,0.5,0.5,373.74,2026-06-25,-131.0,2026-06-11,18,32.21347222222222,0.0,0.0
ALL,50,0.44,1015.2199999999999,1040.2199999999998,127.79409090909093,-64.15178571428571,1.5651885873347253,-530.75,0.14,0.1,0.76,0.0,19.56,0,5,38,0,0,50,2025-12-17,2026-08-21,F3_0935_INV1618_RATCHET_HI_T333,F3,0935,1,1m_confirm_5mHI,50.0,0.0,0.0,0.0,0.3,0.14,0.0,0.0,0.0,0,0.44,0.56,373.74,2026-06-25,-182.5,2026-06-10,50,20.304399999999998,0.0,0.0
IS,32,0.40625,553.1800000000001,569.1800000000001,133.9176923076923,-62.51315789473684,1.4657377394232793,-463.5,0.09375,0.15625,0.75,0.0,19.625,0,5,24,0,0,32,2025-12-17,2026-06-10,F3_0935_INV1618_RATCHET_HI_T423,F3,0935,1,1m_confirm_5mHI,,,,0.0,0.3125,0.15625,0.09375,0.0,,0,0.40625,0.59375,403.105,2026-02-03,-182.5,2026-06-10,32,17.286875000000002,0.0,0.0
OOS,18,0.5,663.94,672.94,141.38222222222223,-67.61111111111111,2.0911092851273625,-273.0,0.05555555555555555,0.0,0.9444444444444444,0.0,24.61111111111111,0,0,17,0,0,18,2026-06-11,2026-08-21,F3_0935_INV1618_RATCHET_HI_T423,F3,0935,1,1m_confirm_5mHI,,,,0.0,0.2777777777777778,0.1111111111111111,0.05555555555555555,0.0,,0,0.5,0.5,511.44,2026-06-25,-131.0,2026-06-11,18,36.885555555555555,0.0,0.0
ALL,50,0.44,1217.1200000000001,1242.1200000000001,136.97136363636363,-64.15178571428571,1.6775894224077939,-600.75,0.08,0.1,0.82,0.0,21.42,0,5,41,0,0,50,2025-12-17,2026-08-21,F3_0935_INV1618_RATCHET_HI_T423,F3,0935,1,1m_confirm_5mHI,50.0,0.0,0.0,0.0,0.3,0.14,0.08,0.0,0.0,0,0.44,0.56,511.44,2026-06-25,-182.5,2026-06-10,50,24.3424,0.0,0.0
IS,29,0.41379310344827586,576.6379999999999,591.1379999999999,110.074,-43.779411764705884,1.7747907289217333,-215.25,0.3448275862068966,0.034482758620689655,0.20689655172413793,0.0,11.10344827586207,0,1,6,0,0,29,2025-12-17,2026-06-10,F3_FIXED_HOLD_VWAP_T2618,F3,FIXED,0,1m_break_below,,,,0.41379310344827586,0.3448275862068966,0.0,0.0,10.10344827586207,,0,0.41379310344827586,0.5862068965517241,183.1655,2026-06-09,-88.5,2026-05-29,29,19.884068965517237,10.137931034482758,2.0
OOS,18,0.3888888888888889,201.1145,210.1145,106.40921428571428,-49.43181818181818,1.3698657471264368,-199.0,0.2222222222222222,0.0,0.3333333333333333,0.0,11.055555555555555,0,0,6,0,0,18,2026-06-11,2026-08-21,F3_FIXED_HOLD_VWAP_T2618,F3,FIXED,0,1m_break_below,,,,0.4444444444444444,0.2222222222222222,0.0,0.0,10.055555555555555,,0,0.3888888888888889,0.6111111111111112,236.554,2026-06-25,-85.5,2026-07-07,18,11.173027777777778,15.055555555555555,2.5
ALL,47,0.40425531914893614,777.7525,801.2525,108.72381578947366,-46.0,1.6038451086956518,-215.25,0.2978723404255319,0.02127659574468085,0.2553191489361702,0.0,11.085106382978724,0,1,12,0,0,47,2025-12-17,2026-08-21,F3_FIXED_HOLD_VWAP_T2618,F3,FIXED,0,1m_break_below,50.0,0.0,0.0,0.425531914893617,0.2978723404255319,0.0,0.0,10.085106382978724,0.06000000000000005,3,0.40425531914893614,0.5957446808510638,236.554,2026-06-25,-88.5,2026-05-29,47,16.547925531914895,12.02127659574468,2.0
IS,29,0.3793103448275862,681.2450000000001,695.7450000000001,130.9768181818182,-42.19444444444444,1.896965108624095,-215.25,0.20689655172413793,0.034482758620689655,0.3103448275862069,0.0,14.068965517241379,0,1,9,0,0,29,2025-12-17,2026-06-10,F3_FIXED_HOLD_VWAP_T333,F3,FIXED,0,1m_break_below,,,,0.4482758620689655,0.3448275862068966,0.20689655172413793,0.0,13.068965517241379,,0,0.3793103448275862,0.6206896551724138,264.8675,2026-06-09,-88.5,2026-05-29,29,23.491206896551727,10.137931034482758,2.0
OOS,18,0.3888888888888889,203.5925,212.5925,106.76321428571428,-49.43181818181818,1.374422988505747,-259.25,0.1111111111111111,0.0,0.4444444444444444,0.0,12.944444444444445,0,0,8,0,0,18,2026-06-11,2026-08-21,F3_FIXED_HOLD_VWAP_T333,F3,FIXED,0,1m_break_below,,,,0.4444444444444444,0.2222222222222222,0.1111111111111111,0.0,11.944444444444445,,0,0.3888888888888889,0.6111111111111112,345.49,2026-06-25,-85.5,2026-07-07,18,11.310694444444444,15.055555555555555,2.5
ALL,47,0.3829787234042553,884.8375000000001,908.3375000000001,121.56041666666667,-44.939655172413794,1.6789468636102054,-259.25,0.1702127659574468,0.02127659574468085,0.3617021276595745,0.0,13.638297872340425,0,1,17,0,0,47,2025-12-17,2026-08-21,F3_FIXED_HOLD_VWAP_T333,F3,FIXED,0,1m_break_below,50.0,0.0,0.0,0.44680851063829785,0.2978723404255319,0.1702127659574468,0.0,12.638297872340425,0.06000000000000005,3,0.3829787234042553,0.6170212765957447,345.49,2026-06-25,-88.5,2026-05-29,47,18.826329787234044,12.02127659574468,2.0
IS,29,0.3793103448275862,679.4300000000001,693.9300000000001,130.81181818181818,-42.19444444444444,1.8945753785385122,-256.75,0.10344827586206896,0.034482758620689655,0.3448275862068966,0.0,16.379310344827587,0,1,10,0,0,29,2025-12-17,2026-06-10,F3_FIXED_HOLD_VWAP_T423,F3,FIXED,0,1m_break_below,,,,0.5172413793103449,0.3448275862068966,0.20689655172413793,0.10344827586206896,15.379310344827585,,0,0.3793103448275862,0.6206896551724138,362.855,2026-02-03,-88.5,2026-05-29,29,23.428620689655176,10.137931034482758,2.0
OOS,18,0.3888888888888889,287.69000000000005,296.69000000000005,118.77714285714286,-49.43181818181818,1.5290850574712644,-259.25,0.05555555555555555,0.0,0.5,0.0,15.166666666666666,0,0,9,0,0,18,2026-06-11,2026-08-21,F3_FIXED_HOLD_VWAP_T423,F3,FIXED,0,1m_break_below,,,,0.4444444444444444,0.2222222222222222,0.1111111111111111,0.05555555555555555,14.166666666666666,,0,0.3888888888888889,0.6111111111111112,483.19,2026-06-25,-85.5,2026-07-07,18,15.98277777777778,15.055555555555555,2.5
ALL,47,0.3829787234042553,967.1200000000001,990.6200000000001,126.13166666666666,-44.939655172413794,1.742083253404949,-260.0,0.0851063829787234,0.02127659574468085,0.40425531914893614,0.0,15.914893617021276,0,1,19,0,0,47,2025-12-17,2026-08-21,F3_FIXED_HOLD_VWAP_T423,F3,FIXED,0,1m_break_below,50.0,0.0,0.0,0.48936170212765956,0.2978723404255319,0.1702127659574468,0.0851063829787234,14.914893617021276,0.06000000000000005,3,0.3829787234042553,0.6170212765957447,483.19,2026-06-25,-88.5,2026-05-29,47,20.577021276595747,12.02127659574468,2.0
IS,29,0.4827586206896552,561.5440000000001,576.0440000000001,105.19957142857142,-60.75,1.6162348422496569,-211.75,0.3793103448275862,0.034482758620689655,0.5862068965517241,0.0,13.413793103448276,0,1,17,0,0,29,2025-12-17,2026-06-10,F3_FIXED_RATCHET_HI_T2618,F3,FIXED,0,1m_break_below,,,,0.0,0.3793103448275862,0.0,0.0,0.0,,0,0.4827586206896552,0.5172413793103449,183.1655,2026-06-09,-122.0,2026-05-26,29,19.363586206896557,10.137931034482758,2.0
OOS,18,0.4444444444444444,347.73350000000005,356.73350000000005,125.81043749999999,-65.875,1.527868690702087,-296.5,0.2777777777777778,0.0,0.7222222222222222,0.0,16.666666666666668,0,0,13,0,0,18,2026-06-11,2026-08-21,F3_FIXED_RATCHET_HI_T2618,F3,FIXED,0,1m_break_below,,,,0.0,0.2777777777777778,0.0,0.0,0.0,,0,0.4444444444444444,0.5555555555555556,261.619,2026-07-07,-147.75,2026-06-11,18,19.31852777777778,15.055555555555555,2.5
ALL,47,0.46808510638297873,909.2775000000001,932.7775000000001,112.69443181818183,-62.8,1.579157643312102,-296.5,0.3404255319148936,0.02127659574468085,0.6382978723404256,0.0,14.659574468085106,0,1,30,0,0,47,2025-12-17,2026-08-21,F3_FIXED_RATCHET_HI_T2618,F3,FIXED,0,1m_break_below,50.0,0.0,0.0,0.0,0.3404255319148936,0.0,0.0,0.0,0.06000000000000005,3,0.46808510638297873,0.5319148936170213,261.619,2026-07-07,-147.75,2026-06-11,47,19.346329787234044,12.02127659574468,2.0
IS,29,0.4482758620689655,639.7450000000001,654.2450000000001,120.9226923076923,-58.265625,1.6862375972110484,-215.0,0.20689655172413793,0.034482758620689655,0.7586206896551724,0.0,17.310344827586206,0,1,22,0,0,29,2025-12-17,2026-06-10,F3_FIXED_RATCHET_HI_T333,F3,FIXED,0,1m_break_below,,,,0.0,0.3793103448275862,0.20689655172413793,0.0,0.0,,0,0.4482758620689655,0.5517241379310345,264.8675,2026-06-09,-122.0,2026-05-26,29,22.060172413793108,10.137931034482758,2.0
OOS,18,0.4444444444444444,314.5925,323.5925,121.6678125,-65.875,1.4775597722960152,-296.5,0.1111111111111111,0.0,0.8888888888888888,0.0,19.055555555555557,0,0,16,0,0,18,2026-06-11,2026-08-21,F3_FIXED_RATCHET_HI_T333,F3,FIXED,0,1m_break_below,,,,0.0,0.2777777777777778,0.1111111111111111,0.0,0.0,,0,0.4444444444444444,0.5555555555555556,345.49,2026-06-25,-147.75,2026-06-11,18,17.477361111111108,15.055555555555555,2.5
ALL,47,0.44680851063829785,954.3374999999999,977.8374999999999,121.2065476190476,-61.19230769230769,1.5998350094280325,-296.5,0.1702127659574468,0.02127659574468085,0.8085106382978723,0.0,17.97872340425532,0,1,38,0,0,47,2025-12-17,2026-08-21,F3_FIXED_RATCHET_HI_T333,F3,FIXED,0,1m_break_below,50.0,0.0,0.0,0.0,0.3404255319148936,0.1702127659574468,0.0,0.0,0.06000000000000005,3,0.44680851063829785,0.5531914893617021,345.49,2026-06-25,-147.75,2026-06-11,47,20.30505319148936,12.02127659574468,2.0
IS,29,0.4482758620689655,658.1800000000001,672.6800000000001,122.34076923076924,-58.265625,1.706012335746849,-253.5,0.10344827586206896,0.034482758620689655,0.8620689655172413,0.0,19.82758620689655,0,1,25,0,0,29,2025-12-17,2026-06-10,F3_FIXED_RATCHET_HI_T423,F3,FIXED,0,1m_break_below,,,,0.0,0.3793103448275862,0.20689655172413793,0.10344827586206896,0.0,,0,0.4482758620689655,0.5517241379310345,362.855,2026-02-03,-122.0,2026-05-26,29,22.695862068965518,10.137931034482758,2.0
OOS,18,0.4444444444444444,398.69000000000005,407.69000000000005,132.18,-65.875,1.6052220113851994,-296.5,0.05555555555555555,0.0,0.9444444444444444,0.0,21.27777777777778,0,0,17,0,0,18,2026-06-11,2026-08-21,F3_FIXED_RATCHET_HI_T423,F3,FIXED,0,1m_break_below,,,,0.0,0.2777777777777778,0.1111111111111111,0.05555555555555555,0.0,,0,0.4444444444444444,0.5555555555555556,483.19,2026-06-25,-147.75,2026-06-11,18,22.14944444444445,15.055555555555555,2.5
ALL,47,0.44680851063829785,1056.8700000000001,1080.3700000000001,126.08904761904762,-61.19230769230769,1.6642803268384663,-323.75,0.0851063829787234,0.02127659574468085,0.8936170212765957,0.0,20.382978723404257,0,1,42,0,0,47,2025-12-17,2026-08-21,F3_FIXED_RATCHET_HI_T423,F3,FIXED,0,1m_break_below,50.0,0.0,0.0,0.0,0.3404255319148936,0.1702127659574468,0.0851063829787234,0.0,0.06000000000000005,3,0.44680851063829785,0.5531914893617021,483.19,2026-06-25,-147.75,2026-06-11,47,22.486595744680855,12.02127659574468,2.0
IS,26,0.4230769230769231,546.2225,559.2225,103.42931818181818,-39.43333333333333,1.923453085376162,-215.25,0.34615384615384615,0.0,0.19230769230769232,0.0,11.346153846153847,0,0,5,0,0,26,2025-12-17,2026-06-08,F3_FIXED_INV1618_HOLD_VWAP_T2618,F3,FIXED,1,1m_break_below,,,,0.46153846153846156,0.34615384615384615,0.0,0.0,10.346153846153847,,0,0.4230769230769231,0.5769230769230769,179.893,2026-02-03,-81.75,2026-06-08,26,21.00855769230769,4.230769230769231,1.0
OOS,18,0.3888888888888889,201.1145,210.1145,106.40921428571428,-49.43181818181818,1.3698657471264368,-199.0,0.2222222222222222,0.0,0.3333333333333333,0.0,11.055555555555555,0,0,6,0,0,18,2026-06-11,2026-08-21,F3_FIXED_INV1618_HOLD_VWAP_T2618,F3,FIXED,1,1m_break_below,,,,0.4444444444444444,0.2222222222222222,0.0,0.0,10.055555555555555,,0,0.3888888888888889,0.6111111111111112,236.554,2026-06-25,-85.5,2026-07-07,18,11.173027777777778,15.055555555555555,2.5
ALL,44,0.4090909090909091,747.337,769.337,104.58816666666665,-43.66346153846154,1.6583016956617482,-215.25,0.29545454545454547,0.0,0.25,0.0,11.227272727272727,0,0,11,0,0,44,2025-12-17,2026-08-21,F3_FIXED_INV1618_HOLD_VWAP_T2618,F3,FIXED,1,1m_break_below,50.0,6.0,0.12,0.45454545454545453,0.29545454545454547,0.0,0.0,10.227272727272727,0.12,6,0.4090909090909091,0.5909090909090909,236.554,2026-06-25,-85.5,2026-07-07,44,16.984931818181817,8.659090909090908,2.0
IS,26,0.38461538461538464,569.1275,582.1275,117.58775,-37.921875,1.93799340749897,-215.25,0.19230769230769232,0.0,0.3076923076923077,0.0,14.5,0,0,8,0,0,26,2025-12-17,2026-06-08,F3_FIXED_INV1618_HOLD_VWAP_T333,F3,FIXED,1,1m_break_below,,,,0.5,0.34615384615384615,0.19230769230769232,0.0,13.5,,0,0.38461538461538464,0.6153846153846154,260.705,2026-02-03,-81.75,2026-06-08,26,21.88951923076923,4.230769230769231,1.0
OOS,18,0.3888888888888889,203.5925,212.5925,106.76321428571428,-49.43181818181818,1.374422988505747,-259.25,0.1111111111111111,0.0,0.4444444444444444,0.0,12.944444444444445,0,0,8,0,0,18,2026-06-11,2026-08-21,F3_FIXED_INV1618_HOLD_VWAP_T333,F3,FIXED,1,1m_break_below,,,,0.4444444444444444,0.2222222222222222,0.1111111111111111,0.0,11.944444444444445,,0,0.3888888888888889,0.6111111111111112,345.49,2026-06-25,-85.5,2026-07-07,18,11.310694444444444,15.055555555555555,2.5
ALL,44,0.38636363636363635,772.72,794.72,113.13058823529411,-42.611111111111114,1.671638418079096,-259.25,0.1590909090909091,0.0,0.36363636363636365,0.0,13.863636363636363,0,0,16,0,0,44,2025-12-17,2026-08-21,F3_FIXED_INV1618_HOLD_VWAP_T333,F3,FIXED,1,1m_break_below,50.0,6.0,0.12,0.4772727272727273,0.29545454545454547,0.1590909090909091,0.0,12.863636363636363,0.12,6,0.38636363636363635,0.6136363636363636,345.49,2026-06-25,-85.5,2026-07-07,44,17.561818181818182,8.659090909090908,2.0
IS,26,0.38461538461538464,666.6800000000001,679.6800000000001,127.343,-37.921875,2.098772146683148,-215.25,0.11538461538461539,0.0,0.3076923076923077,0.0,16.307692307692307,0,0,8,0,0,26,2025-12-17,2026-06-08,F3_FIXED_INV1618_HOLD_VWAP_T423,F3,FIXED,1,1m_break_below,,,,0.5769230769230769,0.34615384615384615,0.19230769230769232,0.11538461538461539,15.307692307692308,,0,0.38461538461538464,0.6153846153846154,362.855,2026-02-03,-81.75,2026-06-08,26,25.641538461538463,4.230769230769231,1.0
OOS,18,0.3888888888888889,287.69000000000005,296.69000000000005,118.77714285714286,-49.43181818181818,1.5290850574712644,-259.25,0.05555555555555555,0.0,0.5,0.0,15.166666666666666,0,0,9,0,0,18,2026-06-11,2026-08-21,F3_FIXED_INV1618_HOLD_VWAP_T423,F3,FIXED,1,1m_break_below,,,,0.4444444444444444,0.2222222222222222,0.1111111111111111,0.05555555555555555,14.166666666666666,,0,0.3888888888888889,0.6111111111111112,483.19,2026-06-25,-85.5,2026-07-07,18,15.98277777777778,15.055555555555555,2.5
ALL,44,0.38636363636363635,954.3700000000001,976.3700000000001,123.81588235294117,-42.611111111111114,1.8295262929161233,-272.75,0.09090909090909091,0.0,0.38636363636363635,0.0,15.840909090909092,0,0,17,0,0,44,2025-12-17,2026-08-21,F3_FIXED_INV1618_HOLD_VWAP_T423,F3,FIXED,1,1m_break_below,50.0,6.0,0.12,0.5227272727272727,0.29545454545454547,0.1590909090909091,0.09090909090909091,14.840909090909092,0.12,6,0.38636363636363635,0.6136363636363636,483.19,2026-06-25,-85.5,2026-07-07,44,21.690227272727274,8.659090909090908,2.0
IS,26,0.5,531.1285,544.1285,99.20219230769229,-58.34615384615385,1.7002353328938693,-211.75,0.38461538461538464,0.0,0.6153846153846154,0.0,13.923076923076923,0,0,16,0,0,26,2025-12-17,2026-06-08,F3_FIXED_INV1618_RATCHET_HI_T2618,F3,FIXED,1,1m_break_below,,,,0.0,0.38461538461538464,0.0,0.0,0.0,,0,0.5,0.5,179.893,2026-02-03,-122.0,2026-05-26,26,20.42801923076923,4.230769230769231,1.0
OOS,18,0.4444444444444444,347.73350000000005,356.73350000000005,125.81043749999999,-65.875,1.527868690702087,-296.5,0.2777777777777778,0.0,0.7222222222222222,0.0,16.666666666666668,0,0,13,0,0,18,2026-06-11,2026-08-21,F3_FIXED_INV1618_RATCHET_HI_T2618,F3,FIXED,1,1m_break_below,,,,0.0,0.2777777777777778,0.0,0.0,0.0,,0,0.4444444444444444,0.5555555555555556,261.619,2026-07-07,-147.75,2026-06-11,18,19.31852777777778,15.055555555555555,2.5
ALL,44,0.4772727272727273,878.8620000000001,900.8620000000001,109.33866666666667,-61.619565217391305,1.6201178338331277,-296.5,0.3409090909090909,0.0,0.6590909090909091,0.0,15.045454545454545,0,0,29,0,0,44,2025-12-17,2026-08-21,F3_FIXED_INV1618_RATCHET_HI_T2618,F3,FIXED,1,1m_break_below,50.0,6.0,0.12,0.0,0.3409090909090909,0.0,0.0,0.0,0.12,6,0.4772727272727273,0.5227272727272727,261.619,2026-07-07,-147.75,2026-06-11,44,19.974136363636365,8.659090909090908,2.0
IS,26,0.46153846153846156,527.6275,540.6275,108.92729166666665,-55.67857142857143,1.6768794098781268,-215.0,0.19230769230769232,0.0,0.8076923076923077,0.0,18.115384615384617,0,0,21,0,0,26,2025-12-17,2026-06-08,F3_FIXED_INV1618_RATCHET_HI_T333,F3,FIXED,1,1m_break_below,,,,0.0,0.38461538461538464,0.19230769230769232,0.0,0.0,,0,0.46153846153846156,0.5384615384615384,260.705,2026-02-03,-122.0,2026-05-26,26,20.293365384615388,4.230769230769231,1.0
OOS,18,0.4444444444444444,314.5925,323.5925,121.6678125,-65.875,1.4775597722960152,-296.5,0.1111111111111111,0.0,0.8888888888888888,0.0,19.055555555555557,0,0,16,0,0,18,2026-06-11,2026-08-21,F3_FIXED_INV1618_RATCHET_HI_T333,F3,FIXED,1,1m_break_below,,,,0.0,0.2777777777777778,0.1111111111111111,0.0,0.0,,0,0.4444444444444444,0.5555555555555556,345.49,2026-06-25,-147.75,2026-06-11,18,17.477361111111108,15.055555555555555,2.5
ALL,44,0.45454545454545453,842.22,864.22,114.02350000000001,-59.927083333333336,1.5855866504432472,-296.5,0.1590909090909091,0.0,0.8409090909090909,0.0,18.5,0,0,37,0,0,44,2025-12-17,2026-08-21,F3_FIXED_INV1618_RATCHET_HI_T333,F3,FIXED,1,1m_break_below,50.0,6.0,0.12,0.0,0.3409090909090909,0.1590909090909091,0.0,0.0,0.12,6,0.45454545454545453,0.5454545454545454,345.49,2026-06-25,-147.75,2026-06-11,44,19.141363636363636,8.659090909090908,2.0
IS,26,0.46153846153846156,645.4300000000001,658.4300000000001,118.74416666666667,-55.67857142857143,1.8280051314945478,-215.0,0.11538461538461539,0.0,0.8846153846153846,0.0,20.153846153846153,0,0,23,0,0,26,2025-12-17,2026-06-08,F3_FIXED_INV1618_RATCHET_HI_T423,F3,FIXED,1,1m_break_below,,,,0.0,0.38461538461538464,0.19230769230769232,0.11538461538461539,0.0,,0,0.46153846153846156,0.5384615384615384,362.855,2026-02-03,-122.0,2026-05-26,26,24.824230769230773,4.230769230769231,1.0
OOS,18,0.4444444444444444,398.69000000000005,407.69000000000005,132.18,-65.875,1.6052220113851994,-296.5,0.05555555555555555,0.0,0.9444444444444444,0.0,21.27777777777778,0,0,17,0,0,18,2026-06-11,2026-08-21,F3_FIXED_INV1618_RATCHET_HI_T423,F3,FIXED,1,1m_break_below,,,,0.0,0.2777777777777778,0.1111111111111111,0.05555555555555555,0.0,,0,0.4444444444444444,0.5555555555555556,483.19,2026-06-25,-147.75,2026-06-11,18,22.14944444444445,15.055555555555555,2.5
ALL,44,0.45454545454545453,1044.1200000000001,1066.1200000000001,124.1185,-59.927083333333336,1.7259655831739962,-336.5,0.09090909090909091,0.0,0.9090909090909091,0.0,20.613636363636363,0,0,40,0,0,44,2025-12-17,2026-08-21,F3_FIXED_INV1618_RATCHET_HI_T423,F3,FIXED,1,1m_break_below,50.0,6.0,0.12,0.0,0.3409090909090909,0.1590909090909091,0.09090909090909091,0.0,0.12,6,0.45454545454545453,0.5454545454545454,483.19,2026-06-25,-147.75,2026-06-11,44,23.730000000000004,8.659090909090908,2.0
IS,29,0.4482758620689655,463.1379999999999,477.6379999999999,91.89523076923076,-45.71875,1.6331346548188652,-195.5,0.3448275862068966,0.034482758620689655,0.2413793103448276,0.0,11.551724137931034,0,1,7,0,0,29,2025-12-17,2026-06-10,F3_EXPAND_HOLD_VWAP_T2618,F3,EXPAND,0,1m_expand_break,,,,0.3793103448275862,0.3448275862068966,0.0,0.0,10.551724137931034,,0,0.4482758620689655,0.5517241379310345,151.393,2026-02-03,-89.5,2026-06-10,29,15.970275862068963,13.0,2.0
OOS,17,0.4117647058823529,252.61450000000002,261.1145,107.94492857142858,-50.3,1.5022157057654075,-171.75,0.23529411764705882,0.0,0.47058823529411764,0.0,13.294117647058824,0,0,8,0,0,17,2026-06-11,2026-08-21,F3_EXPAND_HOLD_VWAP_T2618,F3,EXPAND,0,1m_expand_break,,,,0.29411764705882354,0.23529411764705882,0.0,0.0,12.294117647058824,,0,0.4117647058823529,0.5882352941176471,236.554,2026-06-25,-119.0,2026-06-11,17,14.859676470588237,29.058823529411764,3.0
ALL,46,0.43478260869565216,715.7524999999999,738.7524999999999,97.51262499999999,-47.48076923076923,1.579791413527744,-237.25,0.30434782608695654,0.021739130434782608,0.32608695652173914,0.0,12.195652173913043,0,1,15,0,0,46,2025-12-17,2026-08-21,F3_EXPAND_HOLD_VWAP_T2618,F3,EXPAND,0,1m_expand_break,50.0,0.0,0.0,0.34782608695652173,0.30434782608695654,0.0,0.0,11.195652173913043,0.07999999999999996,4,0.43478260869565216,0.5652173913043478,236.554,2026-06-25,-119.0,2026-06-11,46,15.559836956521737,18.934782608695652,2.0
IS,29,0.41379310344827586,567.7450000000001,582.2450000000001,109.54125,-43.9264705882353,1.7602879142952796,-195.5,0.20689655172413793,0.034482758620689655,0.3448275862068966,0.0,14.517241379310345,0,1,10,0,0,29,2025-12-17,2026-06-10,F3_EXPAND_HOLD_VWAP_T333,F3,EXPAND,0,1m_expand_break,,,,0.41379310344827586,0.3448275862068966,0.20689655172413793,0.0,13.517241379310345,,0,0.41379310344827586,0.5862068965517241,232.205,2026-02-03,-89.5,2026-06-10,29,19.577413793103453,13.0,2.0
OOS,17,0.4117647058823529,255.09249999999997,263.5925,108.29892857142856,-50.3,1.507142147117296,-171.75,0.11764705882352941,0.0,0.5882352941176471,0.0,15.294117647058824,0,0,10,0,0,17,2026-06-11,2026-08-21,F3_EXPAND_HOLD_VWAP_T333,F3,EXPAND,0,1m_expand_break,,,,0.29411764705882354,0.23529411764705882,0.11764705882352941,0.0,14.294117647058824,,0,0.4117647058823529,0.5882352941176471,345.49,2026-06-25,-119.0,2026-06-11,17,15.005441176470587,29.058823529411764,3.0
ALL,46,0.41304347826086957,822.8375,845.8375,109.08355263157895,-46.28703703703704,1.6584016803360673,-237.25,0.17391304347826086,0.021739130434782608,0.43478260869565216,0.0,14.804347826086957,0,1,20,0,0,46,2025-12-17,2026-08-21,F3_EXPAND_HOLD_VWAP_T333,F3,EXPAND,0,1m_expand_break,50.0,0.0,0.0,0.3695652173913043,0.30434782608695654,0.17391304347826086,0.0,13.804347826086957,0.07999999999999996,4,0.41304347826086957,0.5869565217391305,345.49,2026-06-25,-119.0,2026-06-11,46,17.887771739130436,18.934782608695652,2.0
IS,29,0.41379310344827586,565.9300000000001,580.4300000000001,109.39,-43.9264705882353,1.7578573819886174,-238.5,0.10344827586206896,0.034482758620689655,0.3793103448275862,0.0,16.82758620689655,0,1,11,0,0,29,2025-12-17,2026-06-10,F3_EXPAND_HOLD_VWAP_T423,F3,EXPAND,0,1m_expand_break,,,,0.4827586206896552,0.3448275862068966,0.20689655172413793,0.10344827586206896,15.827586206896552,,0,0.41379310344827586,0.5862068965517241,334.355,2026-02-03,-89.5,2026-06-10,29,19.5148275862069,13.0,2.0
OOS,17,0.4117647058823529,339.19000000000005,347.69000000000005,120.31285714285715,-50.3,1.674333996023857,-171.75,0.058823529411764705,0.0,0.6470588235294118,0.0,17.647058823529413,0,0,11,0,0,17,2026-06-11,2026-08-21,F3_EXPAND_HOLD_VWAP_T423,F3,EXPAND,0,1m_expand_break,,,,0.29411764705882354,0.23529411764705882,0.11764705882352941,0.058823529411764705,16.647058823529413,,0,0.4117647058823529,0.5882352941176471,483.19,2026-06-25,-119.0,2026-06-11,17,19.952352941176475,29.058823529411764,3.0
ALL,46,0.41304347826086957,905.1200000000001,928.1200000000001,113.41421052631578,-46.28703703703704,1.7242408481696339,-376.5,0.08695652173913043,0.021739130434782608,0.4782608695652174,0.0,17.130434782608695,0,1,22,0,0,46,2025-12-17,2026-08-21,F3_EXPAND_HOLD_VWAP_T423,F3,EXPAND,0,1m_expand_break,50.0,0.0,0.0,0.41304347826086957,0.30434782608695654,0.17391304347826086,0.08695652173913043,16.130434782608695,0.07999999999999996,4,0.41304347826086957,0.5869565217391305,483.19,2026-06-25,-119.0,2026-06-11,46,19.676521739130436,18.934782608695652,2.0
IS,29,0.5172413793103449,462.044,476.544,89.7696,-63.17857142857143,1.5223787450537025,-178.0,0.3793103448275862,0.034482758620689655,0.5862068965517241,0.0,13.724137931034482,0,1,17,0,0,29,2025-12-17,2026-06-10,F3_EXPAND_RATCHET_HI_T2618,F3,EXPAND,0,1m_expand_break,,,,0.0,0.3793103448275862,0.0,0.0,0.0,,0,0.5172413793103449,0.4827586206896552,151.393,2026-02-03,-122.0,2026-05-26,29,15.93255172413793,13.0,2.0
OOS,17,0.47058823529411764,552.4835,560.9835,127.15418749999999,-51.638888888888886,2.1887756858526086,-124.5,0.29411764705882354,0.0,0.7058823529411765,0.0,18.470588235294116,0,0,12,0,0,17,2026-06-11,2026-08-21,F3_EXPAND_RATCHET_HI_T2618,F3,EXPAND,0,1m_expand_break,,,,0.0,0.29411764705882354,0.0,0.0,0.0,,0,0.47058823529411764,0.5294117647058824,261.619,2026-07-07,-119.0,2026-06-11,17,32.49902941176471,29.058823529411764,3.0
ALL,46,0.5,1014.5275,1037.5275000000001,102.7729347826087,-58.66304347826087,1.7519195849546045,-243.45450000000005,0.34782608695652173,0.021739130434782608,0.6304347826086957,0.0,15.478260869565217,0,1,29,0,0,46,2025-12-17,2026-08-21,F3_EXPAND_RATCHET_HI_T2618,F3,EXPAND,0,1m_expand_break,50.0,0.0,0.0,0.0,0.34782608695652173,0.0,0.0,0.0,0.07999999999999996,4,0.5,0.5,261.619,2026-07-07,-122.0,2026-05-26,46,22.054945652173913,18.934782608695652,2.0
IS,29,0.4827586206896552,540.2450000000001,554.7450000000001,103.2675,-60.36666666666667,1.5966261733848701,-181.25,0.20689655172413793,0.034482758620689655,0.7586206896551724,0.0,17.620689655172413,0,1,22,0,0,29,2025-12-17,2026-06-10,F3_EXPAND_RATCHET_HI_T333,F3,EXPAND,0,1m_expand_break,,,,0.0,0.3793103448275862,0.20689655172413793,0.0,0.0,,0,0.4827586206896552,0.5172413793103449,232.205,2026-02-03,-122.0,2026-05-26,29,18.629137931034485,13.0,2.0
OOS,17,0.47058823529411764,519.3425,527.8425,123.0115625,-51.638888888888886,2.117466379774072,-124.5,0.11764705882352941,0.0,0.8823529411764706,0.0,21.0,0,0,15,0,0,17,2026-06-11,2026-08-21,F3_EXPAND_RATCHET_HI_T333,F3,EXPAND,0,1m_expand_break,,,,0.0,0.29411764705882354,0.11764705882352941,0.0,0.0,,0,0.47058823529411764,0.5294117647058824,345.49,2026-06-25,-119.0,2026-06-11,17,30.54955882352941,29.058823529411764,3.0
ALL,46,0.4782608695652174,1059.5875,1082.5875,110.44715909090907,-57.09375,1.7732804232804231,-232.25,0.17391304347826086,0.021739130434782608,0.8043478260869565,0.0,18.869565217391305,0,1,37,0,0,46,2025-12-17,2026-08-21,F3_EXPAND_RATCHET_HI_T333,F3,EXPAND,0,1m_expand_break,50.0,0.0,0.0,0.0,0.34782608695652173,0.17391304347826086,0.0,0.0,0.07999999999999996,4,0.4782608695652174,0.5217391304347826,345.49,2026-06-25,-122.0,2026-05-26,46,23.03451086956522,18.934782608695652,2.0
IS,29,0.4827586206896552,558.6800000000001,573.1800000000001,104.58428571428571,-60.36666666666667,1.6169850911098842,-242.75,0.10344827586206896,0.034482758620689655,0.8620689655172413,0.0,20.137931034482758,0,1,25,0,0,29,2025-12-17,2026-06-10,F3_EXPAND_RATCHET_HI_T423,F3,EXPAND,0,1m_expand_break,,,,0.0,0.3793103448275862,0.20689655172413793,0.10344827586206896,0.0,,0,0.4827586206896552,0.5172413793103449,334.355,2026-02-03,-122.0,2026-05-26,29,19.2648275862069,13.0,2.0
OOS,17,0.47058823529411764,603.44,611.94,133.52375,-51.638888888888886,2.298418504572351,-124.5,0.058823529411764705,0.0,0.9411764705882353,0.0,23.352941176470587,0,0,16,0,0,17,2026-06-11,2026-08-21,F3_EXPAND_RATCHET_HI_T423,F3,EXPAND,0,1m_expand_break,,,,0.0,0.29411764705882354,0.11764705882352941,0.058823529411764705,0.0,,0,0.47058823529411764,0.5294117647058824,483.19,2026-06-25,-119.0,2026-06-11,17,35.4964705882353,29.058823529411764,3.0
ALL,46,0.4782608695652174,1162.1200000000001,1185.1200000000001,115.10772727272727,-57.09375,1.8481080094873197,-375.75,0.08695652173913043,0.021739130434782608,0.8913043478260869,0.0,21.32608695652174,0,1,41,0,0,46,2025-12-17,2026-08-21,F3_EXPAND_RATCHET_HI_T423,F3,EXPAND,0,1m_expand_break,50.0,0.0,0.0,0.0,0.34782608695652173,0.17391304347826086,0.08695652173913043,0.0,0.07999999999999996,4,0.4782608695652174,0.5217391304347826,483.19,2026-06-25,-122.0,2026-05-26,46,25.26347826086957,18.934782608695652,2.0
IS,26,0.46153846153846156,524.2225,537.2225,89.81020833333332,-39.535714285714285,1.9471047877145435,-195.5,0.34615384615384615,0.0,0.23076923076923078,0.0,11.923076923076923,0,0,6,0,0,26,2025-12-17,2026-06-08,F3_EXPAND_INV1618_HOLD_VWAP_T2618,F3,EXPAND,1,1m_expand_break,,,,0.4230769230769231,0.34615384615384615,0.0,0.0,10.923076923076923,,0,0.46153846153846156,0.5384615384615384,151.393,2026-02-03,-81.75,2026-06-08,26,20.162403846153843,7.346153846153846,1.0
OOS,16,0.4375,371.6145,379.6145,107.94492857142858,-42.666666666666664,1.96774609375,-171.75,0.25,0.0,0.4375,0.0,13.375,0,0,7,0,0,16,2026-06-18,2026-08-21,F3_EXPAND_INV1618_HOLD_VWAP_T2618,F3,EXPAND,1,1m_expand_break,,,,0.3125,0.25,0.0,0.0,12.375,,0,0.4375,0.5625,236.554,2026-06-25,-85.5,2026-07-07,16,23.22590625,25.625,2.5
ALL,42,0.4523809523809524,895.837,916.837,96.49142105263158,-40.76086956521739,1.9555594666666667,-195.5,0.30952380952380953,0.0,0.30952380952380953,0.0,12.476190476190476,0,0,13,0,0,42,2025-12-17,2026-08-21,F3_EXPAND_INV1618_HOLD_VWAP_T2618,F3,EXPAND,1,1m_expand_break,50.0,7.0,0.14,0.38095238095238093,0.30952380952380953,0.0,0.0,11.476190476190476,0.16000000000000003,8,0.4523809523809524,0.5476190476190477,236.554,2026-06-25,-85.5,2026-07-07,42,21.329452380952382,14.30952380952381,2.0
IS,26,0.4230769230769231,547.1275,560.1275,101.4434090909091,-37.916666666666664,1.9619824175824176,-195.5,0.19230769230769232,0.0,0.34615384615384615,0.0,15.076923076923077,0,0,9,0,0,26,2025-12-17,2026-06-08,F3_EXPAND_INV1618_HOLD_VWAP_T333,F3,EXPAND,1,1m_expand_break,,,,0.46153846153846156,0.34615384615384615,0.19230769230769232,0.0,14.076923076923077,,0,0.4230769230769231,0.5769230769230769,232.205,2026-02-03,-81.75,2026-06-08,26,21.043365384615388,7.346153846153846,1.0
OOS,16,0.4375,374.0925,382.0925,108.29892857142856,-42.666666666666664,1.97419921875,-171.75,0.125,0.0,0.5625,0.0,15.5,0,0,9,0,0,16,2026-06-18,2026-08-21,F3_EXPAND_INV1618_HOLD_VWAP_T333,F3,EXPAND,1,1m_expand_break,,,,0.3125,0.25,0.125,0.0,14.5,,0,0.4375,0.5625,345.49,2026-06-25,-85.5,2026-07-07,16,23.38078125,25.625,2.5
ALL,42,0.42857142857142855,921.22,942.22,104.10944444444445,-39.697916666666664,1.9669063237995277,-195.5,0.16666666666666666,0.0,0.42857142857142855,0.0,15.238095238095237,0,0,18,0,0,42,2025-12-17,2026-08-21,F3_EXPAND_INV1618_HOLD_VWAP_T333,F3,EXPAND,1,1m_expand_break,50.0,7.0,0.14,0.40476190476190477,0.30952380952380953,0.16666666666666666,0.0,14.238095238095237,0.16000000000000003,8,0.42857142857142855,0.5714285714285714,345.49,2026-06-25,-85.5,2026-07-07,42,21.933809523809526,14.30952380952381,2.0
IS,26,0.4230769230769231,644.6800000000001,657.6800000000001,110.31181818181818,-37.916666666666664,2.1335032967032967,-195.5,0.11538461538461539,0.0,0.34615384615384615,0.0,16.884615384615383,0,0,9,0,0,26,2025-12-17,2026-06-08,F3_EXPAND_INV1618_HOLD_VWAP_T423,F3,EXPAND,1,1m_expand_break,,,,0.5384615384615384,0.34615384615384615,0.19230769230769232,0.11538461538461539,15.884615384615385,,0,0.4230769230769231,0.5769230769230769,334.355,2026-02-03,-81.75,2026-06-08,26,24.795384615384616,7.346153846153846,1.0
OOS,16,0.4375,458.19000000000005,466.19000000000005,120.31285714285715,-42.666666666666664,2.193203125,-171.75,0.0625,0.0,0.625,0.0,18.0,0,0,10,0,0,16,2026-06-18,2026-08-21,F3_EXPAND_INV1618_HOLD_VWAP_T423,F3,EXPAND,1,1m_expand_break,,,,0.3125,0.25,0.125,0.0625,17.0,,0,0.4375,0.5625,483.19,2026-06-25,-85.5,2026-07-07,16,28.636875000000003,25.625,2.5
ALL,42,0.42857142857142855,1102.8700000000001,1123.8700000000001,114.2011111111111,-39.697916666666664,2.157564943584361,-195.5,0.09523809523809523,0.0,0.4523809523809524,0.0,17.30952380952381,0,0,19,0,0,42,2025-12-17,2026-08-21,F3_EXPAND_INV1618_HOLD_VWAP_T423,F3,EXPAND,1,1m_expand_break,50.0,7.0,0.14,0.4523809523809524,0.30952380952380953,0.16666666666666666,0.09523809523809523,16.30952380952381,0.16000000000000003,8,0.42857142857142855,0.5714285714285714,483.19,2026-06-25,-85.5,2026-07-07,42,26.258809523809525,14.30952380952381,2.0
IS,26,0.5384615384615384,523.1285,536.1285,87.83060714285713,-58.875,1.7404508138711958,-178.0,0.38461538461538464,0.0,0.6153846153846154,0.0,14.346153846153847,0,0,16,0,0,26,2025-12-17,2026-06-08,F3_EXPAND_INV1618_RATCHET_HI_T2618,F3,EXPAND,1,1m_expand_break,,,,0.0,0.38461538461538464,0.0,0.0,0.0,,0,0.5384615384615384,0.46153846153846156,151.393,2026-02-03,-122.0,2026-05-26,26,20.120326923076924,7.346153846153846,1.0
OOS,16,0.5,671.4835,679.4835,127.15418749999999,-43.21875,2.94210701373825,-124.5,0.3125,0.0,0.6875,0.0,18.875,0,0,11,0,0,16,2026-06-18,2026-08-21,F3_EXPAND_INV1618_RATCHET_HI_T2618,F3,EXPAND,1,1m_expand_break,,,,0.0,0.3125,0.0,0.0,0.0,,0,0.5,0.5,261.619,2026-07-07,-95.5,2026-07-01,16,41.96771875,25.625,2.5
ALL,42,0.5238095238095238,1194.612,1215.612,102.13009090909091,-52.6125,2.1352929436920887,-178.0,0.35714285714285715,0.0,0.6428571428571429,0.0,16.071428571428573,0,0,27,0,0,42,2025-12-17,2026-08-21,F3_EXPAND_INV1618_RATCHET_HI_T2618,F3,EXPAND,1,1m_expand_break,50.0,7.0,0.14,0.0,0.35714285714285715,0.0,0.0,0.0,0.16000000000000003,8,0.5238095238095238,0.47619047619047616,261.619,2026-07-07,-122.0,2026-05-26,42,28.44314285714286,14.30952380952381,2.0
IS,26,0.5,519.6275,532.6275,95.93288461538461,-55.96153846153846,1.7142646048109964,-181.25,0.19230769230769232,0.0,0.8076923076923077,0.0,18.53846153846154,0,0,21,0,0,26,2025-12-17,2026-06-08,F3_EXPAND_INV1618_RATCHET_HI_T333,F3,EXPAND,1,1m_expand_break,,,,0.0,0.38461538461538464,0.19230769230769232,0.0,0.0,,0,0.5,0.5,232.205,2026-02-03,-122.0,2026-05-26,26,19.985673076923078,7.346153846153846,1.0
OOS,16,0.5,638.3425,646.3425,123.0115625,-43.21875,2.8462545191612434,-124.5,0.125,0.0,0.875,0.0,21.5625,0,0,14,0,0,16,2026-06-18,2026-08-21,F3_EXPAND_INV1618_RATCHET_HI_T333,F3,EXPAND,1,1m_expand_break,,,,0.0,0.3125,0.125,0.0,0.0,,0,0.5,0.5,345.49,2026-06-25,-95.5,2026-07-01,16,39.89640625,25.625,2.5
ALL,42,0.5,1157.97,1178.97,106.24857142857144,-51.107142857142854,2.0789378057302588,-181.25,0.16666666666666666,0.0,0.8333333333333334,0.0,19.69047619047619,0,0,35,0,0,42,2025-12-17,2026-08-21,F3_EXPAND_INV1618_RATCHET_HI_T333,F3,EXPAND,1,1m_expand_break,50.0,7.0,0.14,0.0,0.35714285714285715,0.16666666666666666,0.0,0.0,0.16000000000000003,8,0.5,0.5,345.49,2026-06-25,-122.0,2026-05-26,42,27.570714285714285,14.30952380952381,2.0
IS,26,0.5,637.4300000000001,650.4300000000001,104.99461538461539,-55.96153846153846,1.8761924398625431,-181.25,0.11538461538461539,0.0,0.8846153846153846,0.0,20.576923076923077,0,0,23,0,0,26,2025-12-17,2026-06-08,F3_EXPAND_INV1618_RATCHET_HI_T423,F3,EXPAND,1,1m_expand_break,,,,0.0,0.38461538461538464,0.19230769230769232,0.11538461538461539,0.0,,0,0.5,0.5,334.355,2026-02-03,-122.0,2026-05-26,26,24.516538461538463,7.346153846153846,1.0
OOS,16,0.5,722.44,730.44,133.52375,-43.21875,3.0894866232827187,-124.5,0.0625,0.0,0.9375,0.0,24.0625,0,0,15,0,0,16,2026-06-18,2026-08-21,F3_EXPAND_INV1618_RATCHET_HI_T423,F3,EXPAND,1,1m_expand_break,,,,0.0,0.3125,0.125,0.0625,0.0,,0,0.5,0.5,483.19,2026-06-25,-95.5,2026-07-01,16,45.1525,25.625,2.5
ALL,42,0.5,1359.8700000000001,1380.8700000000001,115.86285714285714,-51.107142857142854,2.267058001397624,-181.25,0.09523809523809523,0.0,0.9047619047619048,0.0,21.904761904761905,0,0,38,0,0,42,2025-12-17,2026-08-21,F3_EXPAND_INV1618_RATCHET_HI_T423,F3,EXPAND,1,1m_expand_break,50.0,7.0,0.14,0.0,0.35714285714285715,0.16666666666666666,0.09523809523809523,0.0,0.16000000000000003,8,0.5,0.5,483.19,2026-06-25,-122.0,2026-05-26,42,32.377857142857145,14.30952380952381,2.0
IS,94,0.32978723404255317,-612.8824999999999,-565.8824999999999,73.77798387096774,-46.03174603174603,0.7886612068965518,-1154.75,0.0425531914893617,0.031914893617021274,0.5212765957446809,0.0,16.382978723404257,0,3,49,0,0,94,2025-12-16,2026-06-10,ALL_EXPAND_HOLD_VWAP_T423,ALL,EXPAND,0,1m_expand_break,,,,0.40425531914893614,0.22340425531914893,0.11702127659574468,0.0425531914893617,15.382978723404255,,0,0.32978723404255317,0.6702127659574468,334.355,2026-02-03,-92.75,2026-06-04,94,-6.52002659574468,25.71276595744681,7.0
OOS,41,0.43902439024390244,830.3025,850.8025,120.58624999999999,-58.27173913043478,1.6195131505316172,-421.75,0.04878048780487805,0.0,0.6829268292682927,0.0,19.29268292682927,0,0,28,0,0,41,2026-06-11,2026-08-25,ALL_EXPAND_HOLD_VWAP_T423,ALL,EXPAND,0,1m_expand_break,,,,0.2682926829268293,0.24390243902439024,0.17073170731707318,0.04878048780487805,18.29268292682927,,0,0.43902439024390244,0.5609756097560976,483.19,2026-06-25,-119.0,2026-06-11,41,20.251280487804877,32.8780487804878,8.0
ALL,135,0.362962962962963,217.42000000000004,284.9200000000001,90.97285714285715,-49.30523255813954,1.0512752785802724,-1398.5,0.044444444444444446,0.022222222222222223,0.5703703703703704,0.0,17.266666666666666,0,3,77,0,0,135,2025-12-16,2026-08-25,ALL_EXPAND_HOLD_VWAP_T423,ALL,EXPAND,0,1m_expand_break,172.0,0.0,0.0,0.362962962962963,0.22962962962962963,0.13333333333333333,0.044444444444444446,16.266666666666666,0.2151162790697675,37,0.362962962962963,0.6370370370370371,483.19,2026-06-25,-119.0,2026-06-11,135,1.610518518518519,27.88888888888889,8.0
IS,94,0.3723404255319149,-1220.8825,-1173.8825,73.33192857142858,-64.19491525423729,0.677654785478548,-1512.25,0.0425531914893617,0.07446808510638298,0.8829787234042553,0.0,20.0,0,7,83,0,0,94,2025-12-16,2026-06-10,ALL_EXPAND_RATCHET_HI_T423,ALL,EXPAND,0,1m_expand_break,,,,0.0,0.2553191489361702,0.11702127659574468,0.0425531914893617,0.0,,0,0.3723404255319149,0.6276595744680851,334.355,2026-02-03,-128.0,2026-04-06,94,-12.988111702127659,25.71276595744681,7.0
OOS,41,0.4634146341463415,911.8025,932.3025,126.13434210526314,-67.48863636363636,1.6141118033338944,-402.75,0.04878048780487805,0.04878048780487805,0.9024390243902439,0.0,22.048780487804876,0,2,37,0,0,41,2026-06-11,2026-08-25,ALL_EXPAND_RATCHET_HI_T423,ALL,EXPAND,0,1m_expand_break,,,,0.0,0.2682926829268293,0.17073170731707318,0.04878048780487805,0.0,,0,0.4634146341463415,0.5365853658536586,483.19,2026-06-25,-138.5,2026-06-24,41,22.239085365853658,32.8780487804878,8.0
ALL,135,0.4,-309.0799999999999,-241.57999999999998,91.91055555555556,-65.0895061728395,0.941376072834179,-1820.75,0.044444444444444446,0.06666666666666667,0.8888888888888888,0.0,20.622222222222224,0,9,120,0,0,135,2025-12-16,2026-08-25,ALL_EXPAND_RATCHET_HI_T423,ALL,EXPAND,0,1m_expand_break,172.0,0.0,0.0,0.0,0.25925925925925924,0.13333333333333333,0.044444444444444446,0.0,0.2151162790697675,37,0.4,0.6,483.19,2026-06-25,-138.5,2026-06-24,135,-2.289481481481481,27.88888888888889,8.0
IS,75,0.32,-161.88249999999996,-124.38249999999996,83.57781250000001,-42.504901960784316,0.9253223388305848,-861.75,0.05333333333333334,0.013333333333333334,0.4266666666666667,0.0,15.36,0,1,32,0,0,75,2025-12-17,2026-06-08,ALL_EXPAND_INV1618_HOLD_VWAP_T423,ALL,EXPAND,1,1m_expand_break,,,,0.5066666666666667,0.18666666666666668,0.12,0.05333333333333334,14.36,,0,0.32,0.68,334.355,2026-02-03,-92.75,2026-06-04,75,-2.158433333333333,11.28,5.0
OOS,35,0.45714285714285713,930.8025,948.3025,118.95640625,-51.18421052631579,1.9571233933161953,-314.0,0.05714285714285714,0.0,0.6285714285714286,0.0,19.0,0,0,22,0,0,35,2026-06-12,2026-08-25,ALL_EXPAND_INV1618_HOLD_VWAP_T423,ALL,EXPAND,1,1m_expand_break,,,,0.3142857142857143,0.22857142857142856,0.14285714285714285,0.05714285714285714,18.0,,0,0.45714285714285713,0.5428571428571428,483.19,2026-06-25,-91.75,2026-06-24,35,26.59435714285714,21.428571428571427,6.0
ALL,110,0.36363636363636365,768.9200000000002,823.9200000000002,97.72925000000001,-44.86071428571429,1.2448594857097366,-1006.75,0.05454545454545454,0.00909090909090909,0.4909090909090909,0.0,16.51818181818182,0,1,54,0,0,110,2025-12-17,2026-08-25,ALL_EXPAND_INV1618_HOLD_VWAP_T423,ALL,EXPAND,1,1m_expand_break,172.0,61.0,0.3546511627906977,0.44545454545454544,0.2,0.12727272727272726,0.05454545454545454,15.518181818181818,0.36046511627906974,62,0.36363636363636365,0.6363636363636364,483.19,2026-06-25,-92.75,2026-06-04,110,6.99018181818182,14.50909090909091,5.0
IS,75,0.37333333333333335,-769.8824999999999,-732.3824999999999,81.62026785714286,-65.00531914893617,0.7480132558710417,-1219.25,0.05333333333333334,0.06666666666666667,0.88,0.0,19.893333333333334,0,5,66,0,0,75,2025-12-17,2026-06-08,ALL_EXPAND_INV1618_RATCHET_HI_T423,ALL,EXPAND,1,1m_expand_break,,,,0.0,0.22666666666666666,0.12,0.05333333333333334,0.0,,0,0.37333333333333335,0.6266666666666667,334.355,2026-02-03,-128.0,2026-04-06,75,-10.265099999999999,11.28,5.0
OOS,35,0.4857142857142857,1012.3025,1029.8025,125.2530882352941,-62.05555555555556,1.9062690241718887,-256.25,0.05714285714285714,0.05714285714285714,0.8857142857142857,0.0,22.228571428571428,0,2,31,0,0,35,2026-06-12,2026-08-25,ALL_EXPAND_INV1618_RATCHET_HI_T423,ALL,EXPAND,1,1m_expand_break,,,,0.0,0.2571428571428571,0.14285714285714285,0.05714285714285714,0.0,,0,0.4857142857142857,0.5142857142857142,483.19,2026-06-25,-138.5,2026-06-24,35,28.92292857142857,21.428571428571427,6.0
ALL,110,0.4090909090909091,242.42000000000013,297.42000000000013,98.10377777777778,-64.18846153846154,1.0581029420576429,-1429.0,0.05454545454545454,0.06363636363636363,0.8818181818181818,0.0,20.636363636363637,0,7,97,0,0,110,2025-12-17,2026-08-25,ALL_EXPAND_INV1618_RATCHET_HI_T423,ALL,EXPAND,1,1m_expand_break,172.0,61.0,0.3546511627906977,0.0,0.23636363636363636,0.12727272727272726,0.05454545454545454,0.0,0.36046511627906974,62,0.4090909090909091,0.5909090909090909,483.19,2026-06-25,-138.5,2026-06-24,110,2.203818181818183,14.50909090909091,5.0
