split,n_trades,win_rate,net_pts,gross_pts,avg_win,avg_loss,pf,max_dd,pct_target,pct_init_stop,pct_ratchet_stop,pct_eod,avg_bars,n_target,n_init_stop,n_ratchet_stop,n_eod,n_long,n_short,day_first,day_last,variant,universe,side_lab,entry_mode,inv_1618,tf,n_signal_days,n_inv_skipped,pct_inv_skipped,pct_hold_exit,pct_hit_2618,pct_hit_333,pct_hit_423,avg_hold_bars,pct_signal_no_entry,n_signal_no_entry,pct_win,pct_loss,largest_win,largest_win_day,largest_loss,largest_loss_day,n_days,avg_net_per_day,mean_entry_delay_min,median_entry_delay_min
IS,26,0.46153846153846156,524.2225,537.2225,89.81020833333332,-39.535714285714285,1.9471047877145435,-195.5,0.34615384615384615,0.0,0.23076923076923078,0.0,11.923076923076923,0,0,6,0,0,26,2025-12-17,2026-06-08,F3_SHORT_EXPAND_INV_HOLD_VWAP_T2618,F3,SHORT,EXPAND,1,1m_expand_break,,,,0.4230769230769231,0.34615384615384615,0.0,0.0,10.923076923076923,,0,0.46153846153846156,0.5384615384615384,151.393,2026-02-03,-81.75,2026-06-08,26,20.162403846153843,7.346153846153846,1.0
OOS,16,0.4375,371.6145,379.6145,107.94492857142858,-42.666666666666664,1.96774609375,-171.75,0.25,0.0,0.4375,0.0,13.375,0,0,7,0,0,16,2026-06-18,2026-08-21,F3_SHORT_EXPAND_INV_HOLD_VWAP_T2618,F3,SHORT,EXPAND,1,1m_expand_break,,,,0.3125,0.25,0.0,0.0,12.375,,0,0.4375,0.5625,236.554,2026-06-25,-85.5,2026-07-07,16,23.22590625,25.625,2.5
ALL,42,0.4523809523809524,895.837,916.837,96.49142105263158,-40.76086956521739,1.9555594666666667,-195.5,0.30952380952380953,0.0,0.30952380952380953,0.0,12.476190476190476,0,0,13,0,0,42,2025-12-17,2026-08-21,F3_SHORT_EXPAND_INV_HOLD_VWAP_T2618,F3,SHORT,EXPAND,1,1m_expand_break,50.0,7.0,0.14,0.38095238095238093,0.30952380952380953,0.0,0.0,11.476190476190476,0.16000000000000003,8,0.4523809523809524,0.5476190476190477,236.554,2026-06-25,-85.5,2026-07-07,42,21.329452380952382,14.30952380952381,2.0
IS,26,0.4230769230769231,547.1275,560.1275,101.4434090909091,-37.916666666666664,1.9619824175824176,-195.5,0.19230769230769232,0.0,0.34615384615384615,0.0,15.076923076923077,0,0,9,0,0,26,2025-12-17,2026-06-08,F3_SHORT_EXPAND_INV_HOLD_VWAP_T333,F3,SHORT,EXPAND,1,1m_expand_break,,,,0.46153846153846156,0.34615384615384615,0.19230769230769232,0.0,14.076923076923077,,0,0.4230769230769231,0.5769230769230769,232.205,2026-02-03,-81.75,2026-06-08,26,21.043365384615388,7.346153846153846,1.0
OOS,16,0.4375,374.0925,382.0925,108.29892857142856,-42.666666666666664,1.97419921875,-171.75,0.125,0.0,0.5625,0.0,15.5,0,0,9,0,0,16,2026-06-18,2026-08-21,F3_SHORT_EXPAND_INV_HOLD_VWAP_T333,F3,SHORT,EXPAND,1,1m_expand_break,,,,0.3125,0.25,0.125,0.0,14.5,,0,0.4375,0.5625,345.49,2026-06-25,-85.5,2026-07-07,16,23.38078125,25.625,2.5
ALL,42,0.42857142857142855,921.22,942.22,104.10944444444445,-39.697916666666664,1.9669063237995277,-195.5,0.16666666666666666,0.0,0.42857142857142855,0.0,15.238095238095237,0,0,18,0,0,42,2025-12-17,2026-08-21,F3_SHORT_EXPAND_INV_HOLD_VWAP_T333,F3,SHORT,EXPAND,1,1m_expand_break,50.0,7.0,0.14,0.40476190476190477,0.30952380952380953,0.16666666666666666,0.0,14.238095238095237,0.16000000000000003,8,0.42857142857142855,0.5714285714285714,345.49,2026-06-25,-85.5,2026-07-07,42,21.933809523809526,14.30952380952381,2.0
IS,26,0.4230769230769231,644.6800000000001,657.6800000000001,110.31181818181818,-37.916666666666664,2.1335032967032967,-195.5,0.11538461538461539,0.0,0.34615384615384615,0.0,16.884615384615383,0,0,9,0,0,26,2025-12-17,2026-06-08,F3_SHORT_EXPAND_INV_HOLD_VWAP_T423,F3,SHORT,EXPAND,1,1m_expand_break,,,,0.5384615384615384,0.34615384615384615,0.19230769230769232,0.11538461538461539,15.884615384615385,,0,0.4230769230769231,0.5769230769230769,334.355,2026-02-03,-81.75,2026-06-08,26,24.795384615384616,7.346153846153846,1.0
OOS,16,0.4375,458.19000000000005,466.19000000000005,120.31285714285715,-42.666666666666664,2.193203125,-171.75,0.0625,0.0,0.625,0.0,18.0,0,0,10,0,0,16,2026-06-18,2026-08-21,F3_SHORT_EXPAND_INV_HOLD_VWAP_T423,F3,SHORT,EXPAND,1,1m_expand_break,,,,0.3125,0.25,0.125,0.0625,17.0,,0,0.4375,0.5625,483.19,2026-06-25,-85.5,2026-07-07,16,28.636875000000003,25.625,2.5
ALL,42,0.42857142857142855,1102.8700000000001,1123.8700000000001,114.2011111111111,-39.697916666666664,2.157564943584361,-195.5,0.09523809523809523,0.0,0.4523809523809524,0.0,17.30952380952381,0,0,19,0,0,42,2025-12-17,2026-08-21,F3_SHORT_EXPAND_INV_HOLD_VWAP_T423,F3,SHORT,EXPAND,1,1m_expand_break,50.0,7.0,0.14,0.4523809523809524,0.30952380952380953,0.16666666666666666,0.09523809523809523,16.30952380952381,0.16000000000000003,8,0.42857142857142855,0.5714285714285714,483.19,2026-06-25,-85.5,2026-07-07,42,26.258809523809525,14.30952380952381,2.0
IS,26,0.5384615384615384,523.1285,536.1285,87.83060714285713,-58.875,1.7404508138711958,-178.0,0.38461538461538464,0.0,0.6153846153846154,0.0,14.346153846153847,0,0,16,0,0,26,2025-12-17,2026-06-08,F3_SHORT_EXPAND_INV_RATCHET_HI_T2618,F3,SHORT,EXPAND,1,1m_expand_break,,,,0.0,0.38461538461538464,0.0,0.0,0.0,,0,0.5384615384615384,0.46153846153846156,151.393,2026-02-03,-122.0,2026-05-26,26,20.120326923076924,7.346153846153846,1.0
OOS,16,0.5,671.4835,679.4835,127.15418749999999,-43.21875,2.94210701373825,-124.5,0.3125,0.0,0.6875,0.0,18.875,0,0,11,0,0,16,2026-06-18,2026-08-21,F3_SHORT_EXPAND_INV_RATCHET_HI_T2618,F3,SHORT,EXPAND,1,1m_expand_break,,,,0.0,0.3125,0.0,0.0,0.0,,0,0.5,0.5,261.619,2026-07-07,-95.5,2026-07-01,16,41.96771875,25.625,2.5
ALL,42,0.5238095238095238,1194.612,1215.612,102.13009090909091,-52.6125,2.1352929436920887,-178.0,0.35714285714285715,0.0,0.6428571428571429,0.0,16.071428571428573,0,0,27,0,0,42,2025-12-17,2026-08-21,F3_SHORT_EXPAND_INV_RATCHET_HI_T2618,F3,SHORT,EXPAND,1,1m_expand_break,50.0,7.0,0.14,0.0,0.35714285714285715,0.0,0.0,0.0,0.16000000000000003,8,0.5238095238095238,0.47619047619047616,261.619,2026-07-07,-122.0,2026-05-26,42,28.44314285714286,14.30952380952381,2.0
IS,26,0.5,519.6275,532.6275,95.93288461538461,-55.96153846153846,1.7142646048109964,-181.25,0.19230769230769232,0.0,0.8076923076923077,0.0,18.53846153846154,0,0,21,0,0,26,2025-12-17,2026-06-08,F3_SHORT_EXPAND_INV_RATCHET_HI_T333,F3,SHORT,EXPAND,1,1m_expand_break,,,,0.0,0.38461538461538464,0.19230769230769232,0.0,0.0,,0,0.5,0.5,232.205,2026-02-03,-122.0,2026-05-26,26,19.985673076923078,7.346153846153846,1.0
OOS,16,0.5,638.3425,646.3425,123.0115625,-43.21875,2.8462545191612434,-124.5,0.125,0.0,0.875,0.0,21.5625,0,0,14,0,0,16,2026-06-18,2026-08-21,F3_SHORT_EXPAND_INV_RATCHET_HI_T333,F3,SHORT,EXPAND,1,1m_expand_break,,,,0.0,0.3125,0.125,0.0,0.0,,0,0.5,0.5,345.49,2026-06-25,-95.5,2026-07-01,16,39.89640625,25.625,2.5
ALL,42,0.5,1157.97,1178.97,106.24857142857144,-51.107142857142854,2.0789378057302588,-181.25,0.16666666666666666,0.0,0.8333333333333334,0.0,19.69047619047619,0,0,35,0,0,42,2025-12-17,2026-08-21,F3_SHORT_EXPAND_INV_RATCHET_HI_T333,F3,SHORT,EXPAND,1,1m_expand_break,50.0,7.0,0.14,0.0,0.35714285714285715,0.16666666666666666,0.0,0.0,0.16000000000000003,8,0.5,0.5,345.49,2026-06-25,-122.0,2026-05-26,42,27.570714285714285,14.30952380952381,2.0
IS,26,0.5,637.4300000000001,650.4300000000001,104.99461538461539,-55.96153846153846,1.8761924398625431,-181.25,0.11538461538461539,0.0,0.8846153846153846,0.0,20.576923076923077,0,0,23,0,0,26,2025-12-17,2026-06-08,F3_SHORT_EXPAND_INV_RATCHET_HI_T423,F3,SHORT,EXPAND,1,1m_expand_break,,,,0.0,0.38461538461538464,0.19230769230769232,0.11538461538461539,0.0,,0,0.5,0.5,334.355,2026-02-03,-122.0,2026-05-26,26,24.516538461538463,7.346153846153846,1.0
OOS,16,0.5,722.44,730.44,133.52375,-43.21875,3.0894866232827187,-124.5,0.0625,0.0,0.9375,0.0,24.0625,0,0,15,0,0,16,2026-06-18,2026-08-21,F3_SHORT_EXPAND_INV_RATCHET_HI_T423,F3,SHORT,EXPAND,1,1m_expand_break,,,,0.0,0.3125,0.125,0.0625,0.0,,0,0.5,0.5,483.19,2026-06-25,-95.5,2026-07-01,16,45.1525,25.625,2.5
ALL,42,0.5,1359.8700000000001,1380.8700000000001,115.86285714285714,-51.107142857142854,2.267058001397624,-181.25,0.09523809523809523,0.0,0.9047619047619048,0.0,21.904761904761905,0,0,38,0,0,42,2025-12-17,2026-08-21,F3_SHORT_EXPAND_INV_RATCHET_HI_T423,F3,SHORT,EXPAND,1,1m_expand_break,50.0,7.0,0.14,0.0,0.35714285714285715,0.16666666666666666,0.09523809523809523,0.0,0.16000000000000003,8,0.5,0.5,483.19,2026-06-25,-122.0,2026-05-26,42,32.377857142857145,14.30952380952381,2.0
IS,36,0.4444444444444444,48.36099999999999,66.36099999999999,49.6788125,-37.325,1.0647836570663094,-278.178,0.05555555555555555,0.0,0.5277777777777778,0.0,17.77777777777778,0,0,19,0,36,0,2025-12-19,2026-06-04,L3_LONG_EXPAND_INV_HOLD_VWAP_T2618,L3,LONG,EXPAND,1,1m_expand_break,,,,0.4166666666666667,0.05555555555555555,0.0,0.0,16.77777777777778,,0,0.4444444444444444,0.5555555555555556,165.789,2026-05-08,-63.5,2026-04-06,36,1.3433611111111108,12.38888888888889,3.0
OOS,16,0.4375,331.533,339.533,116.14757142857141,-53.5,1.6885420560747662,-158.75,0.25,0.0,0.5,0.0,23.5,0,0,8,0,16,0,2026-06-23,2026-08-25,L3_LONG_EXPAND_INV_HOLD_VWAP_T2618,L3,LONG,EXPAND,1,1m_expand_break,,,,0.25,0.25,0.0,0.0,22.5,,0,0.4375,0.5625,224.467,2026-06-23,-112.5,2026-06-29,16,20.7208125,11.125,7.5
ALL,52,0.4423076923076923,379.89399999999995,405.89399999999995,69.90843478260868,-42.3448275862069,1.30935993485342,-278.178,0.11538461538461539,0.0,0.5192307692307693,0.0,19.53846153846154,0,0,27,0,52,0,2025-12-19,2026-08-25,L3_LONG_EXPAND_INV_HOLD_VWAP_T2618,L3,LONG,EXPAND,1,1m_expand_break,59.0,7.0,0.11864406779661017,0.36538461538461536,0.11538461538461539,0.0,0.0,18.53846153846154,0.11864406779661019,7,0.4423076923076923,0.5576923076923077,224.467,2026-06-23,-112.5,2026-06-29,52,7.305653846153845,12.0,3.5
IS,36,0.4444444444444444,-59.75,-41.75,42.921875,-37.325,0.919959812458138,-319.75,0.0,0.0,0.5833333333333334,0.0,18.27777777777778,0,0,21,0,36,0,2025-12-19,2026-06-04,L3_LONG_EXPAND_INV_HOLD_VWAP_T333,L3,LONG,EXPAND,1,1m_expand_break,,,,0.4166666666666667,0.05555555555555555,0.0,0.0,17.27777777777778,,0,0.4444444444444444,0.5555555555555556,99.25,2026-05-08,-63.5,2026-04-06,36,-1.6597222222222223,12.38888888888889,3.0
OOS,16,0.4375,236.8875,244.8875,102.62678571428572,-53.5,1.4919781931464176,-158.75,0.0625,0.0,0.6875,0.0,24.9375,0,0,11,0,16,0,2026-06-23,2026-08-25,L3_LONG_EXPAND_INV_HOLD_VWAP_T333,L3,LONG,EXPAND,1,1m_expand_break,,,,0.25,0.25,0.0625,0.0,23.9375,,0,0.4375,0.5625,165.25,2026-06-23,-112.5,2026-06-29,16,14.80546875,11.125,7.5
ALL,52,0.4423076923076923,177.1375,203.1375,61.0929347826087,-42.3448275862069,1.1442487785016286,-319.75,0.019230769230769232,0.0,0.6153846153846154,0.0,20.326923076923077,0,0,32,0,52,0,2025-12-19,2026-08-25,L3_LONG_EXPAND_INV_HOLD_VWAP_T333,L3,LONG,EXPAND,1,1m_expand_break,59.0,7.0,0.11864406779661017,0.36538461538461536,0.11538461538461539,0.019230769230769232,0.0,19.326923076923077,0.11864406779661019,7,0.4423076923076923,0.5576923076923077,165.25,2026-06-23,-112.5,2026-06-29,52,3.4064903846153842,12.0,3.5
IS,36,0.4444444444444444,-59.75,-41.75,42.921875,-37.325,0.919959812458138,-319.75,0.0,0.0,0.5833333333333334,0.0,18.27777777777778,0,0,21,0,36,0,2025-12-19,2026-06-04,L3_LONG_EXPAND_INV_HOLD_VWAP_T423,L3,LONG,EXPAND,1,1m_expand_break,,,,0.4166666666666667,0.05555555555555555,0.0,0.0,17.27777777777778,,0,0.4444444444444444,0.5555555555555556,99.25,2026-05-08,-63.5,2026-04-06,36,-1.6597222222222223,12.38888888888889,3.0
OOS,16,0.4375,312.2625,320.2625,113.39464285714287,-53.5,1.648520249221184,-158.75,0.0625,0.0,0.6875,0.0,27.375,0,0,11,0,16,0,2026-06-23,2026-08-25,L3_LONG_EXPAND_INV_HOLD_VWAP_T423,L3,LONG,EXPAND,1,1m_expand_break,,,,0.25,0.25,0.0625,0.0625,26.375,,0,0.4375,0.5625,237.5125,2026-08-13,-112.5,2026-06-29,16,19.51640625,11.125,7.5
ALL,52,0.4423076923076923,252.5125,278.5125,64.37010869565218,-42.3448275862069,1.205629071661238,-319.75,0.019230769230769232,0.0,0.6153846153846154,0.0,21.076923076923077,0,0,32,0,52,0,2025-12-19,2026-08-25,L3_LONG_EXPAND_INV_HOLD_VWAP_T423,L3,LONG,EXPAND,1,1m_expand_break,59.0,7.0,0.11864406779661017,0.36538461538461536,0.11538461538461539,0.019230769230769232,0.019230769230769232,20.076923076923077,0.11864406779661019,7,0.4423076923076923,0.5576923076923077,237.5125,2026-08-13,-112.5,2026-06-29,52,4.8560096153846155,12.0,3.5
IS,36,0.5,-24.88900000000001,-6.88900000000001,44.60338888888889,-45.986111111111114,0.9699317426759287,-309.928,0.05555555555555555,0.0,0.9444444444444444,0.0,22.72222222222222,0,0,34,0,36,0,2025-12-19,2026-06-04,L3_LONG_EXPAND_INV_RATCHET_HI_T2618,L3,LONG,EXPAND,1,1m_expand_break,,,,0.0,0.05555555555555555,0.0,0.0,0.0,,0,0.5,0.5,165.789,2026-05-08,-103.75,2026-02-17,36,-0.6913611111111114,12.38888888888889,3.0
OOS,16,0.4375,324.283,332.283,116.14757142857141,-54.30555555555556,1.66349462915601,-158.75,0.25,0.0,0.75,0.0,24.1875,0,0,12,0,16,0,2026-06-23,2026-08-25,L3_LONG_EXPAND_INV_RATCHET_HI_T2618,L3,LONG,EXPAND,1,1m_expand_break,,,,0.0,0.25,0.0,0.0,0.0,,0,0.4375,0.5625,224.467,2026-06-23,-112.5,2026-06-29,16,20.2676875,11.125,7.5
ALL,52,0.4807692307692308,299.39399999999995,325.39399999999995,64.63576,-48.75925925925926,1.2274166350170908,-309.928,0.11538461538461539,0.0,0.8846153846153846,0.0,23.173076923076923,0,0,46,0,52,0,2025-12-19,2026-08-25,L3_LONG_EXPAND_INV_RATCHET_HI_T2618,L3,LONG,EXPAND,1,1m_expand_break,59.0,7.0,0.11864406779661017,0.0,0.11538461538461539,0.0,0.0,0.0,0.11864406779661019,7,0.4807692307692308,0.5192307692307693,224.467,2026-06-23,-112.5,2026-06-29,52,5.757576923076922,12.0,3.5
IS,36,0.5,-133.0,-115.0,38.59722222222222,-45.986111111111114,0.8393234672304439,-351.5,0.0,0.0,1.0,0.0,23.22222222222222,0,0,36,0,36,0,2025-12-19,2026-06-04,L3_LONG_EXPAND_INV_RATCHET_HI_T333,L3,LONG,EXPAND,1,1m_expand_break,,,,0.0,0.05555555555555555,0.0,0.0,0.0,,0,0.5,0.5,99.25,2026-05-08,-103.75,2026-02-17,36,-3.6944444444444446,12.38888888888889,3.0
OOS,16,0.4375,229.6375,237.6375,102.62678571428572,-54.30555555555556,1.469846547314578,-158.75,0.0625,0.0,0.9375,0.0,25.625,0,0,15,0,16,0,2026-06-23,2026-08-25,L3_LONG_EXPAND_INV_RATCHET_HI_T333,L3,LONG,EXPAND,1,1m_expand_break,,,,0.0,0.25,0.0625,0.0,0.0,,0,0.4375,0.5625,165.25,2026-06-23,-112.5,2026-06-29,16,14.35234375,11.125,7.5
ALL,52,0.4807692307692308,96.63749999999999,122.63749999999999,56.5255,-48.75925925925926,1.0734048613748577,-351.5,0.019230769230769232,0.0,0.9807692307692307,0.0,23.96153846153846,0,0,51,0,52,0,2025-12-19,2026-08-25,L3_LONG_EXPAND_INV_RATCHET_HI_T333,L3,LONG,EXPAND,1,1m_expand_break,59.0,7.0,0.11864406779661017,0.0,0.11538461538461539,0.019230769230769232,0.0,0.0,0.11864406779661019,7,0.4807692307692308,0.5192307692307693,165.25,2026-06-23,-112.5,2026-06-29,52,1.8584134615384613,12.0,3.5
IS,36,0.5,-133.0,-115.0,38.59722222222222,-45.986111111111114,0.8393234672304439,-351.5,0.0,0.0,1.0,0.0,23.22222222222222,0,0,36,0,36,0,2025-12-19,2026-06-04,L3_LONG_EXPAND_INV_RATCHET_HI_T423,L3,LONG,EXPAND,1,1m_expand_break,,,,0.0,0.05555555555555555,0.0,0.0,0.0,,0,0.5,0.5,99.25,2026-05-08,-103.75,2026-02-17,36,-3.6944444444444446,12.38888888888889,3.0
OOS,16,0.4375,305.0125,313.0125,113.39464285714287,-54.30555555555556,1.624066496163683,-158.75,0.0625,0.0,0.9375,0.0,28.0625,0,0,15,0,16,0,2026-06-23,2026-08-25,L3_LONG_EXPAND_INV_RATCHET_HI_T423,L3,LONG,EXPAND,1,1m_expand_break,,,,0.0,0.25,0.0625,0.0625,0.0,,0,0.4375,0.5625,237.5125,2026-08-13,-112.5,2026-06-29,16,19.06328125,11.125,7.5
ALL,52,0.4807692307692308,172.0125,198.0125,59.5405,-48.75925925925926,1.1306589441701482,-351.5,0.019230769230769232,0.0,0.9807692307692307,0.0,24.71153846153846,0,0,51,0,52,0,2025-12-19,2026-08-25,L3_LONG_EXPAND_INV_RATCHET_HI_T423,L3,LONG,EXPAND,1,1m_expand_break,59.0,7.0,0.11864406779661017,0.0,0.11538461538461539,0.019230769230769232,0.019230769230769232,0.0,0.11864406779661019,7,0.4807692307692308,0.5192307692307693,237.5125,2026-08-13,-112.5,2026-06-29,52,3.307932692307692,12.0,3.5
IS,62,0.45161290322580644,572.5835,603.5835,66.87798214285715,-38.23529411764706,1.4404488461538463,-220.5,0.1774193548387097,0.0,0.4032258064516129,0.0,15.32258064516129,0,0,25,0,36,26,2025-12-17,2026-06-08,COMBINED_F3L5_EXPAND_INV_HOLD_VWAP_T2618,BOTH,COMBINED,EXPAND,1,1m_expand_break,,,,0.41935483870967744,0.1774193548387097,0.0,0.0,14.32258064516129,,0,0.45161290322580644,0.5483870967741935,165.789,2026-05-08,-81.75,2026-06-08,62,9.235217741935482,10.274193548387096,2.0
OOS,32,0.4375,703.1475,719.1475,112.04624999999999,-48.083333333333336,1.8124176776429808,-221.75,0.25,0.0,0.46875,0.0,18.4375,0,0,15,0,16,16,2026-06-18,2026-08-25,COMBINED_F3L5_EXPAND_INV_HOLD_VWAP_T2618,BOTH,COMBINED,EXPAND,1,1m_expand_break,,,,0.28125,0.25,0.0,0.0,17.4375,,0,0.4375,0.5625,236.554,2026-06-25,-112.5,2026-06-29,32,21.973359375,18.375,3.5
ALL,94,0.44680851063829785,1275.731,1322.7309999999998,81.93407142857143,-41.64423076923077,1.589116139459709,-221.75,0.20212765957446807,0.0,0.425531914893617,0.0,16.382978723404257,0,0,40,0,52,42,2025-12-17,2026-08-25,COMBINED_F3L5_EXPAND_INV_HOLD_VWAP_T2618,BOTH,COMBINED,EXPAND,1,1m_expand_break,109.0,14.0,0.12844036697247707,0.3723404255319149,0.20212765957446807,0.0,0.0,15.382978723404255,0.13761467889908252,15,0.44680851063829785,0.5531914893617021,236.554,2026-06-25,-112.5,2026-06-29,94,13.571606382978723,13.03191489361702,2.5
IS,62,0.43548387096774194,487.37750000000005,518.3775,66.76398148148148,-37.57857142857143,1.370558829119939,-220.5,0.08064516129032258,0.0,0.4838709677419355,0.0,16.93548387096774,0,0,30,0,36,26,2025-12-17,2026-06-08,COMBINED_F3L5_EXPAND_INV_HOLD_VWAP_T333,BOTH,COMBINED,EXPAND,1,1m_expand_break,,,,0.43548387096774194,0.1774193548387097,0.08064516129032258,0.0,15.935483870967742,,0,0.43548387096774194,0.5645161290322581,232.205,2026-02-03,-81.75,2026-06-08,62,7.86092741935484,10.274193548387096,2.0
OOS,32,0.4375,610.98,626.98,105.46285714285715,-48.083333333333336,1.7059272097053726,-245.0,0.09375,0.0,0.625,0.0,20.21875,0,0,20,0,16,16,2026-06-18,2026-08-25,COMBINED_F3L5_EXPAND_INV_HOLD_VWAP_T333,BOTH,COMBINED,EXPAND,1,1m_expand_break,,,,0.28125,0.25,0.09375,0.0,19.21875,,0,0.4375,0.5625,345.49,2026-06-25,-112.5,2026-06-29,32,19.093125,18.375,3.5
ALL,94,0.43617021276595747,1098.3575,1145.3575,79.97823170731708,-41.14622641509434,1.503660437922733,-245.0,0.0851063829787234,0.0,0.5319148936170213,0.0,18.0531914893617,0,0,50,0,52,42,2025-12-17,2026-08-25,COMBINED_F3L5_EXPAND_INV_HOLD_VWAP_T333,BOTH,COMBINED,EXPAND,1,1m_expand_break,109.0,14.0,0.12844036697247707,0.3829787234042553,0.20212765957446807,0.0851063829787234,0.0,17.0531914893617,0.13761467889908252,15,0.43617021276595747,0.5638297872340425,345.49,2026-06-25,-112.5,2026-06-29,94,11.684654255319149,13.03191489361702,2.5
IS,62,0.43548387096774194,584.9300000000001,615.9300000000001,70.37703703703704,-37.57857142857143,1.4447291389469683,-220.5,0.04838709677419355,0.0,0.4838709677419355,0.0,17.693548387096776,0,0,30,0,36,26,2025-12-17,2026-06-08,COMBINED_F3L5_EXPAND_INV_HOLD_VWAP_T423,BOTH,COMBINED,EXPAND,1,1m_expand_break,,,,0.46774193548387094,0.1774193548387097,0.08064516129032258,0.04838709677419355,16.693548387096776,,0,0.43548387096774194,0.5645161290322581,334.355,2026-02-03,-81.75,2026-06-08,62,9.434354838709679,10.274193548387096,2.0
OOS,32,0.4375,770.4525000000001,786.4525000000001,116.85375,-48.083333333333336,1.8901819757365685,-245.0,0.0625,0.0,0.65625,0.0,22.6875,0,0,21,0,16,16,2026-06-18,2026-08-25,COMBINED_F3L5_EXPAND_INV_HOLD_VWAP_T423,BOTH,COMBINED,EXPAND,1,1m_expand_break,,,,0.28125,0.25,0.09375,0.0625,21.6875,,0,0.4375,0.5625,483.19,2026-06-25,-112.5,2026-06-29,32,24.076640625000003,18.375,3.5
ALL,94,0.43617021276595747,1355.3825,1402.3825,86.24713414634147,-41.14622641509434,1.6215212656196263,-245.0,0.05319148936170213,0.0,0.5425531914893617,0.0,19.393617021276597,0,0,51,0,52,42,2025-12-17,2026-08-25,COMBINED_F3L5_EXPAND_INV_HOLD_VWAP_T423,BOTH,COMBINED,EXPAND,1,1m_expand_break,109.0,14.0,0.12844036697247707,0.40425531914893614,0.20212765957446807,0.0851063829787234,0.05319148936170213,18.393617021276597,0.13761467889908252,15,0.43617021276595747,0.5638297872340425,483.19,2026-06-25,-112.5,2026-06-29,94,14.418962765957446,13.03191489361702,2.5
IS,62,0.5161290322580645,498.2395,529.2395,63.51529687499999,-51.141666666666666,1.3247446635163758,-247.5,0.1935483870967742,0.0,0.8064516129032258,0.0,19.20967741935484,0,0,50,0,36,26,2025-12-17,2026-06-08,COMBINED_F3L5_EXPAND_INV_RATCHET_HI_T2618,BOTH,COMBINED,EXPAND,1,1m_expand_break,,,,0.0,0.1935483870967742,0.0,0.0,0.0,,0,0.5161290322580645,0.4838709677419355,165.789,2026-05-08,-122.0,2026-05-26,62,8.036120967741935,10.274193548387096,2.0
OOS,32,0.46875,995.7665,1011.7665,122.01776666666665,-49.088235294117645,2.1932492510485315,-147.0,0.28125,0.0,0.71875,0.0,21.53125,0,0,23,0,16,16,2026-06-18,2026-08-25,COMBINED_F3L5_EXPAND_INV_RATCHET_HI_T2618,BOTH,COMBINED,EXPAND,1,1m_expand_break,,,,0.0,0.28125,0.0,0.0,0.0,,0,0.46875,0.53125,261.619,2026-07-07,-112.5,2026-06-29,32,31.117703125,18.375,3.5
ALL,94,0.5,1494.0059999999999,1541.0059999999999,82.18629787234045,-50.398936170212764,1.6307149340369396,-247.5,0.22340425531914893,0.0,0.776595744680851,0.0,20.0,0,0,73,0,52,42,2025-12-17,2026-08-25,COMBINED_F3L5_EXPAND_INV_RATCHET_HI_T2618,BOTH,COMBINED,EXPAND,1,1m_expand_break,109.0,14.0,0.12844036697247707,0.0,0.22340425531914893,0.0,0.0,0.0,0.13761467889908252,15,0.5,0.5,261.619,2026-07-07,-122.0,2026-05-26,94,15.893680851063829,13.03191489361702,2.5
IS,62,0.5,386.6275,417.6275,62.64120967741935,-50.16935483870968,1.2485950811766595,-247.5,0.08064516129032258,0.0,0.9193548387096774,0.0,21.258064516129032,0,0,57,0,36,26,2025-12-17,2026-06-08,COMBINED_F3L5_EXPAND_INV_RATCHET_HI_T333,BOTH,COMBINED,EXPAND,1,1m_expand_break,,,,0.0,0.1935483870967742,0.08064516129032258,0.0,0.0,,0,0.5,0.5,232.205,2026-02-03,-122.0,2026-05-26,62,6.235927419354839,10.274193548387096,2.0
OOS,32,0.46875,867.98,883.98,113.49866666666667,-49.088235294117645,2.040119832234871,-147.0,0.09375,0.0,0.90625,0.0,23.59375,0,0,29,0,16,16,2026-06-18,2026-08-25,COMBINED_F3L5_EXPAND_INV_RATCHET_HI_T333,BOTH,COMBINED,EXPAND,1,1m_expand_break,,,,0.0,0.28125,0.09375,0.0,0.0,,0,0.46875,0.53125,345.49,2026-06-25,-112.5,2026-06-29,32,27.124375,18.375,3.5
ALL,94,0.48936170212765956,1254.6075,1301.6075,79.22516304347826,-49.786458333333336,1.524995292394602,-247.5,0.0851063829787234,0.0,0.9148936170212766,0.0,22.0531914893617,0,0,86,0,52,42,2025-12-17,2026-08-25,COMBINED_F3L5_EXPAND_INV_RATCHET_HI_T333,BOTH,COMBINED,EXPAND,1,1m_expand_break,109.0,14.0,0.12844036697247707,0.0,0.22340425531914893,0.0851063829787234,0.0,0.0,0.13761467889908252,15,0.48936170212765956,0.5106382978723404,345.49,2026-06-25,-122.0,2026-05-26,94,13.346888297872342,13.03191489361702,2.5
IS,62,0.5,504.43000000000006,535.4300000000001,66.44129032258066,-50.16935483870968,1.3243401382414404,-247.5,0.04838709677419355,0.0,0.9516129032258065,0.0,22.112903225806452,0,0,59,0,36,26,2025-12-17,2026-06-08,COMBINED_F3L5_EXPAND_INV_RATCHET_HI_T423,BOTH,COMBINED,EXPAND,1,1m_expand_break,,,,0.0,0.1935483870967742,0.08064516129032258,0.04838709677419355,0.0,,0,0.5,0.5,334.355,2026-02-03,-122.0,2026-05-26,62,8.135967741935485,10.274193548387096,2.0
OOS,32,0.46875,1027.4525,1043.4525,124.13016666666667,-49.088235294117645,2.2312192929898145,-147.0,0.0625,0.0,0.9375,0.0,26.0625,0,0,30,0,16,16,2026-06-18,2026-08-25,COMBINED_F3L5_EXPAND_INV_RATCHET_HI_T423,BOTH,COMBINED,EXPAND,1,1m_expand_break,,,,0.0,0.28125,0.09375,0.0625,0.0,,0,0.46875,0.53125,483.19,2026-06-25,-112.5,2026-06-29,32,32.107890625,18.375,3.5
ALL,94,0.48936170212765956,1531.8825,1578.8825,85.2528804347826,-49.786458333333336,1.641022073438644,-247.5,0.05319148936170213,0.0,0.9468085106382979,0.0,23.45744680851064,0,0,89,0,52,42,2025-12-17,2026-08-25,COMBINED_F3L5_EXPAND_INV_RATCHET_HI_T423,BOTH,COMBINED,EXPAND,1,1m_expand_break,109.0,14.0,0.12844036697247707,0.0,0.22340425531914893,0.0851063829787234,0.05319148936170213,0.0,0.13761467889908252,15,0.48936170212765956,0.5106382978723404,483.19,2026-06-25,-122.0,2026-05-26,94,16.296622340425532,13.03191489361702,2.5
IS,75,0.32,-165.63249999999996,-128.13249999999996,83.57781250000001,-42.57843137254902,0.9237243840663136,-865.5,0.05333333333333334,0.013333333333333334,0.4266666666666667,0.0,15.4,0,1,32,0,0,75,2025-12-17,2026-06-08,ALL_SHORT_EXPAND_INV_HOLD_VWAP_T423,ALL_SHORT,SHORT,EXPAND,1,1m_expand_break,,,,0.5066666666666667,0.18666666666666668,0.12,0.05333333333333334,14.4,,0,0.32,0.68,334.355,2026-02-03,-92.75,2026-06-04,75,-2.208433333333333,11.28,5.0
OOS,35,0.45714285714285713,930.8025,948.3025,118.95640625,-51.18421052631579,1.9571233933161953,-314.0,0.05714285714285714,0.0,0.6285714285714286,0.0,19.0,0,0,22,0,0,35,2026-06-12,2026-08-25,ALL_SHORT_EXPAND_INV_HOLD_VWAP_T423,ALL_SHORT,SHORT,EXPAND,1,1m_expand_break,,,,0.3142857142857143,0.22857142857142856,0.14285714285714285,0.05714285714285714,18.0,,0,0.45714285714285713,0.5428571428571428,483.19,2026-06-25,-91.75,2026-06-24,35,26.59435714285714,21.428571428571427,6.0
ALL,110,0.36363636363636365,765.1700000000002,820.1700000000002,97.72925000000001,-44.91428571428571,1.2433746819338423,-1010.5,0.05454545454545454,0.00909090909090909,0.4909090909090909,0.0,16.545454545454547,0,1,54,0,0,110,2025-12-17,2026-08-25,ALL_SHORT_EXPAND_INV_HOLD_VWAP_T423,ALL_SHORT,SHORT,EXPAND,1,1m_expand_break,172.0,61.0,0.3546511627906977,0.44545454545454544,0.2,0.12727272727272726,0.05454545454545454,15.545454545454545,0.36046511627906974,62,0.36363636363636365,0.6363636363636364,483.19,2026-06-25,-92.75,2026-06-04,110,6.956090909090911,14.50909090909091,5.0
IS,75,0.4266666666666667,-269.5,-232.0,44.4921875,-39.377906976744185,0.8408386239480289,-502.0,0.0,0.0,0.6,0.0,17.85333333333333,0,0,45,0,75,0,2025-12-16,2026-06-10,ALL_LONG_EXPAND_INV_HOLD_VWAP_T423,ALL_LONG,LONG,EXPAND,1,1m_expand_break,,,,0.4,0.09333333333333334,0.0,0.0,16.85333333333333,,0,0.4266666666666667,0.5733333333333334,129.0,2026-05-26,-98.25,2026-05-19,75,-3.5933333333333333,12.106666666666667,5.0
OOS,31,0.45161290322580644,881.625,897.125,118.00892857142857,-45.3235294117647,2.144224529526282,-170.75,0.06451612903225806,0.0,0.6451612903225806,0.0,24.64516129032258,0,0,20,0,31,0,2026-06-11,2026-08-25,ALL_LONG_EXPAND_INV_HOLD_VWAP_T423,ALL_LONG,LONG,EXPAND,1,1m_expand_break,,,,0.2903225806451613,0.22580645161290322,0.0967741935483871,0.06451612903225806,23.64516129032258,,0,0.45161290322580644,0.5483870967741935,329.0,2026-08-03,-112.5,2026-06-29,31,28.43951612903226,16.35483870967742,8.0
ALL,106,0.4339622641509434,612.125,665.125,66.86684782608695,-41.0625,1.2484525621511924,-502.0,0.018867924528301886,0.0,0.6132075471698113,0.0,19.839622641509433,0,0,65,0,106,0,2025-12-16,2026-08-25,ALL_LONG_EXPAND_INV_HOLD_VWAP_T423,ALL_LONG,LONG,EXPAND,1,1m_expand_break,172.0,65.0,0.37790697674418605,0.36792452830188677,0.1320754716981132,0.02830188679245283,0.018867924528301886,18.839622641509433,0.38372093023255816,66,0.4339622641509434,0.5660377358490566,329.0,2026-08-03,-112.5,2026-06-29,106,5.774764150943396,13.349056603773585,6.0
IS,75,0.37333333333333335,-773.6324999999999,-736.1324999999999,81.62026785714286,-65.08510638297872,0.7470962732919255,-1223.0,0.05333333333333334,0.08,0.8666666666666667,0.0,19.933333333333334,0,6,65,0,0,75,2025-12-17,2026-06-08,ALL_SHORT_EXPAND_INV_RATCHET_HI_T423,ALL_SHORT,SHORT,EXPAND,1,1m_expand_break,,,,0.0,0.22666666666666666,0.12,0.05333333333333334,0.0,,0,0.37333333333333335,0.6266666666666667,334.355,2026-02-03,-128.0,2026-04-06,75,-10.3151,11.28,5.0
OOS,35,0.4857142857142857,1012.3025,1029.8025,125.2530882352941,-62.05555555555556,1.9062690241718887,-256.25,0.05714285714285714,0.05714285714285714,0.8857142857142857,0.0,22.228571428571428,0,2,31,0,0,35,2026-06-12,2026-08-25,ALL_SHORT_EXPAND_INV_RATCHET_HI_T423,ALL_SHORT,SHORT,EXPAND,1,1m_expand_break,,,,0.0,0.2571428571428571,0.14285714285714285,0.05714285714285714,0.0,,0,0.4857142857142857,0.5142857142857142,483.19,2026-06-25,-138.5,2026-06-24,35,28.92292857142857,21.428571428571427,6.0
ALL,110,0.4090909090909091,238.67000000000013,293.67000000000013,98.10377777777778,-64.24615384615385,1.0571527777777778,-1432.75,0.05454545454545454,0.07272727272727272,0.8727272727272727,0.0,20.663636363636364,0,8,96,0,0,110,2025-12-17,2026-08-25,ALL_SHORT_EXPAND_INV_RATCHET_HI_T423,ALL_SHORT,SHORT,EXPAND,1,1m_expand_break,172.0,61.0,0.3546511627906977,0.0,0.23636363636363636,0.12727272727272726,0.05454545454545454,0.0,0.36046511627906974,62,0.4090909090909091,0.5909090909090909,483.19,2026-06-25,-138.5,2026-06-24,110,2.169727272727274,14.50909090909091,5.0
IS,75,0.49333333333333335,-164.75,-127.25,44.358108108108105,-47.526315789473685,0.9087763012181617,-589.75,0.0,0.02666666666666667,0.9733333333333334,0.0,22.133333333333333,0,2,73,0,75,0,2025-12-16,2026-06-10,ALL_LONG_EXPAND_INV_RATCHET_HI_T423,ALL_LONG,LONG,EXPAND,1,1m_expand_break,,,,0.0,0.10666666666666667,0.013333333333333334,0.0,0.0,,0,0.49333333333333335,0.5066666666666667,173.25,2026-02-18,-139.5,2026-03-03,75,-2.1966666666666668,12.106666666666667,5.0
OOS,31,0.4838709677419355,925.125,940.625,110.375,-45.65625,2.2664271047227924,-260.0,0.06451612903225806,0.0,0.9354838709677419,0.0,27.741935483870968,0,0,29,0,31,0,2026-06-11,2026-08-25,ALL_LONG_EXPAND_INV_RATCHET_HI_T423,ALL_LONG,LONG,EXPAND,1,1m_expand_break,,,,0.0,0.22580645161290322,0.0967741935483871,0.06451612903225806,0.0,,0,0.4838709677419355,0.5161290322580645,329.0,2026-08-03,-112.5,2026-06-29,31,29.842741935483872,16.35483870967742,8.0
ALL,106,0.49056603773584906,760.375,813.375,63.40144230769231,-46.97222222222222,1.2997733096786912,-589.75,0.018867924528301886,0.018867924528301886,0.9622641509433962,0.0,23.77358490566038,0,2,102,0,106,0,2025-12-16,2026-08-25,ALL_LONG_EXPAND_INV_RATCHET_HI_T423,ALL_LONG,LONG,EXPAND,1,1m_expand_break,172.0,65.0,0.37790697674418605,0.0,0.14150943396226415,0.03773584905660377,0.018867924528301886,0.0,0.38372093023255816,66,0.49056603773584906,0.5094339622641509,329.0,2026-08-03,-139.5,2026-03-03,106,7.173349056603773,13.349056603773585,6.0
IS,9,0.7777777777777778,229.75,234.25,46.0,-46.125,3.4905149051490514,-63.75,0.0,0.0,0.7777777777777778,0.0,27.11111111111111,0,0,7,0,9,0,2025-12-19,2026-05-11,L3p8_LONG_EXPAND_INV_HOLD_VWAP_T423,L3,LONG,EXPAND,1,1m_expand_break,,,,0.2222222222222222,0.1111111111111111,0.0,0.0,26.11111111111111,,0,0.7777777777777778,0.2222222222222222,99.25,2026-05-08,-56.75,2026-01-20,9,25.52777777777778,20.666666666666668,5.0
OOS,5,0.4,-15.5,-13.0,59.0,-44.5,0.8838951310861424,-41.25,0.0,0.0,0.8,0.0,21.2,0,0,4,0,5,0,2026-07-02,2026-08-25,L3p8_LONG_EXPAND_INV_HOLD_VWAP_T423,L3,LONG,EXPAND,1,1m_expand_break,,,,0.2,0.2,0.0,0.0,20.2,,0,0.4,0.6,100.25,2026-08-04,-51.5,2026-07-02,5,-3.1,8.8,11.0
ALL,14,0.6428571428571429,214.25,221.25,48.888888888888886,-45.15,1.9490586932447398,-92.75,0.0,0.0,0.7857142857142857,0.0,25.0,0,0,11,0,14,0,2025-12-19,2026-08-25,L3p8_LONG_EXPAND_INV_HOLD_VWAP_T423,L3,LONG,EXPAND,1,1m_expand_break,14.0,0.0,0.0,0.21428571428571427,0.14285714285714285,0.0,0.0,24.0,0.0,0,0.6428571428571429,0.35714285714285715,100.25,2026-08-04,-56.75,2026-01-20,14,15.303571428571429,16.428571428571427,6.5
IS,9,0.7777777777777778,233.25,237.75,46.0,-44.375,3.628169014084507,-72.75,0.0,0.0,1.0,0.0,29.444444444444443,0,0,9,0,9,0,2025-12-19,2026-05-11,L3p8_LONG_EXPAND_INV_RATCHET_HI_T423,L3,LONG,EXPAND,1,1m_expand_break,,,,0.0,0.1111111111111111,0.0,0.0,0.0,,0,0.7777777777777778,0.2222222222222222,99.25,2026-05-08,-72.75,2026-01-20,9,25.916666666666668,20.666666666666668,5.0
OOS,5,0.4,-41.5,-39.0,59.0,-53.166666666666664,0.7398119122257053,-66.75,0.0,0.0,1.0,0.0,21.4,0,0,5,0,5,0,2026-07-02,2026-08-25,L3p8_LONG_EXPAND_INV_RATCHET_HI_T423,L3,LONG,EXPAND,1,1m_expand_break,,,,0.0,0.2,0.0,0.0,0.0,,0,0.4,0.6,100.25,2026-08-04,-66.75,2026-08-25,5,-8.3,8.8,11.0
ALL,14,0.6428571428571429,191.75,198.75,48.888888888888886,-49.65,1.7724068479355488,-92.75,0.0,0.0,1.0,0.0,26.571428571428573,0,0,14,0,14,0,2025-12-19,2026-08-25,L3p8_LONG_EXPAND_INV_RATCHET_HI_T423,L3,LONG,EXPAND,1,1m_expand_break,14.0,0.0,0.0,0.0,0.14285714285714285,0.0,0.0,0.0,0.0,0,0.6428571428571429,0.35714285714285715,100.25,2026-08-04,-72.75,2026-01-20,14,13.696428571428571,16.428571428571427,6.5
